eixo;altura_m;cota_NA_m;area_alagada_km2;volume_hm3;metodo;fonte
E01;10,0;82,5;0,61;2,6;PCHIP monotônica entre pontos MDE de 5 m;01_dados/cav/cav_todos.csv
E01;11,0;83,5;0,6624114285714287;3,2315636363636364;PCHIP monotônica entre pontos MDE de 5 m;01_dados/cav/cav_todos.csv
E01;12,0;84,5;0,7156342857142858;3,9226909090909095;PCHIP monotônica entre pontos MDE de 5 m;01_dados/cav/cav_todos.csv
E01;13,0;85,5;0,7696514285714285;4,668036363636364;PCHIP monotônica entre pontos MDE de 5 m;01_dados/cav/cav_todos.csv
E01;14,0;86,5;0,8244457142857143;5,462254545454546;PCHIP monotônica entre pontos MDE de 5 m;01_dados/cav/cav_todos.csv
E01;15,0;87,5;0,88;6,3;PCHIP monotônica entre pontos MDE de 5 m;01_dados/cav/cav_todos.csv
E01;16,0;88,5;0,9338791049913941;7,188282039911308;PCHIP monotônica entre pontos MDE de 5 m;01_dados/cav/cav_todos.csv
E01;17,0;89,5;0,9861230292598969;8,139573392461196;PCHIP monotônica entre pontos MDE de 5 m;01_dados/cav/cav_todos.csv
E01;18,0;90,5;1,0404274010327021;9,156723725055432;PCHIP monotônica entre pontos MDE de 5 m;01_dados/cav/cav_todos.csv
E01;19,0;91,5;1,1004878485370053;10,242582705099778;PCHIP monotônica entre pontos MDE de 5 m;01_dados/cav/cav_todos.csv
E01;20,0;92,5;1,17;11,4;PCHIP monotônica entre pontos MDE de 5 m;01_dados/cav/cav_todos.csv
E01;21,0;93,5;1,2589439881976885;12,649739372822301;PCHIP monotônica entre pontos MDE de 5 m;01_dados/cav/cav_todos.csv
E01;22,0;94,5;1,3678681091713794;14,004242508710801;PCHIP monotônica entre pontos MDE de 5 m;01_dados/cav/cav_todos.csv
E01;23,0;95,5;1,4863202360462258;15,453875958188156;PCHIP monotônica entre pontos MDE de 5 m;01_dados/cav/cav_todos.csv
E01;24,0;96,5;1,6038482419473814;16,989006271777008;PCHIP monotônica entre pontos MDE de 5 m;01_dados/cav/cav_todos.csv
E01;25,0;97,5;1,71;18,6;PCHIP monotônica entre pontos MDE de 5 m;01_dados/cav/cav_todos.csv
E01;26,0;98,5;1,8006318945277227;20,30294362934363;PCHIP monotônica entre pontos MDE de 5 m;01_dados/cav/cav_todos.csv
E01;27,0;99,5;1,883120173379086;22,117973745173746;PCHIP monotônica entre pontos MDE de 5 m;01_dados/cav/cav_todos.csv
E01;28,0;100,5;1,9642925049665885;24,041532046332044;PCHIP monotônica entre pontos MDE de 5 m;01_dados/cav/cav_todos.csv
E01;29,0;101,5;2,050976557702727;26,070060231660232;PCHIP monotônica entre pontos MDE de 5 m;01_dados/cav/cav_todos.csv
E01;30,0;102,5;2,15;28,2;PCHIP monotônica entre pontos MDE de 5 m;01_dados/cav/cav_todos.csv
E01;31,0;103,5;2,2705630341340077;30,45788726960176;PCHIP monotônica entre pontos MDE de 5 m;01_dados/cav/cav_todos.csv
E01;32,0;104,5;2,4103262705436155;32,86231045745392;PCHIP monotônica entre pontos MDE de 5 m;01_dados/cav/cav_todos.csv
E01;33,0;105,5;2,55880798988622;35,397790010505204;PCHIP monotônica entre pontos MDE de 5 m;01_dados/cav/cav_todos.csv
E01;34,0;106,5;2,7055264728192157;38,04884637570432;PCHIP monotônica entre pontos MDE de 5 m;01_dados/cav/cav_todos.csv
E01;35,0;107,5;2,84;40,8;PCHIP monotônica entre pontos MDE de 5 m;01_dados/cav/cav_todos.csv
E01;36,0;108,5;2,9604808791208796;43,678734974066494;PCHIP monotônica entre pontos MDE de 5 m;01_dados/cav/cav_todos.csv
E01;37,0;109,5;3,074414065934066;46,70895403880727;PCHIP monotônica entre pontos MDE de 5 m;01_dados/cav/cav_todos.csv
E01;38,0;110,5;3,1851068131868137;49,86980561651479;PCHIP monotônica entre pontos MDE de 5 m;01_dados/cav/cav_todos.csv
E01;39,0;111,5;3,295866373626374;53,14043812948154;PCHIP monotônica entre pontos MDE de 5 m;01_dados/cav/cav_todos.csv
E01;40,0;112,5;3,41;56,5;PCHIP monotônica entre pontos MDE de 5 m;01_dados/cav/cav_todos.csv
E01;41,0;113,5;3,5281921137685845;59,96172865497076;PCHIP monotônica entre pontos MDE de 5 m;01_dados/cav/cav_todos.csv
E01;42,0;114,5;3,6482686489980605;63,54869473684211;PCHIP monotônica entre pontos MDE de 5 m;01_dados/cav/cav_todos.csv
E01;43,0;115,5;3,769249127343245;67,25479649122806;PCHIP monotônica entre pontos MDE de 5 m;01_dados/cav/cav_todos.csv
E01;44,0;116,5;3,8901530704589526;71,07393216374268;PCHIP monotônica entre pontos MDE de 5 m;01_dados/cav/cav_todos.csv
E01;45,0;117,5;4,01;75,0;PCHIP monotônica entre pontos MDE de 5 m;01_dados/cav/cav_todos.csv
E01;46,0;118,5;4,1271596218487385;79,04456328293736;PCHIP monotônica entre pontos MDE de 5 m;01_dados/cav/cav_todos.csv
E01;47,0;119,5;4,242288949579831;83,2206898488121;PCHIP monotônica entre pontos MDE de 5 m;01_dados/cav/cav_todos.csv
E01;48,0;120,5;4,357838466386554;87,52453477321815;PCHIP monotônica entre pontos MDE de 5 m;01_dados/cav/cav_todos.csv
E01;49,0;121,5;4,476258655462185;91,95225313174946;PCHIP monotônica entre pontos MDE de 5 m;01_dados/cav/cav_todos.csv
E01;50,0;122,5;4,6;96,5;PCHIP monotônica entre pontos MDE de 5 m;01_dados/cav/cav_todos.csv
E01;51,0;123,5;4,731759104477612;101,18564989855358;PCHIP monotônica entre pontos MDE de 5 m;01_dados/cav/cav_todos.csv
E01;52,0;124,5;4,870214813432836;106,02117431769095;PCHIP monotônica entre pontos MDE de 5 m;01_dados/cav/cav_todos.csv
E01;53,0;125,5;5,011790970149254;110,99387378755155;PCHIP monotônica entre pontos MDE de 5 m;01_dados/cav/cav_todos.csv
E01;54,0;126,5;5,152911417910448;116,09104883827476;PCHIP monotônica entre pontos MDE de 5 m;01_dados/cav/cav_todos.csv
E01;55,0;127,5;5,29;121,3;PCHIP monotônica entre pontos MDE de 5 m;01_dados/cav/cav_todos.csv
E01;56,0;128,5;5,420860887054092;126,63008199643494;PCHIP monotônica entre pontos MDE de 5 m;01_dados/cav/cav_todos.csv
E01;57,0;129,5;5,547925944744364;132,09751871657753;PCHIP monotônica entre pontos MDE de 5 m;01_dados/cav/cav_todos.csv
E01;58,0;130,5;5,674560558907591;137,69991443850267;PCHIP monotônica entre pontos MDE de 5 m;01_dados/cav/cav_todos.csv
E01;59,0;131,5;5,804130115380545;143,4348734402852;PCHIP monotônica entre pontos MDE de 5 m;01_dados/cav/cav_todos.csv
E01;60,0;132,5;5,94;149,3;PCHIP monotônica entre pontos MDE de 5 m;01_dados/cav/cav_todos.csv
E01;61,0;133,5;6,082631267946723;155,30123187516438;PCHIP monotônica entre pontos MDE de 5 m;01_dados/cav/cav_todos.csv
E01;62,0;134,5;6,230123591074209;161,44840150784606;PCHIP monotônica entre pontos MDE de 5 m;01_dados/cav/cav_todos.csv
E01;63,0;135,5;6,382300280228334;167,7449552029456;PCHIP monotônica entre pontos MDE de 5 m;01_dados/cav/cav_todos.csv
E01;64,0;136,5;6,538984646254974;174,1943392653634;PCHIP monotônica entre pontos MDE de 5 m;01_dados/cav/cav_todos.csv
E01;65,0;137,5;6,7;180,8;PCHIP monotônica entre pontos MDE de 5 m;01_dados/cav/cav_todos.csv
E01;66,0;138,5;6,867132271002712;187,57243310775476;PCHIP monotônica entre pontos MDE de 5 m;01_dados/cav/cav_todos.csv
E01;67,0;139,5;7,040850471544716;194,51936191640877;PCHIP monotônica entre pontos MDE de 5 m;01_dados/cav/cav_todos.csv
E01;68,0;140,5;7,219002536585366;201,64007417118546;PCHIP monotônica entre pontos MDE de 5 m;01_dados/cav/cav_todos.csv
E01;69,0;141,5;7,399436401084011;208,93385761730812;PCHIP monotônica entre pontos MDE de 5 m;01_dados/cav/cav_todos.csv
E01;70,0;142,5;7,58;216,4;PCHIP monotônica entre pontos MDE de 5 m;01_dados/cav/cav_todos.csv
E01;71,0;143,5;7,761383111111112;224,05668726843172;PCHIP monotônica entre pontos MDE de 5 m;01_dados/cav/cav_todos.csv
E01;72,0;144,5;7,945056;231,91556048603383;PCHIP monotônica entre pontos MDE de 5 m;01_dados/cav/cav_todos.csv
E01;73,0;145,5;8,130037333333334;239,96609006942012;PCHIP monotônica entre pontos MDE de 5 m;01_dados/cav/cav_todos.csv
E01;74,0;146,5;8,315345777777777;248,19774643520432;PCHIP monotônica entre pontos MDE de 5 m;01_dados/cav/cav_todos.csv
E01;75,0;147,5;8,5;256,6;PCHIP monotônica entre pontos MDE de 5 m;01_dados/cav/cav_todos.csv
E01;76,0;148,5;8,683373617021276;265,1940229170847;PCHIP monotônica entre pontos MDE de 5 m;01_dados/cav/cav_todos.csv
E01;77,0;149,5;8,86612085106383;273,9972179874466;PCHIP monotônica entre pontos MDE de 5 m;01_dados/cav/cav_todos.csv
E01;78,0;150,5;9,049181276595744;282,9934015992663;PCHIP monotônica entre pontos MDE de 5 m;01_dados/cav/cav_todos.csv
E01;79,0;151,5;9,233494468085107;292,166390140724;PCHIP monotônica entre pontos MDE de 5 m;01_dados/cav/cav_todos.csv
E01;80,0;152,5;9,42;301,5;PCHIP monotônica entre pontos MDE de 5 m;01_dados/cav/cav_todos.csv
E01;81,0;153,5;9,609873150962514;311,0035611600884;PCHIP monotônica entre pontos MDE de 5 m;01_dados/cav/cav_todos.csv
E01;82,0;154,5;9,802521580547113;320,6964523031708;PCHIP monotônica entre pontos MDE de 5 m;01_dados/cav/cav_todos.csv
E01;83,0;155,5;9,996233434650456;330,57756286620906;PCHIP monotônica entre pontos MDE de 5 m;01_dados/cav/cav_todos.csv
E01;84,0;156,5;10,1892968591692;340,6457822861648;PCHIP monotônica entre pontos MDE de 5 m;01_dados/cav/cav_todos.csv
E01;85,0;157,5;10,38;350,9;PCHIP monotônica entre pontos MDE de 5 m;01_dados/cav/cav_todos.csv
E01;86,0;158,5;10,56666230731468;361,3565665403846;PCHIP monotônica entre pontos MDE de 5 m;01_dados/cav/cav_todos.csv
E01;87,0;159,5;10,75044406480118;372,0254836134393;PCHIP monotônica entre pontos MDE de 5 m;01_dados/cav/cav_todos.csv
E01;88,0;160,5;10,933894668630339;382,8961174163017;PCHIP monotônica entre pontos MDE de 5 m;01_dados/cav/cav_todos.csv
E01;89,0;161,5;11,119563514973;393,95783414610935;PCHIP monotônica entre pontos MDE de 5 m;01_dados/cav/cav_todos.csv
E01;90,0;162,5;11,31;405,2;PCHIP monotônica entre pontos MDE de 5 m;01_dados/cav/cav_todos.csv
E01;91,0;163,5;11,506668865979382;416,63610281267177;PCHIP monotônica entre pontos MDE de 5 m;01_dados/cav/cav_todos.csv
E01;92,0;164,5;11,708002474226806;428,2816934600419;PCHIP monotônica entre pontos MDE de 5 m;01_dados/cav/cav_todos.csv
E01;93,0;165,5;11,912001649484537;440,129232701076;PCHIP monotônica entre pontos MDE de 5 m;01_dados/cav/cav_todos.csv
E01;94,0;166,5;12,116667216494845;452,17118129474005;PCHIP monotônica entre pontos MDE de 5 m;01_dados/cav/cav_todos.csv
E01;95,0;167,5;12,32;464,4;PCHIP monotônica entre pontos MDE de 5 m;01_dados/cav/cav_todos.csv
E01;96,0;168,5;12,523160205128203;476,833001603224;PCHIP monotônica entre pontos MDE de 5 m;01_dados/cav/cav_todos.csv
E01;97,0;169,5;12,727480615384616;489,48331599281613;PCHIP monotônica entre pontos MDE de 5 m;01_dados/cav/cav_todos.csv
E01;98,0;170,5;12,931220923076925;502,33712958079633;PCHIP monotônica entre pontos MDE de 5 m;01_dados/cav/cav_todos.csv
E01;99,0;171,5;13,132640820512822;515,3806287791843;PCHIP monotônica entre pontos MDE de 5 m;01_dados/cav/cav_todos.csv
E01;100,0;172,5;13,33;528,6;PCHIP monotônica entre pontos MDE de 5 m;01_dados/cav/cav_todos.csv
E01;101,0;173,5;13,511943151612616;541,9853305613306;PCHIP monotônica entre pontos MDE de 5 m;01_dados/cav/cav_todos.csv
E01;102,0;174,5;13,679730993299383;555,5527484407484;PCHIP monotônica entre pontos MDE de 5 m;01_dados/cav/cav_todos.csv
E01;103,0;175,5;13,850547259179844;569,3275010395012;PCHIP monotônica entre pontos MDE de 5 m;01_dados/cav/cav_todos.csv
E01;104,0;176,5;14,041575683373537;583,3348357588359;PCHIP monotônica entre pontos MDE de 5 m;01_dados/cav/cav_todos.csv
E01;105,0;177,5;14,27;597,6;PCHIP monotônica entre pontos MDE de 5 m;01_dados/cav/cav_todos.csv
E01;106,0;178,5;14,586174143860717;612,1075989334837;PCHIP monotônica entre pontos MDE de 5 m;01_dados/cav/cav_todos.csv
E01;107,0;179,5;14,992302222522918;626,8518030374572;PCHIP monotônica entre pontos MDE de 5 m;01_dados/cav/cav_todos.csv
E01;108,0;180,5;15,433343229254762;641,872207674689;PCHIP monotônica entre pontos MDE de 5 m;01_dados/cav/cav_todos.csv
E01;109,0;181,5;15,854256157324402;657,2084082079471;PCHIP monotônica entre pontos MDE de 5 m;01_dados/cav/cav_todos.csv
E01;110,0;182,5;16,2;672,9;PCHIP monotônica entre pontos MDE de 5 m;01_dados/cav/cav_todos.csv
E01;111,0;183,5;16,469160563190854;689,0245837065661;PCHIP monotônica entre pontos MDE de 5 m;01_dados/cav/cav_todos.csv
E01;112,0;184,5;16,70610693229101;705,5747680688505;PCHIP monotônica entre pontos MDE de 5 m;01_dados/cav/cav_todos.csv
E01;113,0;185,5;16,924473019795737;722,4626605778519;PCHIP monotônica entre pontos MDE de 5 m;01_dados/cav/cav_todos.csv
E01;114,0;186,5;17,13789273820031;739,6003687245689;PCHIP monotônica entre pontos MDE de 5 m;01_dados/cav/cav_todos.csv
E01;115,0;187,5;17,36;756,9;PCHIP monotônica entre pontos MDE de 5 m;01_dados/cav/cav_todos.csv
E01;116,0;188,5;17,590797229437232;774,3720290155442;PCHIP monotônica entre pontos MDE de 5 m;01_dados/cav/cav_todos.csv
E01;117,0;189,5;17,821196883116887;792,082532642487;PCHIP monotônica entre pontos MDE de 5 m;01_dados/cav/cav_todos.csv
E01;118,0;190,5;18,05119792207792;810,027021761658;PCHIP monotônica entre pontos MDE de 5 m;01_dados/cav/cav_todos.csv
E01;119,0;191,5;18,280799307359306;828,2010072538859;PCHIP monotônica entre pontos MDE de 5 m;01_dados/cav/cav_todos.csv
E01;120,0;192,5;18,51;846,6;PCHIP monotônica entre pontos MDE de 5 m;01_dados/cav/cav_todos.csv
E02;10,0;303,0;1,31;8,2;PCHIP monotônica entre pontos MDE de 5 m;01_dados/cav/cav_todos.csv
E02;11,0;304,0;1,3647111111111114;9,563720930232558;PCHIP monotônica entre pontos MDE de 5 m;01_dados/cav/cav_todos.csv
E02;12,0;305,0;1,4281333333333335;11,011162790697675;PCHIP monotônica entre pontos MDE de 5 m;01_dados/cav/cav_todos.csv
E02;13,0;306,0;1,4992;12,536744186046514;PCHIP monotônica entre pontos MDE de 5 m;01_dados/cav/cav_todos.csv
E02;14,0;307,0;1,5768444444444447;14,134883720930233;PCHIP monotônica entre pontos MDE de 5 m;01_dados/cav/cav_todos.csv
E02;15,0;308,0;1,66;15,8;PCHIP monotônica entre pontos MDE de 5 m;01_dados/cav/cav_todos.csv
E02;16,0;309,0;1,7543555555555554;17,538018097251587;PCHIP monotônica entre pontos MDE de 5 m;01_dados/cav/cav_todos.csv
E02;17,0;310,0;1,8623999999999998;19,36196126849894;PCHIP monotônica entre pontos MDE de 5 m;01_dados/cav/cav_todos.csv
E02;18,0;311,0;1,9782666666666666;21,27689539112051;PCHIP monotônica entre pontos MDE de 5 m;01_dados/cav/cav_todos.csv
E02;19,0;312,0;2,096088888888889;23,287886342494712;PCHIP monotônica entre pontos MDE de 5 m;01_dados/cav/cav_todos.csv
E02;20,0;313,0;2,21;25,4;PCHIP monotônica entre pontos MDE de 5 m;01_dados/cav/cav_todos.csv
E02;21,0;314,0;2,319382456140351;27,63645048900558;PCHIP monotônica entre pontos MDE de 5 m;01_dados/cav/cav_todos.csv
E02;22,0;315,0;2,428147368421053;30,00811510338037;PCHIP monotônica entre pontos MDE de 5 m;01_dados/cav/cav_todos.csv
E02;23,0;316,0;2,5372210526315793;32,50155447325238;PCHIP monotônica entre pontos MDE de 5 m;01_dados/cav/cav_todos.csv
E02;24,0;317,0;2,647529824561403;35,10332922874958;PCHIP monotônica entre pontos MDE de 5 m;01_dados/cav/cav_todos.csv
E02;25,0;318,0;2,76;37,8;PCHIP monotônica entre pontos MDE de 5 m;01_dados/cav/cav_todos.csv
E02;26,0;319,0;2,8745826957638;40,6086162903467;PCHIP monotônica entre pontos MDE de 5 m;01_dados/cav/cav_todos.csv
E02;27,0;320,0;2,990716508344031;43,55028208403648;PCHIP monotônica entre pontos MDE de 5 m;01_dados/cav/cav_todos.csv
E02;28,0;321,0;3,1085589730423617;46,617639732552924;PCHIP monotônica entre pontos MDE de 5 m;01_dados/cav/cav_todos.csv
E02;29,0;322,0;3,2282676251604623;49,80333158737958;PCHIP monotônica entre pontos MDE de 5 m;01_dados/cav/cav_todos.csv
E02;30,0;323,0;3,35;53,1;PCHIP monotônica entre pontos MDE de 5 m;01_dados/cav/cav_todos.csv
E02;31,0;324,0;3,4736079927732617;56,52733422408858;PCHIP monotônica entre pontos MDE de 5 m;01_dados/cav/cav_todos.csv
E02;32,0;325,0;3,599067880758808;60,1023577018515;PCHIP monotônica entre pontos MDE de 5 m;01_dados/cav/cav_todos.csv
E02;33,0;326,0;3,7267237723577242;63,81371406757015;PCHIP monotônica entre pontos MDE de 5 m;01_dados/cav/cav_todos.csv
E02;34,0;327,0;3,856919775971093;67,65004695552585;PCHIP monotônica entre pontos MDE de 5 m;01_dados/cav/cav_todos.csv
E02;35,0;328,0;3,99;71,6;PCHIP monotônica entre pontos MDE de 5 m;01_dados/cav/cav_todos.csv
E02;36,0;329,0;4,127287703703705;75,67966706600707;PCHIP monotônica entre pontos MDE de 5 m;01_dados/cav/cav_todos.csv
E02;37,0;330,0;4,268698666666667;79,90742799702866;PCHIP monotônica entre pontos MDE de 5 m;01_dados/cav/cav_todos.csv
E02;38,0;331,0;4,412465777777777;84,2753553950467;PCHIP monotônica entre pontos MDE de 5 m;01_dados/cav/cav_todos.csv
E02;39,0;332,0;4,5568219259259255;88,77552186204318;PCHIP monotônica entre pontos MDE de 5 m;01_dados/cav/cav_todos.csv
E02;40,0;333,0;4,7;93,4;PCHIP monotônica entre pontos MDE de 5 m;01_dados/cav/cav_todos.csv
E02;41,0;334,0;4,839961025641026;98,16280162357938;PCHIP monotônica entre pontos MDE de 5 m;01_dados/cav/cav_todos.csv
E02;42,0;335,0;4,977883076923078;103,07961506182092;PCHIP monotônica entre pontos MDE de 5 m;01_dados/cav/cav_todos.csv
E02;43,0;336,0;5,1168246153846155;108,14502768827278;PCHIP monotônica entre pontos MDE de 5 m;01_dados/cav/cav_todos.csv
E02;44,0;337,0;5,259844102564102;113,35362687648309;PCHIP monotônica entre pontos MDE de 5 m;01_dados/cav/cav_todos.csv
E02;45,0;338,0;5,41;118,7;PCHIP monotônica entre pontos MDE de 5 m;01_dados/cav/cav_todos.csv
E02;46,0;339,0;5,56687094898229;124,18614087862994;PCHIP monotônica entre pontos MDE de 5 m;01_dados/cav/cav_todos.csv
E02;47,0;340,0;5,728920539254561;129,82627557706627;PCHIP monotônica entre pontos MDE de 5 m;01_dados/cav/cav_todos.csv
E02;48,0;341,0;5,897534655035686;135,63333983618767;PCHIP monotônica entre pontos MDE de 5 m;01_dados/cav/cav_todos.csv
E02;49,0;342,0;6,0740991805445415;141,6202693968727;PCHIP monotônica entre pontos MDE de 5 m;01_dados/cav/cav_todos.csv
E02;50,0;343,0;6,26;147,8;PCHIP monotônica entre pontos MDE de 5 m;01_dados/cav/cav_todos.csv
E02;51,0;344,0;6,457280620260714;154,18644634753832;PCHIP monotônica entre pontos MDE de 5 m;01_dados/cav/cav_todos.csv
E02;52,0;345,0;6,66620474738008;160,7868073970453;PCHIP monotônica entre pontos MDE de 5 m;01_dados/cav/cav_todos.csv
E02;53,0;346,0;6,88548856436909;167,6039452727831;PCHIP monotônica entre pontos MDE de 5 m;01_dados/cav/cav_todos.csv
E02;54,0;347,0;7,113848254238731;174,64072209901397;PCHIP monotônica entre pontos MDE de 5 m;01_dados/cav/cav_todos.csv
E02;55,0;348,0;7,35;181,9;PCHIP monotônica entre pontos MDE de 5 m;01_dados/cav/cav_todos.csv
E02;56,0;349,0;7,59532710517378;189,39789324420485;PCHIP monotônica entre pontos MDE de 5 m;01_dados/cav/cav_todos.csv
E02;57,0;350,0;7,8516375138684475;197,15190075687332;PCHIP monotônica entre pontos MDE de 5 m;01_dados/cav/cav_todos.csv
E02;58,0;351,0;8,118284369976227;205,16696164743936;PCHIP monotônica entre pontos MDE de 5 m;01_dados/cav/cav_todos.csv
E02;59,0;352,0;8,394620817389335;213,44801502533696;PCHIP monotônica entre pontos MDE de 5 m;01_dados/cav/cav_todos.csv
E02;60,0;353,0;8,68;222,0;PCHIP monotônica entre pontos MDE de 5 m;01_dados/cav/cav_todos.csv
E02;61,0;354,0;8,97686770527681;230,8463230409938;PCHIP monotônica entre pontos MDE de 5 m;01_dados/cav/cav_todos.csv
E02;62,0;355,0;9,28658119802221;240,00805255155277;PCHIP monotônica entre pontos MDE de 5 m;01_dados/cav/cav_todos.csv
E02;63,0;356,0;9,606860838129204;249,48662054161494;PCHIP monotônica entre pontos MDE de 5 m;01_dados/cav/cav_todos.csv
E02;64,0;357,0;9,9354269854908;259,28345902111795;PCHIP monotônica entre pontos MDE de 5 m;01_dados/cav/cav_todos.csv
E02;65,0;358,0;10,27;269,4;PCHIP monotônica entre pontos MDE de 5 m;01_dados/cav/cav_todos.csv
E02;66,0;359,0;10,617122369632169;279,89274374165615;PCHIP monotônica entre pontos MDE de 5 m;01_dados/cav/cav_todos.csv
E02;67,0;360,0;10,978787227239696;290,78998774670754;PCHIP monotônica entre pontos MDE de 5 m;01_dados/cav/cav_todos.csv
E02;68,0;361,0;11,345890900031144;302,05085988093094;PCHIP monotônica entre pontos MDE de 5 m;01_dados/cav/cav_todos.csv
E02;69,0;362,0;11,709329715215059;313,6344880101028;PCHIP monotônica entre pontos MDE de 5 m;01_dados/cav/cav_todos.csv
E02;70,0;363,0;12,06;325,5;PCHIP monotônica entre pontos MDE de 5 m;01_dados/cav/cav_todos.csv
E02;71,0;364,0;12,39451159435515;337,68463063963276;PCHIP monotônica entre pontos MDE de 5 m;01_dados/cav/cav_todos.csv
E02;72,0;365,0;12,719233028679485;350,2384960682758;PCHIP monotônica entre pontos MDE de 5 m;01_dados/cav/cav_todos.csv
E02;73,0;366,0;13,039698665826242;363,14004617710253;PCHIP monotônica entre pontos MDE de 5 m;01_dados/cav/cav_todos.csv
E02;74,0;367,0;13,361442868648668;376,3677308572862;PCHIP monotônica entre pontos MDE de 5 m;01_dados/cav/cav_todos.csv
E02;75,0;368,0;13,69;389,9;PCHIP monotônica entre pontos MDE de 5 m;01_dados/cav/cav_todos.csv
E02;76,0;369,0;14,026917834477672;403,77667468074617;PCHIP monotônica entre pontos MDE de 5 m;01_dados/cav/cav_todos.csv
E02;77,0;370,0;14,368583443552776;418,0331704369945;PCHIP monotônica entre pontos MDE de 5 m;01_dados/cav/cav_todos.csv
E02;78,0;371,0;14,712790135389046;432,6413288528699;PCHIP monotônica entre pontos MDE de 5 m;01_dados/cav/cav_todos.csv
E02;79,0;372,0;15,05733121815021;447,5729915124968;PCHIP monotônica entre pontos MDE de 5 m;01_dados/cav/cav_todos.csv
E02;80,0;373,0;15,4;462,8;PCHIP monotônica entre pontos MDE de 5 m;01_dados/cav/cav_todos.csv
E02;81,0;374,0;15,73677364229284;478,33801807181135;PCHIP monotônica entre pontos MDE de 5 m;01_dados/cav/cav_todos.csv
E02;82,0;375,0;16,0691244459401;494,2236999000543;PCHIP monotônica entre pontos MDE de 5 m;01_dados/cav/cav_todos.csv
E02;83,0;376,0;16,40308842844094;510,4603726923917;PCHIP monotônica entre pontos MDE de 5 m;01_dados/cav/cav_todos.csv
E02;84,0;377,0;16,744701607294523;527,051363656486;PCHIP monotônica entre pontos MDE de 5 m;01_dados/cav/cav_todos.csv
E02;85,0;378,0;17,1;544,0;PCHIP monotônica entre pontos MDE de 5 m;01_dados/cav/cav_todos.csv
E02;86,0;379,0;17,47719653312294;561,3453961906066;PCHIP monotônica entre pontos MDE de 5 m;01_dados/cav/cav_todos.csv
E02;87,0;380,0;17,873005992811432;579,1059068488862;PCHIP monotônica entre pontos MDE de 5 m;01_dados/cav/cav_todos.csv
E02;88,0;381,0;18,27621718593846;597,2537194118626;PCHIP monotônica entre pontos MDE de 5 m;01_dados/cav/cav_todos.csv
E02;89,0;382,0;18,67561891937699;615,7610213165592;PCHIP monotônica entre pontos MDE de 5 m;01_dados/cav/cav_todos.csv
E02;90,0;383,0;19,06;634,6;PCHIP monotônica entre pontos MDE de 5 m;01_dados/cav/cav_todos.csv
E02;91,0;384,0;19,426806009676593;653,8049624273872;PCHIP monotônica entre pontos MDE de 5 m;01_dados/cav/cav_todos.csv
E02;92,0;385,0;19,78385760122231;673,4122318199763;PCHIP monotônica entre pontos MDE de 5 m;01_dados/cav/cav_todos.csv
E02;93,0;386,0;20,135506187929717;693,397019998872;PCHIP monotônica entre pontos MDE de 5 m;01_dados/cav/cav_todos.csv
E02;94,0;387,0;20,48610318309142;713,7345387851784;PCHIP monotônica entre pontos MDE de 5 m;01_dados/cav/cav_todos.csv
E02;95,0;388,0;20,84;734,4;PCHIP monotônica entre pontos MDE de 5 m;01_dados/cav/cav_todos.csv
E02;96,0;389,0;21,194616079623337;755,4120387506246;PCHIP monotônica entre pontos MDE de 5 m;01_dados/cav/cav_todos.csv
E02;97,0;390,0;21,54705160021455;776,8027126085371;PCHIP monotônica entre pontos MDE de 5 m;01_dados/cav/cav_todos.csv
E02;98,0;391,0;21,9011790809941;798,5673670911375;PCHIP monotônica entre pontos MDE de 5 m;01_dados/cav/cav_todos.csv
E02;99,0;392,0;22,26087104118243;820,7013477158252;PCHIP monotônica entre pontos MDE de 5 m;01_dados/cav/cav_todos.csv
E02;100,0;393,0;22,63;843,2;PCHIP monotônica entre pontos MDE de 5 m;01_dados/cav/cav_todos.csv
E02;101,0;394,0;23,01052066944723;866,089070742378;PCHIP monotônica entre pontos MDE de 5 m;01_dados/cav/cav_todos.csv
E02;102,0;395,0;23,400196050894884;889,3878882834722;PCHIP monotônica entre pontos MDE de 5 m;01_dados/cav/cav_todos.csv
E02;103,0;396,0;23,796611097618925;913,0821704533771;PCHIP monotônica entre pontos MDE de 5 m;01_dados/cav/cav_todos.csv
E02;104,0;397,0;24,197350762895308;937,1576350821882;PCHIP monotônica entre pontos MDE de 5 m;01_dados/cav/cav_todos.csv
E02;105,0;398,0;24,6;961,6;PCHIP monotônica entre pontos MDE de 5 m;01_dados/cav/cav_todos.csv
E02;106,0;399,0;25,006271754058677;986,4294393813913;PCHIP monotônica entre pontos MDE de 5 m;01_dados/cav/cav_todos.csv
E02;107,0;400,0;25,417856453243015;1011,671052937361;PCHIP monotônica entre pontos MDE de 5 m;01_dados/cav/cav_todos.csv
E02;108,0;401,0;25,83230527539802;1037,317946802635;PCHIP monotônica entre pontos MDE de 5 m;01_dados/cav/cav_todos.csv
E02;109,0;402,0;26,247169398368683;1063,3632271119393;PCHIP monotônica entre pontos MDE de 5 m;01_dados/cav/cav_todos.csv
E02;110,0;403,0;26,66;1089,8;PCHIP monotônica entre pontos MDE de 5 m;01_dados/cav/cav_todos.csv
E02;111,0;404,0;27,070319996220444;1116,6519924863355;PCHIP monotônica entre pontos MDE de 5 m;01_dados/cav/cav_todos.csv
E02;112,0;405,0;27,479762908369356;1143,93971199219;PCHIP monotônica entre pontos MDE de 5 m;01_dados/cav/cav_todos.csv
E02;113,0;406,0;27,88904582240805;1171,6514352548768;PCHIP monotônica entre pontos MDE de 5 m;01_dados/cav/cav_todos.csv
E02;114,0;407,0;28,29888582429783;1199,7754390117088;PCHIP monotônica entre pontos MDE de 5 m;01_dados/cav/cav_todos.csv
E02;115,0;408,0;28,71;1228,3;PCHIP monotônica entre pontos MDE de 5 m;01_dados/cav/cav_todos.csv
E02;116,0;409,0;29,12239378640777;1257,2469963838666;PCHIP monotônica entre pontos MDE de 5 m;01_dados/cav/cav_todos.csv
E02;117,0;410,0;29,535593009708737;1286,6398709318498;PCHIP monotônica entre pontos MDE de 5 m;01_dados/cav/cav_todos.csv
E02;118,0;411,0;29,949595339805825;1316,4692472878999;PCHIP monotônica entre pontos MDE de 5 m;01_dados/cav/cav_todos.csv
E02;119,0;412,0;30,364398446601943;1346,7257490959666;PCHIP monotônica entre pontos MDE de 5 m;01_dados/cav/cav_todos.csv
E02;120,0;413,0;30,78;1377,4;PCHIP monotônica entre pontos MDE de 5 m;01_dados/cav/cav_todos.csv
E03;10,0;159,5;0,26;1,7;PCHIP monotônica entre pontos MDE de 5 m;01_dados/cav/cav_todos.csv
E03;11,0;160,5;0,2769066666666667;1,9536000000000002;PCHIP monotônica entre pontos MDE de 5 m;01_dados/cav/cav_todos.csv
E03;12,0;161,5;0,29552;2,2328;PCHIP monotônica entre pontos MDE de 5 m;01_dados/cav/cav_todos.csv
E03;13,0;162,5;0,31568;2,5352000000000006;PCHIP monotônica entre pontos MDE de 5 m;01_dados/cav/cav_todos.csv
E03;14,0;163,5;0,3372266666666666;2,8584000000000005;PCHIP monotônica entre pontos MDE de 5 m;01_dados/cav/cav_todos.csv
E03;15,0;164,5;0,36;3,2;PCHIP monotônica entre pontos MDE de 5 m;01_dados/cav/cav_todos.csv
E03;16,0;165,5;0,3842227450980392;3,563341176470589;PCHIP monotônica entre pontos MDE de 5 m;01_dados/cav/cav_todos.csv
E03;17,0;166,5;0,41026823529411766;3,954023529411765;PCHIP monotônica entre pontos MDE de 5 m;01_dados/cav/cav_todos.csv
E03;18,0;167,5;0,4382023529411765;4,3730352941176465;PCHIP monotônica entre pontos MDE de 5 m;01_dados/cav/cav_todos.csv
E03;19,0;168,5;0,4680909803921569;4,8213647058823526;PCHIP monotônica entre pontos MDE de 5 m;01_dados/cav/cav_todos.csv
E03;20,0;169,5;0,5;5,3;PCHIP monotônica entre pontos MDE de 5 m;01_dados/cav/cav_todos.csv
E03;21,0;170,5;0,5353262553802008;5,818521008403362;PCHIP monotônica entre pontos MDE de 5 m;01_dados/cav/cav_todos.csv
E03;22,0;171,5;0,5744493543758967;6,382621848739496;PCHIP monotônica entre pontos MDE de 5 m;01_dados/cav/cav_todos.csv
E03;23,0;172,5;0,6159093256814921;6,987462184873951;PCHIP monotônica entre pontos MDE de 5 m;01_dados/cav/cav_todos.csv
E03;24,0;173,5;0,6582461979913917;7,62820168067227;PCHIP monotônica entre pontos MDE de 5 m;01_dados/cav/cav_todos.csv
E03;25,0;174,5;0,7;8,3;PCHIP monotônica entre pontos MDE de 5 m;01_dados/cav/cav_todos.csv
E03;26,0;175,5;0,7411881111741351;9,011384615384616;PCHIP monotônica entre pontos MDE de 5 m;01_dados/cav/cav_todos.csv
E03;27,0;176,5;0,782793601815088;9,771296703296704;PCHIP monotônica entre pontos MDE de 5 m;01_dados/cav/cav_todos.csv
E03;28,0;177,5;0,8248050368689732;10,575516483516484;PCHIP monotônica entre pontos MDE de 5 m;01_dados/cav/cav_todos.csv
E03;29,0;178,5;0,8672109812819059;11,419824175824177;PCHIP monotônica entre pontos MDE de 5 m;01_dados/cav/cav_todos.csv
E03;30,0;179,5;0,91;12,3;PCHIP monotônica entre pontos MDE de 5 m;01_dados/cav/cav_todos.csv
E03;31,0;180,5;0,9521496445809567;13,222641414237938;PCHIP monotônica entre pontos MDE de 5 m;01_dados/cav/cav_todos.csv
E03;32,0;181,5;0,993676840719614;14,195880286669851;PCHIP monotônica entre pontos MDE de 5 m;01_dados/cav/cav_todos.csv
E03;33,0;182,5;1,036129214567793;15,217798451982798;PCHIP monotônica entre pontos MDE de 5 m;01_dados/cav/cav_todos.csv
E03;34,0;183,5;1,0810543922773144;16,28647774486383;PCHIP monotônica entre pontos MDE de 5 m;01_dados/cav/cav_todos.csv
E03;35,0;184,5;1,13;17,4;PCHIP monotônica entre pontos MDE de 5 m;01_dados/cav/cav_todos.csv
E03;36,0;185,5;1,185261886792453;18,564639227053142;PCHIP monotônica entre pontos MDE de 5 m;01_dados/cav/cav_todos.csv
E03;37,0;186,5;1,2464196226415094;19,78755246376812;PCHIP monotônica entre pontos MDE de 5 m;01_dados/cav/cav_todos.csv
E03;38,0;187,5;1,3109464150943395;21,06814608695652;PCHIP monotônica entre pontos MDE de 5 m;01_dados/cav/cav_todos.csv
E03;39,0;188,5;1,3763154716981132;22,40582647342995;PCHIP monotônica entre pontos MDE de 5 m;01_dados/cav/cav_todos.csv
E03;40,0;189,5;1,44;23,8;PCHIP monotônica entre pontos MDE de 5 m;01_dados/cav/cav_todos.csv
E03;41,0;190,5;1,5028701754385965;25,2656245210728;PCHIP monotônica entre pontos MDE de 5 m;01_dados/cav/cav_todos.csv
E03;42,0;191,5;1,5666105263157895;26,810206896551726;PCHIP monotônica entre pontos MDE de 5 m;01_dados/cav/cav_todos.csv
E03;43,0;192,5;1,6299157894736844;28,421977011494253;PCHIP monotônica entre pontos MDE de 5 m;01_dados/cav/cav_todos.csv
E03;44,0;193,5;1,691480701754386;30,089164750957856;PCHIP monotônica entre pontos MDE de 5 m;01_dados/cav/cav_todos.csv
E03;45,0;194,5;1,75;31,8;PCHIP monotônica entre pontos MDE de 5 m;01_dados/cav/cav_todos.csv
E03;46,0;195,5;1,8049192982456141;33,565142804597706;PCHIP monotônica entre pontos MDE de 5 m;01_dados/cav/cav_todos.csv
E03;47,0;196,5;1,8572842105263156;35,39694565517241;PCHIP monotônica entre pontos MDE de 5 m;01_dados/cav/cav_todos.csv
E03;48,0;197,5;1,9081894736842104;37,28617710344828;PCHIP monotônica entre pontos MDE de 5 m;01_dados/cav/cav_todos.csv
E03;49,0;198,5;1,9587298245614033;39,22360570114943;PCHIP monotônica entre pontos MDE de 5 m;01_dados/cav/cav_todos.csv
E03;50,0;199,5;2,01;41,2;PCHIP monotônica entre pontos MDE de 5 m;01_dados/cav/cav_todos.csv
E03;51,0;200,5;2,061270175438596;43,217579610619474;PCHIP monotônica entre pontos MDE de 5 m;01_dados/cav/cav_todos.csv
E03;52,0;201,5;2,1118105263157894;45,28537883185841;PCHIP monotônica entre pontos MDE de 5 m;01_dados/cav/cav_todos.csv
E03;53,0;202,5;2,162715789473684;47,40438824778761;PCHIP monotônica entre pontos MDE de 5 m;01_dados/cav/cav_todos.csv
E03;54,0;203,5;2,215080701754386;49,575598442477876;PCHIP monotônica entre pontos MDE de 5 m;01_dados/cav/cav_todos.csv
E03;55,0;204,5;2,27;51,8;PCHIP monotônica entre pontos MDE de 5 m;01_dados/cav/cav_todos.csv
E03;56,0;205,5;2,3272618334568818;54,07667967335223;PCHIP monotônica entre pontos MDE de 5 m;01_dados/cav/cav_todos.csv
E03;57,0;206,5;2,3863118161601187;56,408446099702736;PCHIP monotônica entre pontos MDE de 5 m;01_dados/cav/cav_todos.csv
E03;58,0;207,5;2,447730882134915;58,801872689377106;PCHIP monotônica entre pontos MDE de 5 m;01_dados/cav/cav_todos.csv
E03;59,0;208,5;2,512099965406474;61,26353285270099;PCHIP monotônica entre pontos MDE de 5 m;01_dados/cav/cav_todos.csv
E03;60,0;209,5;2,58;63,8;PCHIP monotônica entre pontos MDE de 5 m;01_dados/cav/cav_todos.csv
E03;61,0;210,5;2,653671884471385;66,42102431782432;PCHIP monotônica entre pontos MDE de 5 m;01_dados/cav/cav_todos.csv
E03;62,0;211,5;2,733184667498663;69,12779882219883;PCHIP monotônica entre pontos MDE de 5 m;01_dados/cav/cav_todos.csv
E03;63,0;212,5;2,8158615082902476;71,91406116766116;PCHIP monotônica entre pontos MDE de 5 m;01_dados/cav/cav_todos.csv
E03;64,0;213,5;2,899025566054555;74,77354900874901;PCHIP monotônica entre pontos MDE de 5 m;01_dados/cav/cav_todos.csv
E03;65,0;214,5;2,98;77,7;PCHIP monotônica entre pontos MDE de 5 m;01_dados/cav/cav_todos.csv
E03;66,0;215,5;3,057740470162749;80,69771199968123;PCHIP monotônica entre pontos MDE de 5 m;01_dados/cav/cav_todos.csv
E03;67,0;216,5;3,134036600361664;83,77572185762955;PCHIP monotônica entre pontos MDE de 5 m;01_dados/cav/cav_todos.csv
E03;68,0;217,5;3,2104624954792045;86,93487571573726;PCHIP monotônica entre pontos MDE de 5 m;01_dados/cav/cav_todos.csv
E03;69,0;218,5;3,28859226039783;90,17601971589664;PCHIP monotônica entre pontos MDE de 5 m;01_dados/cav/cav_todos.csv
E03;70,0;219,5;3,37;93,5;PCHIP monotônica entre pontos MDE de 5 m;01_dados/cav/cav_todos.csv
E03;71,0;220,5;3,4569142857142863;96,9197197134849;PCHIP monotônica entre pontos MDE de 5 m;01_dados/cav/cav_todos.csv
E03;72,0;221,5;3,5484571428571434;100,44034257240736;PCHIP monotônica entre pontos MDE de 5 m;01_dados/cav/cav_todos.csv
E03;73,0;222,5;3,641542857142857;104,05110557458735;PCHIP monotônica entre pontos MDE de 5 m;01_dados/cav/cav_todos.csv
E03;74,0;223,5;3,733085714285714;107,7412457178449;PCHIP monotônica entre pontos MDE de 5 m;01_dados/cav/cav_todos.csv
E03;75,0;224,5;3,82;111,5;PCHIP monotônica entre pontos MDE de 5 m;01_dados/cav/cav_todos.csv
E03;76,0;225,5;3,90140773960217;115,33189822898478;PCHIP monotônica entre pontos MDE de 5 m;01_dados/cav/cav_todos.csv
E03;77,0;226,5;3,9795375045207955;119,24832626590172;PCHIP monotônica entre pontos MDE de 5 m;01_dados/cav/cav_todos.csv
E03;78,0;227,5;4,055963399638336;123,24880518832627;PCHIP monotônica entre pontos MDE de 5 m;01_dados/cav/cav_todos.csv
E03;79,0;228,5;4,132259529837251;127,33285607383387;PCHIP monotônica entre pontos MDE de 5 m;01_dados/cav/cav_todos.csv
E03;80,0;229,5;4,21;131,5;PCHIP monotônica entre pontos MDE de 5 m;01_dados/cav/cav_todos.csv
E03;81,0;230,5;4,290579295994451;135,76566275251616;PCHIP monotônica entre pontos MDE de 5 m;01_dados/cav/cav_todos.csv
E03;82,0;231,5;4,372953077856772;140,13475129072384;PCHIP monotônica entre pontos MDE de 5 m;01_dados/cav/cav_todos.csv
E03;83,0;232,5;4,455037211721866;144,59100845267344;PCHIP monotônica entre pontos MDE de 5 m;01_dados/cav/cav_todos.csv
E03;84,0;233,5;4,534747563724641;149,11817707641535;PCHIP monotônica entre pontos MDE de 5 m;01_dados/cav/cav_todos.csv
E03;85,0;234,5;4,61;153,7;PCHIP monotônica entre pontos MDE de 5 m;01_dados/cav/cav_todos.csv
E03;86,0;235,5;4,679739822723611;158,34092199390872;PCHIP monotônica entre pontos MDE de 5 m;01_dados/cav/cav_todos.csv
E03;87,0;236,5;4,7456249476228844;163,0542887582988;PCHIP monotônica entre pontos MDE de 5 m;01_dados/cav/cav_todos.csv
E03;88,0;237,5;4,809640161160354;167,83719452573456;PCHIP monotônica entre pontos MDE de 5 m;01_dados/cav/cav_todos.csv
E03;89,0;238,5;4,873770249798549;172,6867335287802;PCHIP monotônica entre pontos MDE de 5 m;01_dados/cav/cav_todos.csv
E03;90,0;239,5;4,94;177,6;PCHIP monotônica entre pontos MDE de 5 m;01_dados/cav/cav_todos.csv
E03;91,0;240,5;5,009361140819966;182,5826391919192;PCHIP monotônica entre pontos MDE de 5 m;01_dados/cav/cav_todos.csv
E03;92,0;241,5;5,080554010695187;187,63892363636364;PCHIP monotônica entre pontos MDE de 5 m;01_dados/cav/cav_todos.csv
E03;93,0;242,5;5,152066310160428;192,76388848484848;PCHIP monotônica entre pontos MDE de 5 m;01_dados/cav/cav_todos.csv
E03;94,0;243,5;5,222385739750446;197,9525688888889;PCHIP monotônica entre pontos MDE de 5 m;01_dados/cav/cav_todos.csv
E03;95,0;244,5;5,29;203,2;PCHIP monotônica entre pontos MDE de 5 m;01_dados/cav/cav_todos.csv
E03;96,0;245,5;5,348941660079052;208,48757105665348;PCHIP monotônica entre pontos MDE de 5 m;01_dados/cav/cav_todos.csv
E03;97,0;246,5;5,400315889328064;213,82053135177864;PCHIP monotônica entre pontos MDE de 5 m;01_dados/cav/cav_todos.csv
E03;98,0;247,5;5,453219288537549;219,2297061185771;PCHIP monotônica entre pontos MDE de 5 m;01_dados/cav/cav_todos.csv
E03;99,0;248,5;5,516748458498023;224,74592059025034;PCHIP monotônica entre pontos MDE de 5 m;01_dados/cav/cav_todos.csv
E03;100,0;249,5;5,6;230,4;PCHIP monotônica entre pontos MDE de 5 m;01_dados/cav/cav_todos.csv
E03;101,0;250,5;5,754866270864568;236,19086650047112;PCHIP monotônica entre pontos MDE de 5 m;01_dados/cav/cav_todos.csv
E03;102,0;251,5;5,992024899550224;242,10465515358732;PCHIP monotônica entre pontos MDE de 5 m;01_dados/cav/cav_todos.csv
E03;103,0;252,5;6,258750392803599;248,1530105564679;PCHIP monotônica entre pontos MDE de 5 m;01_dados/cav/cav_todos.csv
E03;104,0;253,5;6,502317257371315;254,34757730623232;PCHIP monotônica entre pontos MDE de 5 m;01_dados/cav/cav_todos.csv
E03;105,0;254,5;6,67;260,7;PCHIP monotônica entre pontos MDE de 5 m;01_dados/cav/cav_todos.csv
E03;106,0;255,5;6,767254375478927;267,2525424008873;PCHIP monotônica entre pontos MDE de 5 m;01_dados/cav/cav_todos.csv
E03;107,0;256,5;6,842364505747126;274,007348564891;PCHIP monotônica entre pontos MDE de 5 m;01_dados/cav/cav_todos.csv
E03;108,0;257,5;6,906847448275862;280,9158835284511;PCHIP monotônica entre pontos MDE de 5 m;01_dados/cav/cav_todos.csv
E03;109,0;258,5;6,972220260536398;287,9296123280074;PCHIP monotônica entre pontos MDE de 5 m;01_dados/cav/cav_todos.csv
E03;110,0;259,5;7,05;295,0;PCHIP monotônica entre pontos MDE de 5 m;01_dados/cav/cav_todos.csv
E03;111,0;260,5;7,142320912487709;302,12636158258863;PCHIP monotônica entre pontos MDE de 5 m;01_dados/cav/cav_todos.csv
E03;112,0;261,5;7,24237607079646;309,3440382033371;PCHIP monotônica entre pontos MDE de 5 m;01_dados/cav/cav_todos.csv
E03;113,0;262,5;7,348270772861357;316,65853403279124;PCHIP monotônica entre pontos MDE de 5 m;01_dados/cav/cav_todos.csv
E03;114,0;263,5;7,4581103166175025;324,075353241497;PCHIP monotônica entre pontos MDE de 5 m;01_dados/cav/cav_todos.csv
E03;115,0;264,5;7,57;331,6;PCHIP monotônica entre pontos MDE de 5 m;01_dados/cav/cav_todos.csv
E03;116,0;265,5;7,684341238938054;339,2378529644269;PCHIP monotônica entre pontos MDE de 5 m;01_dados/cav/cav_todos.csv
E03;117,0;266,5;7,802683893805309;346,9890845849803;PCHIP monotônica entre pontos MDE de 5 m;01_dados/cav/cav_todos.csv
E03;118,0;267,5;7,92485592920354;354,85138972332015;PCHIP monotônica entre pontos MDE de 5 m;01_dados/cav/cav_todos.csv
E03;119,0;268,5;8,050685309734513;362,82246324110673;PCHIP monotônica entre pontos MDE de 5 m;01_dados/cav/cav_todos.csv
E03;120,0;269,5;8,18;370,9;PCHIP monotônica entre pontos MDE de 5 m;01_dados/cav/cav_todos.csv
E04;10,0;249,0;3,76;28,4;PCHIP monotônica entre pontos MDE de 5 m;01_dados/cav/cav_todos.csv
E04;11,0;250,0;3,9805372588832486;32,20546189473684;PCHIP monotônica entre pontos MDE de 5 m;01_dados/cav/cav_todos.csv
E04;12,0;251,0;4,196011776649747;36,23238568421053;PCHIP monotônica entre pontos MDE de 5 m;01_dados/cav/cav_todos.csv
E04;13,0;252,0;4,406217664974619;40,46657852631579;PCHIP monotônica entre pontos MDE de 5 m;01_dados/cav/cav_todos.csv
E04;14,0;253,0;4,610949035532995;44,893847578947366;PCHIP monotônica entre pontos MDE de 5 m;01_dados/cav/cav_todos.csv
E04;15,0;254,0;4,81;49,5;PCHIP monotônica entre pontos MDE de 5 m;01_dados/cav/cav_todos.csv
E04;16,0;255,0;4,997409482985524;54,32721173139747;PCHIP monotônica entre pontos MDE de 5 m;01_dados/cav/cav_todos.csv
E04;17,0;256,0;5,173657890580936;59,40859940471869;PCHIP monotônica entre pontos MDE de 5 m;01_dados/cav/cav_todos.csv
E04;18,0;257,0;5,348201556683588;64,71638121234122;PCHIP monotônica entre pontos MDE de 5 m;01_dados/cav/cav_todos.csv
E04;19,0;258,0;5,530496815190825;70,22277534664248;PCHIP monotônica entre pontos MDE de 5 m;01_dados/cav/cav_todos.csv
E04;20,0;259,0;5,73;75,9;PCHIP monotônica entre pontos MDE de 5 m;01_dados/cav/cav_todos.csv
E04;21,0;260,0;5,9574060990861;81,76968645804267;PCHIP monotônica entre pontos MDE de 5 m;01_dados/cav/cav_todos.csv
E04;22,0;261,0;6,208307186147186;87,86900420171418;PCHIP monotônica entre pontos MDE de 5 m;01_dados/cav/cav_todos.csv
E04;23,0;262,0;6,469505223665224;94,19347871636437;PCHIP monotônica entre pontos MDE de 5 m;01_dados/cav/cav_todos.csv
E04;24,0;263,0;6,727802174122174;100,73863548734303;PCHIP monotônica entre pontos MDE de 5 m;01_dados/cav/cav_todos.csv
E04;25,0;264,0;6,97;107,5;PCHIP monotônica entre pontos MDE de 5 m;01_dados/cav/cav_todos.csv
E04;26,0;265,0;7,196293834722492;114,52769273348422;PCHIP monotônica entre pontos MDE de 5 m;01_dados/cav/cav_todos.csv
E04;27,0;266,0;7,415982802868773;121,84550594611737;PCHIP monotônica entre pontos MDE de 5 m;01_dados/cav/cav_todos.csv
E04;28,0;267,0;7,629524853653808;129,40947279200842;PCHIP monotônica entre pontos MDE de 5 m;01_dados/cav/cav_todos.csv
E04;29,0;268,0;7,837377936292563;137,1756264252663;PCHIP monotônica entre pontos MDE de 5 m;01_dados/cav/cav_todos.csv
E04;30,0;269,0;8,04;145,1;PCHIP monotônica entre pontos MDE de 5 m;01_dados/cav/cav_todos.csv
E04;31,0;270,0;8,2298687281541;153,1861902031806;PCHIP monotônica entre pontos MDE de 5 m;01_dados/cav/cav_todos.csv
E04;32,0;271,0;8,407015139686184;161,47597709333223;PCHIP monotônica entre pontos MDE de 5 m;01_dados/cav/cav_todos.csv
E04;33,0;272,0;8,583227187141217;169,98266888189363;PCHIP monotônica entre pontos MDE de 5 m;01_dados/cav/cav_todos.csv
E04;34,0;273,0;8,770292823064167;178,71957378030334;PCHIP monotônica entre pontos MDE de 5 m;01_dados/cav/cav_todos.csv
E04;35,0;274,0;8,98;187,7;PCHIP monotônica entre pontos MDE de 5 m;01_dados/cav/cav_todos.csv
E04;36,0;275,0;9,225587195027195;196,954338976709;PCHIP monotônica entre pontos MDE de 5 m;01_dados/cav/cav_todos.csv
E04;37,0;276,0;9,502812867132866;206,49106938914346;PCHIP monotônica entre pontos MDE de 5 m;01_dados/cav/cav_todos.csv
E04;38,0;277,0;9,797244941724943;216,29063031322343;PCHIP monotônica entre pontos MDE de 5 m;01_dados/cav/cav_todos.csv
E04;39,0;278,0;10,094451344211343;226,33346082486887;PCHIP monotônica entre pontos MDE de 5 m;01_dados/cav/cav_todos.csv
E04;40,0;279,0;10,38;236,6;PCHIP monotônica entre pontos MDE de 5 m;01_dados/cav/cav_todos.csv
E04;41,0;280,0;10,649750691901955;247,1028430273812;PCHIP monotônica entre pontos MDE de 5 m;01_dados/cav/cav_todos.csv
E04;42,0;281,0;10,913361166614957;257,8702812435269;PCHIP monotônica entre pontos MDE de 5 m;01_dados/cav/cav_todos.csv
E04;43,0;282,0;11,177096295376979;268,906297945982;PCHIP monotônica entre pontos MDE de 5 m;01_dados/cav/cav_todos.csv
E04;44,0;283,0;11,447220949426002;280,2148764322913;PCHIP monotônica entre pontos MDE de 5 m;01_dados/cav/cav_todos.csv
E04;45,0;284,0;11,73;291,8;PCHIP monotônica entre pontos MDE de 5 m;01_dados/cav/cav_todos.csv
E04;46,0;285,0;12,032293746043546;303,6877720361181;PCHIP monotônica entre pontos MDE de 5 m;01_dados/cav/cav_todos.csv
E04;47,0;286,0;12,350647791031664;315,8936474592462;PCHIP monotônica entre pontos MDE de 5 m;01_dados/cav/cav_todos.csv
E04;48,0;287,0;12,67585496299801;328,40563686431534;PCHIP monotônica entre pontos MDE de 5 m;01_dados/cav/cav_todos.csv
E04;49,0;288,0;12,998708089976235;341,2117508462564;PCHIP monotônica entre pontos MDE de 5 m;01_dados/cav/cav_todos.csv
E04;50,0;289,0;13,31;354,3;PCHIP monotônica entre pontos MDE de 5 m;01_dados/cav/cav_todos.csv
E04;51,0;290,0;13,603877501712436;367,69607406453383;PCHIP monotônica entre pontos MDE de 5 m;01_dados/cav/cav_todos.csv
E04;52,0;291,0;13,886701812067997;381,4258378680551;PCHIP monotônica entre pontos MDE de 5 m;01_dados/cav/cav_todos.csv
E04;53,0;292,0;14,167587371567347;395,4775646393095;PCHIP monotônica entre pontos MDE de 5 m;01_dados/cav/cav_todos.csv
E04;54,0;293,0;14,455648620711127;409,83952760704256;PCHIP monotônica entre pontos MDE de 5 m;01_dados/cav/cav_todos.csv
E04;55,0;294,0;14,76;424,5;PCHIP monotônica entre pontos MDE de 5 m;01_dados/cav/cav_todos.csv
E04;56,0;295,0;15,08634259945988;439,47714972332017;PCHIP monotônica entre pontos MDE de 5 m;01_dados/cav/cav_todos.csv
E04;57,0;296,0;15,429586288945677;454,79646735177874;PCHIP monotônica entre pontos MDE de 5 m;01_dados/cav/cav_todos.csv
E04;58,0;297,0;15,782658678701537;470,4572101185771;PCHIP monotônica entre pontos MDE de 5 m;01_dados/cav/cav_todos.csv
E04;59,0;298,0;16,138487378971597;486,458635256917;PCHIP monotônica entre pontos MDE de 5 m;01_dados/cav/cav_todos.csv
E04;60,0;299,0;16,49;502,8;PCHIP monotônica entre pontos MDE de 5 m;01_dados/cav/cav_todos.csv
E04;61,0;300,0;16,835954458140606;519,5157544757034;PCHIP monotônica entre pontos MDE de 5 m;01_dados/cav/cav_todos.csv
E04;62,0;301,0;17,18106683263507;536,625959079284;PCHIP monotônica entre pontos MDE de 5 m;01_dados/cav/cav_todos.csv
E04;63,0;302,0;17,527201978059235;554,1082864450128;PCHIP monotônica entre pontos MDE de 5 m;01_dados/cav/cav_todos.csv
E04;64,0;303,0;17,876224748988935;571,9404092071611;PCHIP monotônica entre pontos MDE de 5 m;01_dados/cav/cav_todos.csv
E04;65,0;304,0;18,23;590,1;PCHIP monotônica entre pontos MDE de 5 m;01_dados/cav/cav_todos.csv
E04;66,0;305,0;18,590094789915966;608,619654333674;PCHIP monotônica entre pontos MDE de 5 m;01_dados/cav/cav_todos.csv
E04;67,0;306,0;18,955356638655463;627,5319041774923;PCHIP monotônica entre pontos MDE de 5 m;01_dados/cav/cav_todos.csv
E04;68,0;307,0;19,323571092436975;646,8143268544738;PCHIP monotônica entre pontos MDE de 5 m;01_dados/cav/cav_todos.csv
E04;69,0;308,0;19,69252369747899;666,4444996876367;PCHIP monotônica entre pontos MDE de 5 m;01_dados/cav/cav_todos.csv
E04;70,0;309,0;20,06;686,4;PCHIP monotônica entre pontos MDE de 5 m;01_dados/cav/cav_todos.csv
E04;71,0;310,0;20,42552390243902;706,707148507977;PCHIP monotônica entre pontos MDE de 5 m;01_dados/cav/cav_todos.csv
E04;72,0;311,0;20,790571707317074;727,3966177323673;PCHIP monotônica entre pontos MDE de 5 m;01_dados/cav/cav_todos.csv
E04;73,0;312,0;21,155857560975612;748,4525127027694;PCHIP monotônica entre pontos MDE de 5 m;01_dados/cav/cav_todos.csv
E04;74,0;313,0;21,522095609756096;769,8589384487808;PCHIP monotônica entre pontos MDE de 5 m;01_dados/cav/cav_todos.csv
E04;75,0;314,0;21,89;791,6;PCHIP monotônica entre pontos MDE de 5 m;01_dados/cav/cav_todos.csv
E04;76,0;315,0;22,257609957254214;813,6944417006449;PCHIP monotônica entre pontos MDE de 5 m;01_dados/cav/cav_todos.csv
E04;77,0;316,0;22,624459140055322;836,167627745508;PCHIP monotônica entre pontos MDE de 5 m;01_dados/cav/cav_todos.csv
E04;78,0;317,0;22,993503344229318;859,0135929400486;PCHIP monotônica entre pontos MDE de 5 m;01_dados/cav/cav_todos.csv
E04;79,0;318,0;23,367698365602216;882,226372089726;PCHIP monotônica entre pontos MDE de 5 m;01_dados/cav/cav_todos.csv
E04;80,0;319,0;23,75;905,8;PCHIP monotônica entre pontos MDE de 5 m;01_dados/cav/cav_todos.csv
E04;81,0;320,0;24,14072756568798;929,7436182952378;PCHIP monotônica entre pontos MDE de 5 m;01_dados/cav/cav_todos.csv
E04;82,0;321,0;24,538174449641254;954,0763782148429;PCHIP monotônica entre pontos MDE de 5 m;01_dados/cav/cav_todos.csv
E04;83,0;322,0;24,942257550750544;978,8073289868291;PCHIP monotônica entre pontos MDE de 5 m;01_dados/cav/cav_todos.csv
E04;84,0;323,0;25,352893767906554;1003,9455198392104;PCHIP monotônica entre pontos MDE de 5 m;01_dados/cav/cav_todos.csv
E04;85,0;324,0;25,77;1029,5;PCHIP monotônica entre pontos MDE de 5 m;01_dados/cav/cav_todos.csv
E04;86,0;325,0;26,194963783123224;1055,485949941662;PCHIP monotônica entre pontos MDE de 5 m;01_dados/cav/cav_todos.csv
E04;87,0;326,0;26,628115102338793;1081,9150803557882;PCHIP monotônica entre pontos MDE de 5 m;01_dados/cav/cav_todos.csv
E04;88,0;327,0;27,067784529992753;1108,7912357990833;PCHIP monotônica entre pontos MDE de 5 m;01_dados/cav/cav_todos.csv
E04;89,0;328,0;27,51230263843114;1136,1182608282522;PCHIP monotônica entre pontos MDE de 5 m;01_dados/cav/cav_todos.csv
E04;90,0;329,0;27,96;1163,9;PCHIP monotônica entre pontos MDE de 5 m;01_dados/cav/cav_todos.csv
E04;91,0;330,0;28,414256263981553;1192,187885449594;PCHIP monotônica entre pontos MDE de 5 m;01_dados/cav/cav_todos.csv
E04;92,0;331,0;28,876292177245322;1220,9992030344554;PCHIP monotônica entre pontos MDE de 5 m;01_dados/cav/cav_todos.csv
E04;93,0;332,0;29,341199958518313;1250,2865778945197;PCHIP monotônica entre pontos MDE de 5 m;01_dados/cav/cav_todos.csv
E04;94,0;333,0;29,80407182652754;1280,0026351697227;PCHIP monotônica entre pontos MDE de 5 m;01_dados/cav/cav_todos.csv
E04;95,0;334,0;30,26;1310,1;PCHIP monotônica entre pontos MDE de 5 m;01_dados/cav/cav_todos.csv
E04;96,0;335,0;30,706854003978236;1340,5950193681283;PCHIP monotônica entre pontos MDE de 5 m;01_dados/cav/cav_todos.csv
E04;97,0;336,0;31,147977532999;1371,5343857190335;PCHIP monotônica entre pontos MDE de 5 m;01_dados/cav/cav_todos.csv
E04;98,0;337,0;31,586674060030656;1402,9162423858747;PCHIP monotônica entre pontos MDE de 5 m;01_dados/cav/cav_todos.csv
E04;99,0;338,0;32,02624705804154;1434,7387327018107;PCHIP monotônica entre pontos MDE de 5 m;01_dados/cav/cav_todos.csv
E04;100,0;339,0;32,47;1467,0;PCHIP monotônica entre pontos MDE de 5 m;01_dados/cav/cav_todos.csv
E04;101,0;340,0;32,91781678223577;1499,7358940047254;PCHIP monotônica entre pontos MDE de 5 m;01_dados/cav/cav_todos.csv
E04;102,0;341,0;33,36751746080127;1532,963637733733;PCHIP monotônica entre pontos MDE de 5 m;01_dados/cav/cav_todos.csv
E04;103,0;342,0;33,81930974824888;1566,6534344603783;PCHIP monotônica entre pontos MDE de 5 m;01_dados/cav/cav_todos.csv
E04;104,0;343,0;34,27340135713099;1600,7754874580157;PCHIP monotônica entre pontos MDE de 5 m;01_dados/cav/cav_todos.csv
E04;105,0;344,0;34,73;1635,3;PCHIP monotônica entre pontos MDE de 5 m;01_dados/cav/cav_todos.csv
E04;106,0;345,0;35,187635027656476;1670,22875318175;PCHIP monotônica entre pontos MDE de 5 m;01_dados/cav/cav_todos.csv
E04;107,0;346,0;35,64619940611353;1705,5952874589184;PCHIP monotônica entre pontos MDE de 5 m;01_dados/cav/cav_todos.csv
E04;108,0;347,0;36,10794627074235;1741,417445145212;PCHIP monotônica entre pontos MDE de 5 m;01_dados/cav/cav_todos.csv
E04;109,0;348,0;36,57512875691411;1777,713068554337;PCHIP monotônica entre pontos MDE de 5 m;01_dados/cav/cav_todos.csv
E04;110,0;349,0;37,05;1814,5;PCHIP monotônica entre pontos MDE de 5 m;01_dados/cav/cav_todos.csv
E04;111,0;350,0;37,53089243092522;1851,7986858931156;PCHIP monotônica entre pontos MDE de 5 m;01_dados/cav/cav_todos.csv
E04;112,0;351,0;38,01651729277566;1889,6138181971446;PCHIP monotônica entre pontos MDE de 5 m;01_dados/cav/cav_todos.csv
E04;113,0;352,0;38,5096959391635;1927,9396075546167;PCHIP monotônica entre pontos MDE de 5 m;01_dados/cav/cav_todos.csv
E04;114,0;353,0;39,01324972370089;1966,7702646080593;PCHIP monotônica entre pontos MDE de 5 m;01_dados/cav/cav_todos.csv
E04;115,0;354,0;39,53;2006,1;PCHIP monotônica entre pontos MDE de 5 m;01_dados/cav/cav_todos.csv
E04;116,0;355,0;40,060904942965784;2045,952700656234;PCHIP monotônica entre pontos MDE de 5 m;01_dados/cav/cav_todos.csv
E04;117,0;356,0;40,6047680608365;2086,3492882382634;PCHIP monotônica entre pontos MDE de 5 m;01_dados/cav/cav_todos.csv
E04;118,0;357,0;41,16117870722434;2127,2795254921757;PCHIP monotônica entre pontos MDE de 5 m;01_dados/cav/cav_todos.csv
E04;119,0;358,0;41,729726235741445;2168,7331751640586;PCHIP monotônica entre pontos MDE de 5 m;01_dados/cav/cav_todos.csv
E04;120,0;359,0;42,31;2210,7;PCHIP monotônica entre pontos MDE de 5 m;01_dados/cav/cav_todos.csv
E05;10,0;177,0;0,34;1,7;PCHIP monotônica entre pontos MDE de 5 m;01_dados/cav/cav_todos.csv
E05;11,0;178,0;0,34931840000000003;2,0409302325581393;PCHIP monotônica entre pontos MDE de 5 m;01_dados/cav/cav_todos.csv
E05;12,0;179,0;0,3627552;2,4027906976744187;PCHIP monotônica entre pontos MDE de 5 m;01_dados/cav/cav_todos.csv
E05;13,0;180,0;0,37953280000000006;2,7841860465116284;PCHIP monotônica entre pontos MDE de 5 m;01_dados/cav/cav_todos.csv
E05;14,0;181,0;0,3988736;3,183720930232558;PCHIP monotônica entre pontos MDE de 5 m;01_dados/cav/cav_todos.csv
E05;15,0;182,0;0,42;3,6;PCHIP monotônica entre pontos MDE de 5 m;01_dados/cav/cav_todos.csv
E05;16,0;183,0;0,44474726956521743;4,029960425699645;PCHIP monotônica entre pontos MDE de 5 m;01_dados/cav/cav_todos.csv
E05;17,0;184,0;0,47492980869565216;4,476858021284983;PCHIP monotônica entre pontos MDE de 5 m;01_dados/cav/cav_todos.csv
E05;18,0;185,0;0,5097387130434783;4,948775404020497;PCHIP monotônica entre pontos MDE de 5 m;01_dados/cav/cav_todos.csv
E05;19,0;186,0;0,5483650782608694;5,453795191170674;PCHIP monotônica entre pontos MDE de 5 m;01_dados/cav/cav_todos.csv
E05;20,0;187,0;0,59;6,0;PCHIP monotônica entre pontos MDE de 5 m;01_dados/cav/cav_todos.csv
E05;21,0;188,0;0,6383165217391306;6,594589518799923;PCHIP monotônica entre pontos MDE de 5 m;01_dados/cav/cav_todos.csv
E05;22,0;189,0;0,6951060869565218;7,240378725891292;PCHIP monotônica entre pontos MDE de 5 m;01_dados/cav/cav_todos.csv
E05;23,0;190,0;0,7567373913043478;7,938873173582702;PCHIP monotônica entre pontos MDE de 5 m;01_dados/cav/cav_todos.csv
E05;24,0;191,0;0,8195791304347826;8,691578414182738;PCHIP monotônica entre pontos MDE de 5 m;01_dados/cav/cav_todos.csv
E05;25,0;192,0;0,88;9,5;PCHIP monotônica entre pontos MDE de 5 m;01_dados/cav/cav_todos.csv
E05;26,0;193,0;0,9390707692307694;10,39272643678161;PCHIP monotônica entre pontos MDE de 5 m;01_dados/cav/cav_todos.csv
E05;27,0;194,0;0,9992123076923077;11,382041379310344;PCHIP monotônica entre pontos MDE de 5 m;01_dados/cav/cav_todos.csv
E05;28,0;195,0;1,0588184615384615;12,444993103448274;PCHIP monotônica entre pontos MDE de 5 m;01_dados/cav/cav_todos.csv
E05;29,0;196,0;1,116283076923077;13,558629885057469;PCHIP monotônica entre pontos MDE de 5 m;01_dados/cav/cav_todos.csv
E05;30,0;197,0;1,17;14,7;PCHIP monotônica entre pontos MDE de 5 m;01_dados/cav/cav_todos.csv
E05;31,0;198,0;1,2193969230769228;15,877700886699508;PCHIP monotônica entre pontos MDE de 5 m;01_dados/cav/cav_todos.csv
E05;32,0;199,0;1,2658215384615383;17,111999211822663;PCHIP monotônica entre pontos MDE de 5 m;01_dados/cav/cav_todos.csv
E05;33,0;200,0;1,3105476923076922;18,39744709359606;PCHIP monotônica entre pontos MDE de 5 m;01_dados/cav/cav_todos.csv
E05;34,0;201,0;1,3548492307692308;19,72859665024631;PCHIP monotônica entre pontos MDE de 5 m;01_dados/cav/cav_todos.csv
E05;35,0;202,0;1,4;21,1;PCHIP monotônica entre pontos MDE de 5 m;01_dados/cav/cav_todos.csv
E05;36,0;203,0;1,4461635555555556;22,520204872918498;PCHIP monotônica entre pontos MDE de 5 m;01_dados/cav/cav_todos.csv
E05;37,0;204,0;1,4924906666666666;23,996957475898338;PCHIP monotônica entre pontos MDE de 5 m;01_dados/cav/cav_todos.csv
E05;38,0;205,0;1,5387359999999999;25,52360764241893;PCHIP monotônica entre pontos MDE de 5 m;01_dados/cav/cav_todos.csv
E05;39,0;206,0;1,5846542222222222;27,093505205959687;PCHIP monotônica entre pontos MDE de 5 m;01_dados/cav/cav_todos.csv
E05;40,0;207,0;1,63;28,7;PCHIP monotônica entre pontos MDE de 5 m;01_dados/cav/cav_todos.csv
E05;41,0;208,0;1,6741764160756503;30,346887789432024;PCHIP monotônica entre pontos MDE de 5 m;01_dados/cav/cav_todos.csv
E05;42,0;209,0;1,717355914893617;32,04157134375618;PCHIP monotônica entre pontos MDE de 5 m;01_dados/cav/cav_todos.csv
E05;43,0;210,0;1,7604472056737588;33,78281100336434;PCHIP monotônica entre pontos MDE de 5 m;01_dados/cav/cav_todos.csv
E05;44,0;211,0;1,804358997635934;35,56936710864833;PCHIP monotônica entre pontos MDE de 5 m;01_dados/cav/cav_todos.csv
E05;45,0;212,0;1,85;37,4;PCHIP monotônica entre pontos MDE de 5 m;01_dados/cav/cav_todos.csv
E05;46,0;213,0;1,8981207121146335;39,28014230414747;PCHIP monotônica entre pontos MDE de 5 m;01_dados/cav/cav_todos.csv
E05;47,0;214,0;1,948191923577942;41,21371723502303;PCHIP monotônica entre pontos MDE de 5 m;01_dados/cav/cav_todos.csv
E05;48,0;215,0;1,9992027789839337;43,19722101382489;PCHIP monotônica entre pontos MDE de 5 m;01_dados/cav/cav_todos.csv
E05;49,0;216,0;2,0501424229266174;45,227149861751144;PCHIP monotônica entre pontos MDE de 5 m;01_dados/cav/cav_todos.csv
E05;50,0;217,0;2,1;47,3;PCHIP monotônica entre pontos MDE de 5 m;01_dados/cav/cav_todos.csv
E05;51,0;218,0;2,1479024104736237;49,4163304159132;PCHIP monotônica entre pontos MDE de 5 m;01_dados/cav/cav_todos.csv
E05;52,0;219,0;2,1945317212167885;51,58121981916817;PCHIP monotônica entre pontos MDE de 5 m;01_dados/cav/cav_todos.csv
E05;53,0;220,0;2,241209826723142;53,79794401446655;PCHIP monotônica entre pontos MDE de 5 m;01_dados/cav/cav_todos.csv
E05;54,0;221,0;2,2892586214863306;56,069778806509945;PCHIP monotônica entre pontos MDE de 5 m;01_dados/cav/cav_todos.csv
E05;55,0;222,0;2,34;58,4;PCHIP monotônica entre pontos MDE de 5 m;01_dados/cav/cav_todos.csv
E05;56,0;223,0;2,394660920225091;60,799596777905634;PCHIP monotônica entre pontos MDE de 5 m;01_dados/cav/cav_todos.csv
E05;57,0;224,0;2,452548798411122;63,270182738780214;PCHIP monotônica entre pontos MDE de 5 m;01_dados/cav/cav_todos.csv
E05;58,0;225,0;2,5121062164846077;65,80097031070196;PCHIP monotônica entre pontos MDE de 5 m;01_dados/cav/cav_todos.csv
E05;59,0;226,0;2,571775756372062;68,38117192174914;PCHIP monotônica entre pontos MDE de 5 m;01_dados/cav/cav_todos.csv
E05;60,0;227,0;2,63;71,0;PCHIP monotônica entre pontos MDE de 5 m;01_dados/cav/cav_todos.csv
E05;61,0;228,0;2,683122684973303;73,6555118306351;PCHIP monotônica entre pontos MDE de 5 m;01_dados/cav/cav_todos.csv
E05;62,0;229,0;2,7321891075514877;76,35708094645081;PCHIP monotônica entre pontos MDE de 5 m;01_dados/cav/cav_todos.csv
E05;63,0;230,0;2,7826941876430205;79,11089414694894;PCHIP monotônica entre pontos MDE de 5 m;01_dados/cav/cav_todos.csv
E05;64,0;231,0;2,840132845156369;81,92313823163137;PCHIP monotônica entre pontos MDE de 5 m;01_dados/cav/cav_todos.csv
E05;65,0;232,0;2,91;84,8;PCHIP monotônica entre pontos MDE de 5 m;01_dados/cav/cav_todos.csv
E05;66,0;233,0;2,9898044802764185;87,60701279919525;PCHIP monotônica entre pontos MDE de 5 m;01_dados/cav/cav_todos.csv
E05;67,0;234,0;3,0815177886553418;90,34355894553093;PCHIP monotônica entre pontos MDE de 5 m;01_dados/cav/cav_todos.csv
E05;68,0;235,0;3,197328856896055;93,216598692269;PCHIP monotônica entre pontos MDE de 5 m;01_dados/cav/cav_todos.csv
E05;69,0;236,0;3,3494266167578464;96,43309229267138;PCHIP monotônica entre pontos MDE de 5 m;01_dados/cav/cav_todos.csv
E05;70,0;237,0;3,55;100,2;PCHIP monotônica entre pontos MDE de 5 m;01_dados/cav/cav_todos.csv
E05;71,0;238,0;4,195243106562312;104,84357053304097;PCHIP monotônica entre pontos MDE de 5 m;01_dados/cav/cav_todos.csv
E05;72,0;239,0;5,42708031306442;110,43338978486804;PCHIP monotônica entre pontos MDE de 5 m;01_dados/cav/cav_todos.csv
E05;73,0;240,0;6,876295966285371;116,79142377017462;PCHIP monotônica entre pontos MDE de 5 m;01_dados/cav/cav_todos.csv
E05;74,0;241,0;8,173674413004214;123,73963850365412;PCHIP monotônica entre pontos MDE de 5 m;01_dados/cav/cav_todos.csv
E05;75,0;242,0;8,95;131,1;PCHIP monotônica entre pontos MDE de 5 m;01_dados/cav/cav_todos.csv
E05;76,0;243,0;9,28438727964051;139,2529793885412;PCHIP monotônica entre pontos MDE de 5 m;01_dados/cav/cav_todos.csv
E05;77,0;244,0;9,529889111648806;148,46242990641142;PCHIP monotônica entre pontos MDE de 5 m;01_dados/cav/cav_todos.csv
E05;78,0;245,0;9,728197303836847;158,37539073001102;PCHIP monotônica entre pontos MDE de 5 m;01_dados/cav/cav_todos.csv
E05;79,0;246,0;9,921003664016592;168,6389010357404;PCHIP monotônica entre pontos MDE de 5 m;01_dados/cav/cav_todos.csv
E05;80,0;247,0;10,15;178,9;PCHIP monotônica entre pontos MDE de 5 m;01_dados/cav/cav_todos.csv
E05;81,0;248,0;10,41658661547738;189,15709191861467;PCHIP monotônica entre pontos MDE de 5 m;01_dados/cav/cav_todos.csv
E05;82,0;249,0;10,69377353464506;199,66058813305423;PCHIP monotônica entre pontos MDE de 5 m;01_dados/cav/cav_todos.csv
E05;83,0;250,0;10,980667146074051;210,4355383881865;PCHIP monotônica entre pontos MDE de 5 m;01_dados/cav/cav_todos.csv
E05;84,0;251,0;11,276373838335363;221,50699242887916;PCHIP monotônica entre pontos MDE de 5 m;01_dados/cav/cav_todos.csv
E05;85,0;252,0;11,58;232,9;PCHIP monotônica entre pontos MDE de 5 m;01_dados/cav/cav_todos.csv
E05;86,0;253,0;11,894331313313767;244,6564886378073;PCHIP monotônica entre pontos MDE de 5 m;01_dados/cav/cav_todos.csv
E05;87,0;254,0;12,220648308873336;256,78290481187287;PCHIP monotônica entre pontos MDE de 5 m;01_dados/cav/cav_todos.csv
E05;88,0;255,0;12,555799647776023;269,25107666703474;PCHIP monotônica entre pontos MDE de 5 m;01_dados/cav/cav_todos.csv
E05;89,0;256,0;12,896633991119138;282,03283234813114;PCHIP monotônica entre pontos MDE de 5 m;01_dados/cav/cav_todos.csv
E05;90,0;257,0;13,24;295,1;PCHIP monotônica entre pontos MDE de 5 m;01_dados/cav/cav_todos.csv
E05;91,0;258,0;13,588212543727481;308,47034088657847;PCHIP monotônica entre pontos MDE de 5 m;01_dados/cav/cav_todos.csv
E05;92,0;259,0;13,943539956763837;322,18244303709395;PCHIP monotônica entre pontos MDE de 5 m;01_dados/cav/cav_todos.csv
E05;93,0;260,0;14,302761097936456;336,2393747443201;PCHIP monotônica entre pontos MDE de 5 m;01_dados/cav/cav_todos.csv
E05;94,0;261,0;14,662654826072716;350,64420430103087;PCHIP monotônica entre pontos MDE de 5 m;01_dados/cav/cav_todos.csv
E05;95,0;262,0;15,02;365,4;PCHIP monotônica entre pontos MDE de 5 m;01_dados/cav/cav_todos.csv
E05;96,0;263,0;15,377672482897383;380,56020902017417;PCHIP monotônica entre pontos MDE de 5 m;01_dados/cav/cav_todos.csv
E05;97,0;264,0;15,737820828973843;396,14586521929493;PCHIP monotônica entre pontos MDE de 5 m;01_dados/cav/cav_todos.csv
E05;98,0;265,0;16,09613293360161;412,1114169083287;PCHIP monotônica entre pontos MDE de 5 m;01_dados/cav/cav_todos.csv
E05;99,0;266,0;16,448296692152915;428,41131239824165;PCHIP monotônica entre pontos MDE de 5 m;01_dados/cav/cav_todos.csv
E05;100,0;267,0;16,79;445,0;PCHIP monotônica entre pontos MDE de 5 m;01_dados/cav/cav_todos.csv
E05;101,0;268,0;17,114119267399268;461,8970139239707;PCHIP monotônica entre pontos MDE de 5 m;01_dados/cav/cav_todos.csv
E05;102,0;269,0;17,423914945054946;479,1495620583081;PCHIP monotônica entre pontos MDE de 5 m;01_dados/cav/cav_todos.csv
E05;103,0;270,0;17,73065098901099;496,7536032306603;PCHIP monotônica entre pontos MDE de 5 m;01_dados/cav/cav_todos.csv
E05;104,0;271,0;18,045591355311355;514,705096268675;PCHIP monotônica entre pontos MDE de 5 m;01_dados/cav/cav_todos.csv
E05;105,0;272,0;18,38;533,0;PCHIP monotônica entre pontos MDE de 5 m;01_dados/cav/cav_todos.csv
E05;106,0;273,0;18,739794410125256;551,6640565492999;PCHIP monotônica entre pontos MDE de 5 m;01_dados/cav/cav_todos.csv
E05;107,0;274,0;19,11870630729884;570,7178552232642;PCHIP monotônica entre pontos MDE de 5 m;01_dados/cav/cav_todos.csv
E05;108,0;275,0;19,509720999409797;590,1496256225788;PCHIP monotônica entre pontos MDE de 5 m;01_dados/cav/cav_todos.csv
E05;109,0;276,0;19,90582379434717;609,9475973479289;PCHIP monotônica entre pontos MDE de 5 m;01_dados/cav/cav_todos.csv
E05;110,0;277,0;20,3;630,1;PCHIP monotônica entre pontos MDE de 5 m;01_dados/cav/cav_todos.csv
E05;111,0;278,0;20,690978732594488;650,6278959630015;PCHIP monotônica entre pontos MDE de 5 m;01_dados/cav/cav_todos.csv
E05;112,0;279,0;21,083486581415176;671,556854310212;PCHIP monotônica entre pontos MDE de 5 m;01_dados/cav/cav_todos.csv
E05;113,0;280,0;21,479505063938618;692,8818646759216;PCHIP monotônica entre pontos MDE de 5 m;01_dados/cav/cav_todos.csv
E05;114,0;281,0;21,881015697641377;714,597916694421;PCHIP monotônica entre pontos MDE de 5 m;01_dados/cav/cav_todos.csv
E05;115,0;282,0;22,29;736,7;PCHIP monotônica entre pontos MDE de 5 m;01_dados/cav/cav_todos.csv
E05;116,0;283,0;22,706804251207732;759,2141944494181;PCHIP monotônica entre pontos MDE de 5 m;01_dados/cav/cav_todos.csv
E05;117,0;284,0;23,130354782608695;782,1624687555953;PCHIP monotônica entre pontos MDE de 5 m;01_dados/cav/cav_todos.csv
E05;118,0;285,0;23,560503188405796;805,5336458370637;PCHIP monotônica entre pontos MDE de 5 m;01_dados/cav/cav_todos.csv
E05;119,0;286,0;23,99710106280193;829,3165486123545;PCHIP monotônica entre pontos MDE de 5 m;01_dados/cav/cav_todos.csv
E05;120,0;287,0;24,44;853,5;PCHIP monotônica entre pontos MDE de 5 m;01_dados/cav/cav_todos.csv
E06;10,0;159,5;0,95;6,5;PCHIP monotônica entre pontos MDE de 5 m;01_dados/cav/cav_todos.csv
E06;11,0;160,5;1,0324187012987014;7,512278518518519;PCHIP monotônica entre pontos MDE de 5 m;01_dados/cav/cav_todos.csv
E06;12,0;161,5;1,113656103896104;8,604835555555557;PCHIP monotônica entre pontos MDE de 5 m;01_dados/cav/cav_todos.csv
E06;13,0;162,5;1,193684155844156;9,771253333333336;PCHIP monotônica entre pontos MDE de 5 m;01_dados/cav/cav_todos.csv
E06;14,0;163,5;1,2724748051948054;11,005114074074076;PCHIP monotônica entre pontos MDE de 5 m;01_dados/cav/cav_todos.csv
E06;15,0;164,5;1,35;12,3;PCHIP monotônica entre pontos MDE de 5 m;01_dados/cav/cav_todos.csv
E06;16,0;165,5;1,4237403059163058;13,671717925925927;PCHIP monotônica entre pontos MDE de 5 m;01_dados/cav/cav_todos.csv
E06;17,0;166,5;1,4937611774891775;15,135242666666667;PCHIP monotônica entre pontos MDE de 5 m;01_dados/cav/cav_todos.csv
E06;18,0;167,5;1,5639118961038962;16,682908444444447;PCHIP monotônica entre pontos MDE de 5 m;01_dados/cav/cav_todos.csv
E06;19,0;168,5;1,6380417431457432;18,30704948148148;PCHIP monotônica entre pontos MDE de 5 m;01_dados/cav/cav_todos.csv
E06;20,0;169,5;1,72;20,0;PCHIP monotônica entre pontos MDE de 5 m;01_dados/cav/cav_todos.csv
E06;21,0;170,5;1,8178837416020672;21,776536840182647;PCHIP monotônica entre pontos MDE de 5 m;01_dados/cav/cav_todos.csv
E06;22,0;171,5;1,9302645581395348;23,651850520547946;PCHIP monotônica entre pontos MDE de 5 m;01_dados/cav/cav_todos.csv
E06;23,0;172,5;2,046703503875969;25,618895780821923;PCHIP monotônica entre pontos MDE de 5 m;01_dados/cav/cav_todos.csv
E06;24,0;173,5;2,1567616330749355;27,670627360730595;PCHIP monotônica entre pontos MDE de 5 m;01_dados/cav/cav_todos.csv
E06;25,0;174,5;2,25;29,8;PCHIP monotônica entre pontos MDE de 5 m;01_dados/cav/cav_todos.csv
E06;26,0;175,5;2,3250795938421227;32,03192596745473;PCHIP monotônica entre pontos MDE de 5 m;01_dados/cav/cav_todos.csv
E06;27,0;176,5;2,390820176875205;34,38076420373407;PCHIP monotônica entre pontos MDE de 5 m;01_dados/cav/cav_todos.csv
E06;28,0;177,5;2,452020962987226;36,82363945628603;PCHIP monotônica entre pontos MDE de 5 m;01_dados/cav/cav_todos.csv
E06;29,0;178,5;2,5134811660661645;39,33767647255866;PCHIP monotônica entre pontos MDE de 5 m;01_dados/cav/cav_todos.csv
E06;30,0;179,5;2,58;41,9;PCHIP monotônica entre pontos MDE de 5 m;01_dados/cav/cav_todos.csv
E06;31,0;180,5;2,651966647887324;44,51283444483444;PCHIP monotônica entre pontos MDE de 5 m;01_dados/cav/cav_todos.csv
E06;32,0;181,5;2,7263224788732394;47,1958932958933;PCHIP monotônica entre pontos MDE de 5 m;01_dados/cav/cav_todos.csv
E06;33,0;182,5;2,802694985915493;49,95253492453492;PCHIP monotônica entre pontos MDE de 5 m;01_dados/cav/cav_todos.csv
E06;34,0;183,5;2,880711661971831;52,78611770211771;PCHIP monotônica entre pontos MDE de 5 m;01_dados/cav/cav_todos.csv
E06;35,0;184,5;2,96;55,7;PCHIP monotônica entre pontos MDE de 5 m;01_dados/cav/cav_todos.csv
E06;36,0;185,5;3,0377751578947367;58,69492240322298;PCHIP monotônica entre pontos MDE de 5 m;01_dados/cav/cav_todos.csv
E06;37,0;186,5;3,114365473684211;61,77458539148713;PCHIP monotônica entre pontos MDE de 5 m;01_dados/cav/cav_todos.csv
E06;38,0;187,5;3,194068210526315;64,94678717813977;PCHIP monotônica entre pontos MDE de 5 m;01_dados/cav/cav_todos.csv
E06;39,0;188,5;3,2811806315789473;68,21932597652828;PCHIP monotônica entre pontos MDE de 5 m;01_dados/cav/cav_todos.csv
E06;40,0;189,5;3,38;71,6;PCHIP monotônica entre pontos MDE de 5 m;01_dados/cav/cav_todos.csv
E06;41,0;190,5;3,5043553684210527;75,1018626223316;PCHIP monotônica entre pontos MDE de 5 m;01_dados/cav/cav_todos.csv
E06;42,0;191,5;3,6545397894736835;78,72877861843988;PCHIP monotônica entre pontos MDE de 5 m;01_dados/cav/cav_todos.csv
E06;43,0;192,5;3,8145465263157896;82,47476330338236;PCHIP monotônica entre pontos MDE de 5 m;01_dados/cav/cav_todos.csv
E06;44,0;193,5;3,9683688421052628;86,33383199221656;PCHIP monotônica entre pontos MDE de 5 m;01_dados/cav/cav_todos.csv
E06;45,0;194,5;4,1;90,3;PCHIP monotônica entre pontos MDE de 5 m;01_dados/cav/cav_todos.csv
E06;46,0;195,5;4,206971428571428;94,39307272610124;PCHIP monotônica entre pontos MDE de 5 m;01_dados/cav/cav_todos.csv
E06;47,0;196,5;4,301874285714286;98,62595085157105;PCHIP monotônica entre pontos MDE de 5 m;01_dados/cav/cav_todos.csv
E06;48,0;197,5;4,391291428571429;102,98229261399025;PCHIP monotônica entre pontos MDE de 5 m;01_dados/cav/cav_todos.csv
E06;49,0;198,5;4,481805714285714;107,44575625093962;PCHIP monotônica entre pontos MDE de 5 m;01_dados/cav/cav_todos.csv
E06;50,0;199,5;4,58;112,0;PCHIP monotônica entre pontos MDE de 5 m;01_dados/cav/cav_todos.csv
E06;51,0;200,5;4,688239258687259;116,65471040037669;PCHIP monotônica entre pontos MDE de 5 m;01_dados/cav/cav_todos.csv
E06;52,0;201,5;4,802443490347491;121,42710733995864;PCHIP monotônica entre pontos MDE de 5 m;01_dados/cav/cav_todos.csv
E06;53,0;202,5;4,919528092664093;126,31214907935228;PCHIP monotônica entre pontos MDE de 5 m;01_dados/cav/cav_todos.csv
E06;54,0;203,5;5,0364084633204635;131,30479387916392;PCHIP monotônica entre pontos MDE de 5 m;01_dados/cav/cav_todos.csv
E06;55,0;204,5;5,15;136,4;PCHIP monotônica entre pontos MDE de 5 m;01_dados/cav/cav_todos.csv
E06;56,0;205,5;5,259553926289927;141,6099187010413;PCHIP monotônica entre pontos MDE de 5 m;01_dados/cav/cav_todos.csv
E06;57,0;206,5;5,367159076167076;146,9439886612634;PCHIP monotônica entre pontos MDE de 5 m;01_dados/cav/cav_todos.csv
E06;58,0;207,5;5,473987262899263;152,39309927096485;PCHIP monotônica entre pontos MDE de 5 m;01_dados/cav/cav_todos.csv
E06;59,0;208,5;5,581210299754301;157,94813992044422;PCHIP monotônica entre pontos MDE de 5 m;01_dados/cav/cav_todos.csv
E06;60,0;209,5;5,69;163,6;PCHIP monotônica entre pontos MDE de 5 m;01_dados/cav/cav_todos.csv
E06;61,0;210,5;5,800696727272728;169,35769531180384;PCHIP monotônica entre pontos MDE de 5 m;01_dados/cav/cav_todos.csv
E06;62,0;211,5;5,912533818181819;175,23240642577932;PCHIP monotônica entre pontos MDE de 5 m;01_dados/cav/cav_todos.csv
E06;63,0;212,5;6,025022545454546;181,21826988385288;PCHIP monotônica entre pontos MDE de 5 m;01_dados/cav/cav_todos.csv
E06;64,0;213,5;6,1376741818181815;187,30942222795096;PCHIP monotônica entre pontos MDE de 5 m;01_dados/cav/cav_todos.csv
E06;65,0;214,5;6,25;193,5;PCHIP monotônica entre pontos MDE de 5 m;01_dados/cav/cav_todos.csv
E06;66,0;215,5;6,361382068965518;199,79238628450952;PCHIP monotônica entre pontos MDE de 5 m;01_dados/cav/cav_todos.csv
E06;67,0;216,5;6,472146206896553;206,19515565352853;PCHIP monotônica entre pontos MDE de 5 m;01_dados/cav/cav_todos.csv
E06;68,0;217,5;6,583219310344827;212,71173188029286;PCHIP monotônica entre pontos MDE de 5 m;01_dados/cav/cav_todos.csv
E06;69,0;218,5;6,695528275862069;219,34553873803807;PCHIP monotônica entre pontos MDE de 5 m;01_dados/cav/cav_todos.csv
E06;70,0;219,5;6,81;226,1;PCHIP monotônica entre pontos MDE de 5 m;01_dados/cav/cav_todos.csv
E06;71,0;220,5;6,927036970039571;232,98505891457938;PCHIP monotônica entre pontos MDE de 5 m;01_dados/cav/cav_todos.csv
E06;72,0;221,5;7,046076427360091;240,00406107755953;PCHIP monotônica entre pontos MDE de 5 m;01_dados/cav/cav_todos.csv
E06;73,0;222,5;7,166597399660826;247,15053378324995;PCHIP monotônica entre pontos MDE de 5 m;01_dados/cav/cav_todos.csv
E06;74,0;223,5;7,28807891464104;254,41800432596028;PCHIP monotônica entre pontos MDE de 5 m;01_dados/cav/cav_todos.csv
E06;75,0;224,5;7,41;261,8;PCHIP monotônica entre pontos MDE de 5 m;01_dados/cav/cav_todos.csv
E06;76,0;225,5;7,532540296393442;269,3056497579069;PCHIP monotônica entre pontos MDE de 5 m;01_dados/cav/cav_todos.csv
E06;77,0;226,5;7,656060233442623;276,9444284683516;PCHIP monotônica entre pontos MDE de 5 m;01_dados/cav/cav_todos.csv
E06;78,0;227,5;7,780310022295081;284,7103822998428;PCHIP monotônica entre pontos MDE de 5 m;01_dados/cav/cav_todos.csv
E06;79,0;228,5;7,90503987409836;292,5975574208894;PCHIP monotônica entre pontos MDE de 5 m;01_dados/cav/cav_todos.csv
E06;80,0;229,5;8,03;300,6;PCHIP monotônica entre pontos MDE de 5 m;01_dados/cav/cav_todos.csv
E06;81,0;230,5;8,14023488;308,6885869546496;PCHIP monotônica entre pontos MDE de 5 m;01_dados/cav/cav_todos.csv
E06;82,0;231,5;8,23591424;316,8720508267741;PCHIP monotônica entre pontos MDE de 5 m;01_dados/cav/cav_todos.csv
E06;83,0;232,5;8,33947616;325,20122122157386;PCHIP monotônica entre pontos MDE de 5 m;01_dados/cav/cav_todos.csv
E06;84,0;233,5;8,473358719999998;333,726927744249;PCHIP monotônica entre pontos MDE de 5 m;01_dados/cav/cav_todos.csv
E06;85,0;234,5;8,66;342,5;PCHIP monotônica entre pontos MDE de 5 m;01_dados/cav/cav_todos.csv
E06;86,0;235,5;9,15307407616361;351,3091695763809;PCHIP monotônica entre pontos MDE de 5 m;01_dados/cav/cav_todos.csv
E06;87,0;236,5;10,051022228490831;360,13507074031594;PCHIP monotônica entre pontos MDE de 5 m;01_dados/cav/cav_todos.csv
E06;88,0;237,5;11,14343334273625;369,3163871160605;PCHIP monotônica entre pontos MDE de 5 m;01_dados/cav/cav_todos.csv
E06;89,0;238,5;12,219896304654444;379,1918023278701;PCHIP monotônica entre pontos MDE de 5 m;01_dados/cav/cav_todos.csv
E06;90,0;239,5;13,07;390,1;PCHIP monotônica entre pontos MDE de 5 m;01_dados/cav/cav_todos.csv
E06;91,0;240,5;13,713650998448182;402,61589274587584;PCHIP monotônica entre pontos MDE de 5 m;01_dados/cav/cav_todos.csv
E06;92,0;241,5;14,308008566571626;416,73069810517717;PCHIP monotônica entre pontos MDE de 5 m;01_dados/cav/cav_todos.csv
E06;93,0;242,5;14,84854063547098;431,9075570915406;PCHIP monotônica entre pontos MDE de 5 m;01_dados/cav/cav_todos.csv
E06;94,0;243,5;15,33071513624689;447,60961071860265;PCHIP monotônica entre pontos MDE de 5 m;01_dados/cav/cav_todos.csv
E06;95,0;244,5;15,75;463,3;PCHIP monotônica entre pontos MDE de 5 m;01_dados/cav/cav_todos.csv
E06;96,0;245,5;16,098989711102245;479,02272395957976;PCHIP monotônica entre pontos MDE de 5 m;01_dados/cav/cav_todos.csv
E06;97,0;246,5;16,393773906576428;495,1574469430064;PCHIP monotônica entre pontos MDE de 5 m;01_dados/cav/cav_todos.csv
E06;98,0;247,5;16,66506324649949;511,6708079466433;PCHIP monotônica entre pontos MDE de 5 m;01_dados/cav/cav_todos.csv
E06;99,0;248,5;16,943568390948368;528,5294459668536;PCHIP monotônica entre pontos MDE de 5 m;01_dados/cav/cav_todos.csv
E06;100,0;249,5;17,26;545,7;PCHIP monotônica entre pontos MDE de 5 m;01_dados/cav/cav_todos.csv
E06;101,0;250,5;17,629483789153145;563,1994456964472;PCHIP monotônica entre pontos MDE de 5 m;01_dados/cav/cav_todos.csv
E06;102,0;251,5;18,034493293805042;581,0678670432585;PCHIP monotônica entre pontos MDE de 5 m;01_dados/cav/cav_todos.csv
E06;103,0;252,5;18,456760903880365;599,3065655418462;PCHIP monotônica entre pontos MDE de 5 m;01_dados/cav/cav_todos.csv
E06;104,0;253,5;18,87801900930379;617,9168426936227;PCHIP monotônica entre pontos MDE de 5 m;01_dados/cav/cav_todos.csv
E06;105,0;254,5;19,28;636,9;PCHIP monotônica entre pontos MDE de 5 m;01_dados/cav/cav_todos.csv
E06;106,0;255,5;19,655962067183467;656,2883671489998;PCHIP monotônica entre pontos MDE de 5 m;01_dados/cav/cav_todos.csv
E06;107,0;256,5;20,0183823255814;676,1010639860208;PCHIP monotônica entre pontos MDE de 5 m;01_dados/cav/cav_todos.csv
E06;108,0;257,5;20,377821550387594;696,3195772485421;PCHIP monotônica entre pontos MDE de 5 m;01_dados/cav/cav_todos.csv
E06;109,0;258,5;20,744840516795865;716,9253936740423;PCHIP monotônica entre pontos MDE de 5 m;01_dados/cav/cav_todos.csv
E06;110,0;259,5;21,13;737,9;PCHIP monotônica entre pontos MDE de 5 m;01_dados/cav/cav_todos.csv
E06;111,0;260,5;21,541675384615385;759,267940297539;PCHIP monotônica entre pontos MDE de 5 m;01_dados/cav/cav_todos.csv
E06;112,0;261,5;21,973726153846155;781,0604246662016;PCHIP monotônica entre pontos MDE de 5 m;01_dados/cav/cav_todos.csv
E06;113,0;262,5;22,41493923076923;803,2689388860948;PCHIP monotônica entre pontos MDE de 5 m;01_dados/cav/cav_todos.csv
E06;114,0;263,5;22,85410153846154;825,8849687373253;PCHIP monotônica entre pontos MDE de 5 m;01_dados/cav/cav_todos.csv
E06;115,0;264,5;23,28;848,9;PCHIP monotônica entre pontos MDE de 5 m;01_dados/cav/cav_todos.csv
E06;116,0;265,5;23,692898461538466;872,3410840928634;PCHIP monotônica entre pontos MDE de 5 m;01_dados/cav/cav_todos.csv
E06;117,0;266,5;24,10046076923077;896,2332196044712;PCHIP monotônica entre pontos MDE de 5 m;01_dados/cav/cav_todos.csv
E06;118,0;267,5;24,502573846153844;920,5648130696475;PCHIP monotônica entre pontos MDE de 5 m;01_dados/cav/cav_todos.csv
E06;119,0;268,5;24,899124615384615;945,3242710232158;PCHIP monotônica entre pontos MDE de 5 m;01_dados/cav/cav_todos.csv
E06;120,0;269,5;25,29;970,5;PCHIP monotônica entre pontos MDE de 5 m;01_dados/cav/cav_todos.csv
E07;10,0;159,5;1,27;9,3;PCHIP monotônica entre pontos MDE de 5 m;01_dados/cav/cav_todos.csv
E07;11,0;160,5;1,3632297674418605;10,67137777777778;PCHIP monotônica entre pontos MDE de 5 m;01_dados/cav/cav_todos.csv
E07;12,0;161,5;1,4548893023255816;12,122133333333334;PCHIP monotônica entre pontos MDE de 5 m;01_dados/cav/cav_todos.csv
E07;13,0;162,5;1,5449339534883721;13,647200000000002;PCHIP monotônica entre pontos MDE de 5 m;01_dados/cav/cav_todos.csv
E07;14,0;163,5;1,6333190697674418;15,241511111111109;PCHIP monotônica entre pontos MDE de 5 m;01_dados/cav/cav_todos.csv
E07;15,0;164,5;1,72;16,9;PCHIP monotônica entre pontos MDE de 5 m;01_dados/cav/cav_todos.csv
E07;16,0;165,5;1,802412064253177;18,628296296296295;PCHIP monotônica entre pontos MDE de 5 m;01_dados/cav/cav_todos.csv
E07;17,0;166,5;1,8806594485734833;20,438222222222223;PCHIP monotônica entre pontos MDE de 5 m;01_dados/cav/cav_todos.csv
E07;18,0;167,5;1,958700800767202;22,334;PCHIP monotônica entre pontos MDE de 5 m;01_dados/cav/cav_todos.csv
E07;19,0;168,5;2,0404947686406136;24,31985185185185;PCHIP monotônica entre pontos MDE de 5 m;01_dados/cav/cav_todos.csv
E07;20,0;169,5;2,13;26,4;PCHIP monotônica entre pontos MDE de 5 m;01_dados/cav/cav_todos.csv
E07;21,0;170,5;2,2345765391863432;28,59996433263452;PCHIP monotônica entre pontos MDE de 5 m;01_dados/cav/cav_todos.csv
E07;22,0;171,5;2,352513122713668;30,92944855345912;PCHIP monotônica entre pontos MDE de 5 m;01_dados/cav/cav_todos.csv
E07;23,0;172,5;2,4741614366478215;33,36895060796646;PCHIP monotônica entre pontos MDE de 5 m;01_dados/cav/cav_todos.csv
E07;24,0;173,5;2,58987316705465;35,898968441649195;PCHIP monotônica entre pontos MDE de 5 m;01_dados/cav/cav_todos.csv
E07;25,0;174,5;2,69;38,5;PCHIP monotônica entre pontos MDE de 5 m;01_dados/cav/cav_todos.csv
E07;26,0;175,5;2,772926331836124;41,19291826859046;PCHIP monotônica entre pontos MDE de 5 m;01_dados/cav/cav_todos.csv
E07;27,0;176,5;2,8466370600245;43,9987095227525;PCHIP monotônica entre pontos MDE de 5 m;01_dados/cav/cav_todos.csv
E07;28,0;177,5;2,915884622294814;46,898041642619305;PCHIP monotônica entre pontos MDE de 5 m;01_dados/cav/cav_todos.csv
E07;29,0;178,5;2,9854214563767525;49,87158250832408;PCHIP monotônica entre pontos MDE de 5 m;01_dados/cav/cav_todos.csv
E07;30,0;179,5;3,06;52,9;PCHIP monotônica entre pontos MDE de 5 m;01_dados/cav/cav_todos.csv
E07;31,0;180,5;3,1399865592635217;55,98227180527383;PCHIP monotônica entre pontos MDE de 5 m;01_dados/cav/cav_todos.csv
E07;32,0;181,5;3,222339424626007;59,135521298174446;PCHIP monotônica entre pontos MDE de 5 m;01_dados/cav/cav_todos.csv
E07;33,0;182,5;3,3066990103567324;62,36763488843813;PCHIP monotônica entre pontos MDE de 5 m;01_dados/cav/cav_todos.csv
E07;34,0;183,5;3,392705730724971;65,68649898580121;PCHIP monotônica entre pontos MDE de 5 m;01_dados/cav/cav_todos.csv
E07;35,0;184,5;3,48;69,1;PCHIP monotônica entre pontos MDE de 5 m;01_dados/cav/cav_todos.csv
E07;36,0;185,5;3,5657957024793387;72,61138898610396;PCHIP monotônica entre pontos MDE de 5 m;01_dados/cav/cav_todos.csv
E07;37,0;186,5;3,650405289256198;76,22202902727739;PCHIP monotônica entre pontos MDE de 5 m;01_dados/cav/cav_todos.csv
E07;38,0;187,5;3,7381170247933886;79,93697457539888;PCHIP monotônica entre pontos MDE de 5 m;01_dados/cav/cav_todos.csv
E07;39,0;188,5;3,8332191735537187;83,76128008234689;PCHIP monotônica entre pontos MDE de 5 m;01_dados/cav/cav_todos.csv
E07;40,0;189,5;3,94;87,7;PCHIP monotônica entre pontos MDE de 5 m;01_dados/cav/cav_todos.csv
E07;41,0;190,5;4,071338192230104;91,7660026762738;PCHIP monotônica entre pontos MDE de 5 m;01_dados/cav/cav_todos.csv
E07;42,0;191,5;4,227155072558078;95,96487370046322;PCHIP monotônica entre pontos MDE de 5 m;01_dados/cav/cav_todos.csv
E07;43,0;192,5;4,392302856771003;100,2907433865157;PCHIP monotônica entre pontos MDE de 5 m;01_dados/cav/cav_todos.csv
E07;44,0;193,5;4,551633760655951;104,73774204837879;PCHIP monotônica entre pontos MDE de 5 m;01_dados/cav/cav_todos.csv
E07;45,0;194,5;4,69;109,3;PCHIP monotônica entre pontos MDE de 5 m;01_dados/cav/cav_todos.csv
E07;46,0;195,5;4,805004803858978;113,99866975519873;PCHIP monotônica entre pontos MDE de 5 m;01_dados/cav/cav_todos.csv
E07;47,0;196,5;4,908412836773782;118,8464920242169;PCHIP monotônica entre pontos MDE de 5 m;01_dados/cav/cav_todos.csv
E07;48,0;197,5;5,0063184677590975;123,82497941563568;PCHIP monotônica entre pontos MDE de 5 m;01_dados/cav/cav_todos.csv
E07;49,0;198,5;5,104816065829609;128,91564453803633;PCHIP monotônica entre pontos MDE de 5 m;01_dados/cav/cav_todos.csv
E07;50,0;199,5;5,21;134,1;PCHIP monotônica entre pontos MDE de 5 m;01_dados/cav/cav_todos.csv
E07;51,0;200,5;5,323398844998845;139,38714043436562;PCHIP monotônica entre pontos MDE de 5 m;01_dados/cav/cav_todos.csv
E07;52,0;201,5;5,441126264726264;144,79537550157008;PCHIP monotônica entre pontos MDE de 5 m;01_dados/cav/cav_todos.csv
E07;53,0;202,5;5,561154261954262;150,32004035159176;PCHIP monotônica entre pontos MDE de 5 m;01_dados/cav/cav_todos.csv
E07;54,0;203,5;5,681454839454839;155,95647013440896;PCHIP monotônica entre pontos MDE de 5 m;01_dados/cav/cav_todos.csv
E07;55,0;204,5;5,8;161,7;PCHIP monotônica entre pontos MDE de 5 m;01_dados/cav/cav_todos.csv
E07;56,0;205,5;5,916634529914529;167,5608417627586;PCHIP monotônica entre pontos MDE de 5 m;01_dados/cav/cav_todos.csv
E07;57,0;206,5;6,032713846153847;173,54789533991092;PCHIP monotônica entre pontos MDE de 5 m;01_dados/cav/cav_todos.csv
E07;58,0;207,5;6,1484758974358975;179,654528035684;PCHIP monotônica entre pontos MDE de 5 m;01_dados/cav/cav_todos.csv
E07;59,0;208,5;6,264158632478633;185,87410715430465;PCHIP monotônica entre pontos MDE de 5 m;01_dados/cav/cav_todos.csv
E07;60,0;209,5;6,38;192,2;PCHIP monotônica entre pontos MDE de 5 m;01_dados/cav/cav_todos.csv
E07;61,0;210,5;6,495685423728813;198,64150739835154;PCHIP monotônica entre pontos MDE de 5 m;01_dados/cav/cav_todos.csv
E07;62,0;211,5;6,611056271186441;205,20831562228463;PCHIP monotônica entre pontos MDE de 5 m;01_dados/cav/cav_todos.csv
E07;63,0;212,5;6,726584406779661;211,89437014704197;PCHIP monotônica entre pontos MDE de 5 m;01_dados/cav/cav_todos.csv
E07;64,0;213,5;6,842741694915254;218,6936164478662;PCHIP monotônica entre pontos MDE de 5 m;01_dados/cav/cav_todos.csv
E07;65,0;214,5;6,96;225,6;PCHIP monotônica entre pontos MDE de 5 m;01_dados/cav/cav_todos.csv
E07;66,0;215,5;7,078230012401819;232,61763923940902;PCHIP monotônica entre pontos MDE de 5 m;01_dados/cav/cav_todos.csv
E07;67,0;216,5;7,197130715171559;239,75539691478366;PCHIP monotônica entre pontos MDE de 5 m;01_dados/cav/cav_todos.csv
E07;68,0;217,5;7,316916411740389;247,01433497045383;PCHIP monotônica entre pontos MDE de 5 m;01_dados/cav/cav_todos.csv
E07;69,0;218,5;7,437801405539479;254,39551535074932;PCHIP monotônica entre pontos MDE de 5 m;01_dados/cav/cav_todos.csv
E07;70,0;219,5;7,56;261,9;PCHIP monotônica entre pontos MDE de 5 m;01_dados/cav/cav_todos.csv
E07;71,0;220,5;7,683718170731708;269,535871222152;PCHIP monotônica entre pontos MDE de 5 m;01_dados/cav/cav_todos.csv
E07;72,0;221,5;7,80884231707317;277,3078247482503;PCHIP monotônica entre pontos MDE de 5 m;01_dados/cav/cav_todos.csv
E07;73,0;222,5;7,93510737804878;285,2118426632726;PCHIP monotônica entre pontos MDE de 5 m;01_dados/cav/cav_todos.csv
E07;74,0;223,5;8,062248292682927;293,24390705219656;PCHIP monotônica entre pontos MDE de 5 m;01_dados/cav/cav_todos.csv
E07;75,0;224,5;8,19;301,4;PCHIP monotônica entre pontos MDE de 5 m;01_dados/cav/cav_todos.csv
E07;76,0;225,5;8,31838484848485;309,6909765152759;PCHIP monotônica entre pontos MDE de 5 m;01_dados/cav/cav_todos.csv
E07;77,0;226,5;8,447592045454545;318,1248080391449;PCHIP monotônica entre pontos MDE de 5 m;01_dados/cav/cav_todos.csv
E07;78,0;227,5;8,577606818181819;326,6931513053758;PCHIP monotônica entre pontos MDE de 5 m;01_dados/cav/cav_todos.csv
E07;79,0;228,5;8,708414393939394;335,3876630477379;PCHIP monotônica entre pontos MDE de 5 m;01_dados/cav/cav_todos.csv
E07;80,0;229,5;8,84;344,2;PCHIP monotônica entre pontos MDE de 5 m;01_dados/cav/cav_todos.csv
E07;81,0;230,5;8,956893860962564;353,0991088902999;PCHIP monotônica entre pontos MDE de 5 m;01_dados/cav/cav_todos.csv
E07;82,0;231,5;9,059117946524063;362,0951645087375;PCHIP monotônica entre pontos MDE de 5 m;01_dados/cav/cav_todos.csv
E07;83,0;232,5;9,169895101604277;371,24166568202526;PCHIP monotônica entre pontos MDE de 5 m;01_dados/cav/cav_todos.csv
E07;84,0;233,5;9,312448171122993;380,59211123687527;PCHIP monotônica entre pontos MDE de 5 m;01_dados/cav/cav_todos.csv
E07;85,0;234,5;9,51;390,2;PCHIP monotônica entre pontos MDE de 5 m;01_dados/cav/cav_todos.csv
E07;86,0;235,5;10,012096448179273;399,8490214958574;PCHIP monotônica entre pontos MDE de 5 m;01_dados/cav/cav_todos.csv
E07;87,0;236,5;10,91413875630252;409,51773251617294;PCHIP monotônica entre pontos MDE de 5 m;01_dados/cav/cav_todos.csv
E07;88,0;237,5;12,008132840336135;419,5519327885597;PCHIP monotônica entre pontos MDE de 5 m;01_dados/cav/cav_todos.csv
E07;89,0;238,5;13,086084616246499;430,29742204063103;PCHIP monotônica entre pontos MDE de 5 m;01_dados/cav/cav_todos.csv
E07;90,0;239,5;13,94;442,1;PCHIP monotônica entre pontos MDE de 5 m;01_dados/cav/cav_todos.csv
E07;91,0;240,5;14,589176025565155;455,51826752966565;PCHIP monotônica entre pontos MDE de 5 m;01_dados/cav/cav_todos.csv
E07;92,0;241,5;15,188849085098827;470,52713592233005;PCHIP monotônica entre pontos MDE de 5 m;01_dados/cav/cav_todos.csv
E07;93,0;242,5;15,73493413184992;486,5968705501618;PCHIP monotônica entre pontos MDE de 5 m;01_dados/cav/cav_todos.csv
E07;94,0;243,5;16,223346119067344;503,197736785329;PCHIP monotônica entre pontos MDE de 5 m;01_dados/cav/cav_todos.csv
E07;95,0;244,5;16,65;519,8;PCHIP monotônica entre pontos MDE de 5 m;01_dados/cav/cav_todos.csv
E07;96,0;245,5;17,007254496711;536,4500561472757;PCHIP monotônica entre pontos MDE de 5 m;01_dados/cav/cav_todos.csv
E07;97,0;246,5;17,31046771548511;553,5225082476524;PCHIP monotônica entre pontos MDE de 5 m;01_dados/cav/cav_todos.csv
E07;98,0;247,5;17,590053685903726;570,9799322743912;PCHIP monotônica entre pontos MDE de 5 m;01_dados/cav/cav_todos.csv
E07;99,0;248,5;17,876426437548222;588,7849042007533;PCHIP monotônica entre pontos MDE de 5 m;01_dados/cav/cav_todos.csv
E07;100,0;249,5;18,2;606,9;PCHIP monotônica entre pontos MDE de 5 m;01_dados/cav/cav_todos.csv
E07;101,0;250,5;18,574851268791598;625,3376458006899;PCHIP monotônica entre pontos MDE de 5 m;01_dados/cav/cav_todos.csv
E07;102,0;251,5;18,983379433115736;644,1397177299388;PCHIP monotônica entre pontos MDE de 5 m;01_dados/cav/cav_todos.csv
E07;103,0;252,5;19,40848196304408;663,3129667588425;PCHIP monotônica entre pontos MDE de 5 m;01_dados/cav/cav_todos.csv
E07;104,0;253,5;19,83305632864828;682,8641438584975;PCHIP monotônica entre pontos MDE de 5 m;01_dados/cav/cav_todos.csv
E07;105,0;254,5;20,24;702,8;PCHIP monotônica entre pontos MDE de 5 m;01_dados/cav/cav_todos.csv
E07;106,0;255,5;20,62278652896273;723,1525838094983;PCHIP monotônica entre pontos MDE de 5 m;01_dados/cav/cav_todos.csv
E07;107,0;256,5;20,99304660978895;743,937216245145;PCHIP monotônica entre pontos MDE de 5 m;01_dados/cav/cav_todos.csv
E07;108,0;257,5;21,36091342613381;765,1355567760427;PCHIP monotônica entre pontos MDE de 5 m;01_dados/cav/cav_todos.csv
E07;109,0;258,5;21,736520161652447;786,7292648712935;PCHIP monotônica entre pontos MDE de 5 m;01_dados/cav/cav_todos.csv
E07;110,0;259,5;22,13;808,7;PCHIP monotônica entre pontos MDE de 5 m;01_dados/cav/cav_todos.csv
E07;111,0;260,5;22,549702197558265;831,0720864864867;PCHIP monotônica entre pontos MDE de 5 m;01_dados/cav/cav_todos.csv
E07;112,0;261,5;22,989753651498336;853,8764972972974;PCHIP monotônica entre pontos MDE de 5 m;01_dados/cav/cav_todos.csv
E07;113,0;262,5;23,438954006659266;877,1048648648648;PCHIP monotônica entre pontos MDE de 5 m;01_dados/cav/cav_todos.csv
E07;114,0;263,5;23,886102907880133;900,7488216216215;PCHIP monotônica entre pontos MDE de 5 m;01_dados/cav/cav_todos.csv
E07;115,0;264,5;24,32;924,8;PCHIP monotônica entre pontos MDE de 5 m;01_dados/cav/cav_todos.csv
E07;116,0;265,5;24,740904150943397;949,2852800000001;PCHIP monotônica entre pontos MDE de 5 m;01_dados/cav/cav_todos.csv
E07;117,0;266,5;25,15646716981132;974,22944;PCHIP monotônica entre pontos MDE de 5 m;01_dados/cav/cav_todos.csv
E07;118,0;267,5;25,566578113207548;999,6209600000001;PCHIP monotônica entre pontos MDE de 5 m;01_dados/cav/cav_todos.csv
E07;119,0;268,5;25,97112603773585;1025,44832;PCHIP monotônica entre pontos MDE de 5 m;01_dados/cav/cav_todos.csv
E07;120,0;269,5;26,37;1051,7;PCHIP monotônica entre pontos MDE de 5 m;01_dados/cav/cav_todos.csv
E08;10,0;158,0;1,96;13,5;PCHIP monotônica entre pontos MDE de 5 m;01_dados/cav/cav_todos.csv
E08;11,0;159,0;2,0872213333333334;15,525625;PCHIP monotônica entre pontos MDE de 5 m;01_dados/cav/cav_todos.csv
E08;12,0;160,0;2,2128640000000006;17,676875000000003;PCHIP monotônica entre pontos MDE de 5 m;01_dados/cav/cav_todos.csv
E08;13,0;161,0;2,3368960000000003;19,9453125;PCHIP monotônica entre pontos MDE de 5 m;01_dados/cav/cav_todos.csv
E08;14,0;162,0;2,4592853333333333;22,3225;PCHIP monotônica entre pontos MDE de 5 m;01_dados/cav/cav_todos.csv
E08;15,0;163,0;2,58;24,8;PCHIP monotônica entre pontos MDE de 5 m;01_dados/cav/cav_todos.csv
E08;16,0;164,0;2,6955158260869565;27,396880000000003;PCHIP monotônica entre pontos MDE de 5 m;01_dados/cav/cav_todos.csv
E08;17,0;165,0;2,8059074782608695;30,132827500000005;PCHIP monotônica entre pontos MDE de 5 m;01_dados/cav/cav_todos.csv
E08;18,0;166,0;2,9165412173913046;33,00033500000001;PCHIP monotônica entre pontos MDE de 5 m;01_dados/cav/cav_todos.csv
E08;19,0;167,0;3,0327833043478263;35,991895;PCHIP monotônica entre pontos MDE de 5 m;01_dados/cav/cav_todos.csv
E08;20,0;168,0;3,16;39,1;PCHIP monotônica entre pontos MDE de 5 m;01_dados/cav/cav_todos.csv
E08;21,0;169,0;3,305939307897072;42,34437387755103;PCHIP monotônica entre pontos MDE de 5 m;01_dados/cav/cav_todos.csv
E08;22,0;170,0;3,4684266193433895;45,74447163265306;PCHIP monotônica entre pontos MDE de 5 m;01_dados/cav/cav_todos.csv
E08;23,0;171,0;3,6379442768411714;49,29238244897959;PCHIP monotônica entre pontos MDE de 5 m;01_dados/cav/cav_todos.csv
E08;24,0;172,0;3,8049746228926358;52,980195510204084;PCHIP monotônica entre pontos MDE de 5 m;01_dados/cav/cav_todos.csv
E08;25,0;173,0;3,96;56,8;PCHIP monotônica entre pontos MDE de 5 m;01_dados/cav/cav_todos.csv
E08;26,0;174,0;4,101268923569427;60,78418777273328;PCHIP monotônica entre pontos MDE de 5 m;01_dados/cav/cav_todos.csv
E08;27,0;175,0;4,235586362545018;64,95276739983251;PCHIP monotônica entre pontos MDE de 5 m;01_dados/cav/cav_todos.csv
E08;28,0;176,0;4,3662693397358945;69,27925314056509;PCHIP monotônica entre pontos MDE de 5 m;01_dados/cav/cav_todos.csv
E08;29,0;177,0;4,4966348779511796;73,73715925419843;PCHIP monotônica entre pontos MDE de 5 m;01_dados/cav/cav_todos.csv
E08;30,0;178,0;4,63;78,3;PCHIP monotônica entre pontos MDE de 5 m;01_dados/cav/cav_todos.csv
E08;31,0;179,0;4,764800249318271;82,97727346001086;PCHIP monotônica entre pontos MDE de 5 m;01_dados/cav/cav_todos.csv
E08;32,0;180,0;4,898836042072458;87,79604500206277;PCHIP monotônica entre pontos MDE de 5 m;01_dados/cav/cav_todos.csv
E08;33,0;181,0;5,034471710167511;92,75617981410925;PCHIP monotônica entre pontos MDE de 5 m;01_dados/cav/cav_todos.csv
E08;34,0;182,0;5,174071585508376;97,85754308410384;PCHIP monotônica entre pontos MDE de 5 m;01_dados/cav/cav_todos.csv
E08;35,0;183,0;5,32;103,1;PCHIP monotônica entre pontos MDE de 5 m;01_dados/cav/cav_todos.csv
E08;36,0;184,0;5,472111534696229;108,49412220438738;PCHIP monotônica entre pontos MDE de 5 m;01_dados/cav/cav_todos.csv
E08;37,0;185,0;5,6292776504463005;114,05081605136436;PCHIP monotônica entre pontos MDE de 5 m;01_dados/cav/cav_todos.csv
E08;38,0;186,0;5,792387998848258;119,77044879614766;PCHIP monotônica entre pontos MDE de 5 m;01_dados/cav/cav_todos.csv
E08;39,0;187,0;5,962332231500144;125,65338769395396;PCHIP monotônica entre pontos MDE de 5 m;01_dados/cav/cav_todos.csv
E08;40,0;188,0;6,14;131,7;PCHIP monotônica entre pontos MDE de 5 m;01_dados/cav/cav_todos.csv
E08;41,0;189,0;6,331315157190636;137,9211621187801;PCHIP monotônica entre pontos MDE de 5 m;01_dados/cav/cav_todos.csv
E08;42,0;190,0;6,536554167224081;144,32920064205456;PCHIP monotônica entre pontos MDE de 5 m;01_dados/cav/cav_todos.csv
E08;43,0;191,0;6,748135598662208;150,926658105939;PCHIP monotônica entre pontos MDE de 5 m;01_dados/cav/cav_todos.csv
E08;44,0;192,0;6,958478020066889;157,71607704654895;PCHIP monotônica entre pontos MDE de 5 m;01_dados/cav/cav_todos.csv
E08;45,0;193,0;7,16;164,7;PCHIP monotônica entre pontos MDE de 5 m;01_dados/cav/cav_todos.csv
E08;46,0;194,0;7,353364782417583;171,9163280453888;PCHIP monotônica entre pontos MDE de 5 m;01_dados/cav/cav_todos.csv
E08;47,0;195,0;7,543792808791208;179,37855716987426;PCHIP monotônica entre pontos MDE de 5 m;01_dados/cav/cav_todos.csv
E08;48,0;196,0;7,730538443956044;187,05262227166534;PCHIP monotônica entre pontos MDE de 5 m;01_dados/cav/cav_todos.csv
E08;49,0;197,0;7,912856052747252;194,90445824897097;PCHIP monotônica entre pontos MDE de 5 m;01_dados/cav/cav_todos.csv
E08;50,0;198,0;8,09;202,9;PCHIP monotônica entre pontos MDE de 5 m;01_dados/cav/cav_todos.csv
E08;51,0;199,0;8,258670254075868;211,0561224893918;PCHIP monotônica entre pontos MDE de 5 m;01_dados/cav/cav_todos.csv
E08;52,0;200,0;8,419640476513319;219,40511994342293;PCHIP monotônica entre pontos MDE de 5 m;01_dados/cav/cav_todos.csv
E08;53,0;201,0;8,578275571912833;227,93605615275814;PCHIP monotônica entre pontos MDE de 5 m;01_dados/cav/cav_todos.csv
E08;54,0;202,0;8,739940444874899;236,63799490806224;PCHIP monotônica entre pontos MDE de 5 m;01_dados/cav/cav_todos.csv
E08;55,0;203,0;8,91;245,5;PCHIP monotônica entre pontos MDE de 5 m;01_dados/cav/cav_todos.csv
E08;56,0;204,0;9,090289439374185;254,5329523809524;PCHIP monotônica entre pontos MDE de 5 m;01_dados/cav/cav_todos.csv
E08;57,0;205,0;9,27761408083442;263,75278571428566;PCHIP monotônica entre pontos MDE de 5 m;01_dados/cav/cav_todos.csv
E08;58,0;206,0;9,469794002607562;273,15614285714287;PCHIP monotônica entre pontos MDE de 5 m;01_dados/cav/cav_todos.csv
E08;59,0;207,0;9,66464928292047;282,73966666666666;PCHIP monotônica entre pontos MDE de 5 m;01_dados/cav/cav_todos.csv
E08;60,0;208,0;9,86;292,5;PCHIP monotônica entre pontos MDE de 5 m;01_dados/cav/cav_todos.csv
E08;61,0;209,0;10,055785909882998;302,4442108730889;PCHIP monotônica entre pontos MDE de 5 m;01_dados/cav/cav_todos.csv
E08;62,0;210,0;10,253511575802838;312,5834897621238;PCHIP monotônica entre pontos MDE de 5 m;01_dados/cav/cav_todos.csv
E08;63,0;211,0;10,45334428678118;322,9206632146143;PCHIP monotônica entre pontos MDE de 5 m;01_dados/cav/cav_todos.csv
E08;64,0;212,0;10,65545133183968;333,4585577780698;PCHIP monotônica entre pontos MDE de 5 m;01_dados/cav/cav_todos.csv
E08;65,0;213,0;10,86;344,2;PCHIP monotônica entre pontos MDE de 5 m;01_dados/cav/cav_todos.csv
E08;66,0;214,0;11,06726658851953;355,1632285788535;PCHIP monotônica entre pontos MDE de 5 m;01_dados/cav/cav_todos.csv
E08;67,0;215,0;11,277209474296452;366,3566958561557;PCHIP monotônica entre pontos MDE de 5 m;01_dados/cav/cav_todos.csv
E08;68,0;216,0;11,48951906581361;377,76854884403116;PCHIP monotônica entre pontos MDE de 5 m;01_dados/cav/cav_todos.csv
E08;69,0;217,0;11,703885771553844;389,3869345546044;PCHIP monotônica entre pontos MDE de 5 m;01_dados/cav/cav_todos.csv
E08;70,0;218,0;11,92;401,2;PCHIP monotônica entre pontos MDE de 5 m;01_dados/cav/cav_todos.csv
E08;71,0;219,0;12,138726267281106;413,2170583701448;PCHIP monotônica entre pontos MDE de 5 m;01_dados/cav/cav_todos.csv
E08;72,0;220,0;12,360317050691245;425,4554299302166;PCHIP monotônica entre pontos MDE de 5 m;01_dados/cav/cav_todos.csv
E08;73,0;221,0;12,583544700460829;437,91527230521604;PCHIP monotônica entre pontos MDE de 5 m;01_dados/cav/cav_todos.csv
E08;74,0;222,0;12,807181566820276;450,59674312014357;PCHIP monotônica entre pontos MDE de 5 m;01_dados/cav/cav_todos.csv
E08;75,0;223,0;13,03;463,5;PCHIP monotônica entre pontos MDE de 5 m;01_dados/cav/cav_todos.csv
E08;76,0;224,0;13,252;476,64770523745403;PCHIP monotônica entre pontos MDE de 5 m;01_dados/cav/cav_todos.csv
E08;77,0;225,0;13,473999999999998;490,05007276757686;PCHIP monotônica entre pontos MDE de 5 m;01_dados/cav/cav_todos.csv
E08;78,0;226,0;13,696;503,6885876789727;PCHIP monotônica entre pontos MDE de 5 m;01_dados/cav/cav_todos.csv
E08;79,0;227,0;13,918;517,5447350602457;PCHIP monotônica entre pontos MDE de 5 m;01_dados/cav/cav_todos.csv
E08;80,0;228,0;14,14;531,6;PCHIP monotônica entre pontos MDE de 5 m;01_dados/cav/cav_todos.csv
E08;81,0;229,0;14,35646266159696;545,8650552408892;PCHIP monotônica entre pontos MDE de 5 m;01_dados/cav/cav_todos.csv
E08;82,0;230,0;14,567387984790876;560,3607832244317;PCHIP monotônica entre pontos MDE de 5 m;01_dados/cav/cav_todos.csv
E08;83,0;231,0;14,781081977186313;575,0839835875297;PCHIP monotônica entre pontos MDE de 5 m;01_dados/cav/cav_todos.csv
E08;84,0;232,0;15,005850646387833;590,0314559670851;PCHIP monotônica entre pontos MDE de 5 m;01_dados/cav/cav_todos.csv
E08;85,0;233,0;15,25;605,2;PCHIP monotônica entre pontos MDE de 5 m;01_dados/cav/cav_todos.csv
E08;86,0;234,0;15,49430778907501;620,3647724208076;PCHIP monotônica entre pontos MDE de 5 m;01_dados/cav/cav_todos.csv
E08;87,0;235,0;15,735793329202215;635,5367015761484;PCHIP monotônica entre pontos MDE de 5 m;01_dados/cav/cav_todos.csv
E08;88,0;236,0;16,007124974791918;651,0662445210852;PCHIP monotônica entre pontos MDE de 5 m;01_dados/cav/cav_todos.csv
E08;89,0;237,0;16,34097108025441;667,3038583106814;PCHIP monotônica entre pontos MDE de 5 m;01_dados/cav/cav_todos.csv
E08;90,0;238,0;16,77;684,6;PCHIP monotônica entre pontos MDE de 5 m;01_dados/cav/cav_todos.csv
E08;91,0;239,0;17,629080885014304;703,2672803710153;PCHIP monotônica entre pontos MDE de 5 m;01_dados/cav/cav_todos.csv
E08;92,0;240,0;19,008230921014228;723,195171524005;PCHIP monotônica entre pontos MDE de 5 m;01_dados/cav/cav_todos.csv
E08;93,0;241,0;20,572840514507;744,099422491487;PCHIP monotônica entre pontos MDE de 5 m;01_dados/cav/cav_todos.csv
E08;94,0;242,0;21,988300071999845;765,6957823059793;PCHIP monotônica entre pontos MDE de 5 m;01_dados/cav/cav_todos.csv
E08;95,0;243,0;22,92;787,7;PCHIP monotônica entre pontos MDE de 5 m;01_dados/cav/cav_todos.csv
E08;96,0;244,0;23,412838482228036;810,272593558905;PCHIP monotônica entre pontos MDE de 5 m;01_dados/cav/cav_todos.csv
E08;97,0;245,0;23,780175148176642;833,6497051031656;PCHIP monotônica entre pontos MDE de 5 m;01_dados/cav/cav_todos.csv
E08;98,0;246,0;24,090092573011233;857,660519867974;PCHIP monotônica entre pontos MDE de 5 m;01_dados/cav/cav_todos.csv
E08;99,0;247,0;24,410673331897215;882,1342230885215;PCHIP monotônica entre pontos MDE de 5 m;01_dados/cav/cav_todos.csv
E08;100,0;248,0;24,81;906,9;PCHIP monotônica entre pontos MDE de 5 m;01_dados/cav/cav_todos.csv
E08;101,0;249,0;25,328113344775286;931,9244008454934;PCHIP monotônica entre pontos MDE de 5 m;01_dados/cav/cav_todos.csv
E08;102,0;250,0;25,929067457006276;957,3393519340705;PCHIP monotônica entre pontos MDE de 5 m;01_dados/cav/cav_todos.csv
E08;103,0;251,0;26,566964896849623;983,2221025999008;PCHIP monotônica entre pontos MDE de 5 m;01_dados/cav/cav_todos.csv
E08;104,0;252,0;27,19590822446198;1009,6499021771543;PCHIP monotônica entre pontos MDE de 5 m;01_dados/cav/cav_todos.csv
E08;105,0;253,0;27,77;1036,7;PCHIP monotônica entre pontos MDE de 5 m;01_dados/cav/cav_todos.csv
E08;106,0;254,0;28,281418011653752;1064,47169061419;PCHIP monotônica entre pontos MDE de 5 m;01_dados/cav/cav_todos.csv
E08;107,0;255,0;28,763013811497565;1092,9466757741316;PCHIP monotônica entre pontos MDE de 5 m;01_dados/cav/cav_todos.csv
E08;108,0;256,0;29,22990060551451;1122,025815626978;PCHIP monotônica entre pontos MDE de 5 m;01_dados/cav/cav_todos.csv
E08;109,0;257,0;29,69719159968763;1151,6099703198831;PCHIP monotônica entre pontos MDE de 5 m;01_dados/cav/cav_todos.csv
E08;110,0;258,0;30,18;1181,6;PCHIP monotônica entre pontos MDE de 5 m;01_dados/cav/cav_todos.csv
E08;111,0;259,0;30,676540256625497;1212,0092332509728;PCHIP monotônica entre pontos MDE de 5 m;01_dados/cav/cav_todos.csv
E08;112,0;260,0;31,17689496342487;1242,923795085589;PCHIP monotônica entre pontos MDE de 5 m;01_dados/cav/cav_todos.csv
E08;113,0;261,0;31,6839795419115;1274,3537402947195;PCHIP monotônica entre pontos MDE de 5 m;01_dados/cav/cav_todos.csv
E08;114,0;262,0;32,20070941359875;1306,309123669233;PCHIP monotônica entre pontos MDE de 5 m;01_dados/cav/cav_todos.csv
E08;115,0;263,0;32,73;1338,8;PCHIP monotônica entre pontos MDE de 5 m;01_dados/cav/cav_todos.csv
E08;116,0;264,0;33,272667360594795;1371,858863619744;PCHIP monotônica entre pontos MDE de 5 m;01_dados/cav/cav_todos.csv
E08;117,0;265,0;33,82735078066914;1405,502221572212;PCHIP monotônica entre pontos MDE de 5 m;01_dados/cav/cav_todos.csv
E08;118,0;266,0;34,393700520446096;1439,716147714808;PCHIP monotônica entre pontos MDE de 5 m;01_dados/cav/cav_todos.csv
E08;119,0;267,0;34,9713668401487;1474,486715904936;PCHIP monotônica entre pontos MDE de 5 m;01_dados/cav/cav_todos.csv
E08;120,0;268,0;35,56;1509,8;PCHIP monotônica entre pontos MDE de 5 m;01_dados/cav/cav_todos.csv
E09;10,0;116,0;2,28;14,6;PCHIP monotônica entre pontos MDE de 5 m;01_dados/cav/cav_todos.csv
E09;11,0;117,0;2,354336;16,857471886120997;PCHIP monotônica entre pontos MDE de 5 m;01_dados/cav/cav_todos.csv
E09;12,0;118,0;2,438608;19,244415658362993;PCHIP monotônica entre pontos MDE de 5 m;01_dados/cav/cav_todos.csv
E09;13,0;119,0;2,531712;21,752623487544483;PCHIP monotônica entre pontos MDE de 5 m;01_dados/cav/cav_todos.csv
E09;14,0;120,0;2,6325439999999998;24,373887544483985;PCHIP monotônica entre pontos MDE de 5 m;01_dados/cav/cav_todos.csv
E09;15,0;121,0;2,74;27,1;PCHIP monotônica entre pontos MDE de 5 m;01_dados/cav/cav_todos.csv
E09;16,0;122,0;2,8591261369863017;29,950658120255905;PCHIP monotônica entre pontos MDE de 5 m;01_dados/cav/cav_todos.csv
E09;17,0;123,0;2,992498410958904;32,94501350667517;PCHIP monotônica entre pontos MDE de 5 m;01_dados/cav/cav_todos.csv
E09;18,0;124,0;3,1353076164383564;36,07403983296649;PCHIP monotônica entre pontos MDE de 5 m;01_dados/cav/cav_todos.csv
E09;19,0;125,0;3,2827445479452058;39,32871077283855;PCHIP monotônica entre pontos MDE de 5 m;01_dados/cav/cav_todos.csv
E09;20,0;126,0;3,43;42,7;PCHIP monotônica entre pontos MDE de 5 m;01_dados/cav/cav_todos.csv
E09;21,0;127,0;3,5789236625811105;46,205744613767735;PCHIP monotônica entre pontos MDE de 5 m;01_dados/cav/cav_todos.csv
E09;22,0;128,0;3,7328970151405914;49,86532632685234;PCHIP monotônica entre pontos MDE de 5 m;01_dados/cav/cav_todos.csv
E09;23,0;129,0;3,889408536409517;53,67203573305308;PCHIP monotônica entre pontos MDE de 5 m;01_dados/cav/cav_todos.csv
E09;24,0;130,0;4,045946705118962;57,61916342616921;PCHIP monotônica entre pontos MDE de 5 m;01_dados/cav/cav_todos.csv
E09;25,0;131,0;4,2;61,7;PCHIP monotônica entre pontos MDE de 5 m;01_dados/cav/cav_todos.csv
E09;26,0;132,0;4,350488964346351;65,93585219941349;PCHIP monotônica entre pontos MDE de 5 m;01_dados/cav/cav_todos.csv
E09;27,0;133,0;4,499098471986417;70,34501114369502;PCHIP monotônica entre pontos MDE de 5 m;01_dados/cav/cav_todos.csv
E09;28,0;134,0;4,647463497453311;74,9162439882698;PCHIP monotônica entre pontos MDE de 5 m;01_dados/cav/cav_todos.csv
E09;29,0;135,0;4,7972190152801355;79,63831788856307;PCHIP monotônica entre pontos MDE de 5 m;01_dados/cav/cav_todos.csv
E09;30,0;136,0;4,95;84,5;PCHIP monotônica entre pontos MDE de 5 m;01_dados/cav/cav_todos.csv
E09;31,0;137,0;5,106696774193549;89,52518718653576;PCHIP monotônica entre pontos MDE de 5 m;01_dados/cav/cav_todos.csv
E09;32,0;138,0;5,266283870967742;94,73427123702666;PCHIP monotônica entre pontos MDE de 5 m;01_dados/cav/cav_todos.csv
E09;33,0;139,0;5,427522580645162;100,11076169424966;PCHIP monotônica entre pontos MDE de 5 m;01_dados/cav/cav_todos.csv
E09;34,0;140,0;5,589174193548387;105,63816810098177;PCHIP monotônica entre pontos MDE de 5 m;01_dados/cav/cav_todos.csv
E09;35,0;141,0;5,75;111,3;PCHIP monotônica entre pontos MDE de 5 m;01_dados/cav/cav_todos.csv
E09;36,0;142,0;5,898721678321679;117,0846907568438;PCHIP monotônica entre pontos MDE de 5 m;01_dados/cav/cav_todos.csv
E09;37,0;143,0;6,036165034965035;123,01381487922704;PCHIP monotônica entre pontos MDE de 5 m;01_dados/cav/cav_todos.csv
E09;38,0;144,0;6,179247552447553;129,1205936231884;PCHIP monotônica entre pontos MDE de 5 m;01_dados/cav/cav_todos.csv
E09;39,0;145,0;6,344886713286713;135,4382482447665;PCHIP monotônica entre pontos MDE de 5 m;01_dados/cav/cav_todos.csv
E09;40,0;146,0;6,55;142,0;PCHIP monotônica entre pontos MDE de 5 m;01_dados/cav/cav_todos.csv
E09;41,0;147,0;6,865051343139619;148,80347496296298;PCHIP monotônica entre pontos MDE de 5 m;01_dados/cav/cav_todos.csv
E09;42,0;148,0;7,300966616831444;155,848576;PCHIP monotônica entre pontos MDE de 5 m;01_dados/cav/cav_todos.csv
E09;43,0;149,0;7,78535621895346;163,17193955555555;PCHIP monotônica entre pontos MDE de 5 m;01_dados/cav/cav_todos.csv
E09;44,0;150,0;8,245830547383651;170,81020207407408;PCHIP monotônica entre pontos MDE de 5 m;01_dados/cav/cav_todos.csv
E09;45,0;151,0;8,61;178,8;PCHIP monotônica entre pontos MDE de 5 m;01_dados/cav/cav_todos.csv
E09;46,0;152,0;8,876782923230842;187,26131876138436;PCHIP monotônica entre pontos MDE de 5 m;01_dados/cav/cav_todos.csv
E09;47,0;153,0;9,105284192890016;196,2106229508197;PCHIP monotônica entre pontos MDE de 5 m;01_dados/cav/cav_todos.csv
E09;48,0;154,0;9,31339400093377;205,52926775956288;PCHIP monotônica entre pontos MDE de 5 m;01_dados/cav/cav_todos.csv
E09;49,0;155,0;9,519002539318349;215,0986083788707;PCHIP monotônica entre pontos MDE de 5 m;01_dados/cav/cav_todos.csv
E09;50,0;156,0;9,74;224,8;PCHIP monotônica entre pontos MDE de 5 m;01_dados/cav/cav_todos.csv
E09;51,0;157,0;9,97618940425532;234,6431983262848;PCHIP monotônica entre pontos MDE de 5 m;01_dados/cav/cav_todos.csv
E09;52,0;158,0;10,215781829787234;244,72015235590356;PCHIP monotônica entre pontos MDE de 5 m;01_dados/cav/cav_todos.csv
E09;53,0;159,0;10,45927955319149;255,03550722237995;PCHIP monotônica entre pontos MDE de 5 m;01_dados/cav/cav_todos.csv
E09;54,0;160,0;10,707184851063829;265,59390805923755;PCHIP monotônica entre pontos MDE de 5 m;01_dados/cav/cav_todos.csv
E09;55,0;161,0;10,96;276,4;PCHIP monotônica entre pontos MDE de 5 m;01_dados/cav/cav_todos.csv
E09;56,0;162,0;11,218269390681003;287,4765659165055;PCHIP monotônica entre pontos MDE de 5 m;01_dados/cav/cav_todos.csv
E09;57,0;163,0;11,48188317204301;298,83591470484913;PCHIP monotônica entre pontos MDE de 5 m;01_dados/cav/cav_todos.csv
E09;58,0;164,0;11,750362258064518;310,4669805349401;PCHIP monotônica entre pontos MDE de 5 m;01_dados/cav/cav_todos.csv
E09;59,0;165,0;12,023227562724017;322,35869757668735;PCHIP monotônica entre pontos MDE de 5 m;01_dados/cav/cav_todos.csv
E09;60,0;166,0;12,3;334,5;PCHIP monotônica entre pontos MDE de 5 m;01_dados/cav/cav_todos.csv
E09;61,0;167,0;12,582522987104165;346,90586621791454;PCHIP monotônica entre pontos MDE de 5 m;01_dados/cav/cav_todos.csv
E09;62,0;168,0;12,87128939142002;359,59871084886566;PCHIP monotônica entre pontos MDE de 5 m;01_dados/cav/cav_todos.csv
E09;63,0;169,0;13,163794302183794;372,57862237085953;PCHIP monotônica entre pontos MDE de 5 m;01_dados/cav/cav_todos.csv
E09;64,0;170,0;13,457532808631711;385,84568926190224;PCHIP monotônica entre pontos MDE de 5 m;01_dados/cav/cav_todos.csv
E09;65,0;171,0;13,75;399,4;PCHIP monotônica entre pontos MDE de 5 m;01_dados/cav/cav_todos.csv
E09;66,0;172,0;14,041357800687285;413,27694545023303;PCHIP monotônica entre pontos MDE de 5 m;01_dados/cav/cav_todos.csv
E09;67,0;173,0;14,333277525773196;427,4932817655463;PCHIP monotônica entre pontos MDE de 5 m;01_dados/cav/cav_todos.csv
E09;68,0;174,0;14,625518350515463;442,0211453557431;PCHIP monotônica entre pontos MDE de 5 m;01_dados/cav/cav_todos.csv
E09;69,0;175,0;14,917839450171822;456,8326726306266;PCHIP monotônica entre pontos MDE de 5 m;01_dados/cav/cav_todos.csv
E09;70,0;176,0;15,21;471,9;PCHIP monotônica entre pontos MDE de 5 m;01_dados/cav/cav_todos.csv
E09;71,0;177,0;15,500603056478408;487,24425407185424;PCHIP monotônica entre pontos MDE de 5 m;01_dados/cav/cav_todos.csv
E09;72,0;178,0;15,789809169435218;502,89763475169923;PCHIP monotônica entre pontos MDE de 5 m;01_dados/cav/cav_todos.csv
E09;73,0;179,0;16,079713754152824;518,8488883956172;PCHIP monotônica entre pontos MDE de 5 m;01_dados/cav/cav_todos.csv
E09;74,0;180,0;16,372412225913624;535,0867613596902;PCHIP monotônica entre pontos MDE de 5 m;01_dados/cav/cav_todos.csv
E09;75,0;181,0;16,67;551,6;PCHIP monotônica entre pontos MDE de 5 m;01_dados/cav/cav_todos.csv
E09;76,0;182,0;16,97092094629182;568,398628640058;PCHIP monotônica entre pontos MDE de 5 m;01_dados/cav/cav_todos.csv
E09;77,0;183,0;17,27388576246349;585,5032816036268;PCHIP monotônica entre pontos MDE de 5 m;01_dados/cav/cav_todos.csv
E09;78,0;184,0;17,581390105489255;602,9186202471667;PCHIP monotônica entre pontos MDE de 5 m;01_dados/cav/cav_todos.csv
E09;79,0;185,0;17,895929632343346;620,6493059271378;PCHIP monotônica entre pontos MDE de 5 m;01_dados/cav/cav_todos.csv
E09;80,0;186,0;18,22;638,7;PCHIP monotônica entre pontos MDE de 5 m;01_dados/cav/cav_todos.csv
E09;81,0;187,0;18,5554054038213;657,0813030533303;PCHIP monotônica entre pontos MDE de 5 m;01_dados/cav/cav_todos.csv
E09;82,0;188,0;18,901015003004684;675,8052066942373;PCHIP monotônica entre pontos MDE de 5 m;01_dados/cav/cav_todos.csv
E09;83,0;189,0;19,254921900277417;694,8784588084792;PCHIP monotônica entre pontos MDE de 5 m;01_dados/cav/cav_todos.csv
E09;84,0;190,0;19,615219198366766;714,3078072818141;PCHIP monotônica entre pontos MDE de 5 m;01_dados/cav/cav_todos.csv
E09;85,0;191,0;19,98;734,1;PCHIP monotônica entre pontos MDE de 5 m;01_dados/cav/cav_todos.csv
E09;86,0;192,0;20,355742740538904;754,2935533215526;PCHIP monotônica entre pontos MDE de 5 m;01_dados/cav/cav_todos.csv
E09;87,0;193,0;20,7439639164396;774,9016230016207;PCHIP monotônica entre pontos MDE de 5 m;01_dados/cav/cav_todos.csv
E09;88,0;194,0;21,135313722070848;795,8929160209127;PCHIP monotônica entre pontos MDE de 5 m;01_dados/cav/cav_todos.csv
E09;89,0;195,0;21,520442351801396;817,2361393601365;PCHIP monotônica entre pontos MDE de 5 m;01_dados/cav/cav_todos.csv
E09;90,0;196,0;21,89;838,9;PCHIP monotônica entre pontos MDE de 5 m;01_dados/cav/cav_todos.csv
E09;91,0;197,0;22,240431217363135;860,91461313889;PCHIP monotônica entre pontos MDE de 5 m;01_dados/cav/cav_todos.csv
E09;92,0;198,0;22,57850698542274;883,3153414761665;PCHIP monotônica entre pontos MDE de 5 m;01_dados/cav/cav_todos.csv
E09;93,0;199,0;22,910367144800777;906,078763243998;PCHIP monotônica entre pontos MDE de 5 m;01_dados/cav/cav_todos.csv
E09;94,0;200,0;23,24215153611921;929,181456674553;PCHIP monotônica entre pontos MDE de 5 m;01_dados/cav/cav_todos.csv
E09;95,0;201,0;23,58;952,6;PCHIP monotônica entre pontos MDE de 5 m;01_dados/cav/cav_todos.csv
E09;96,0;202,0;23,92350211681462;976,3536327114632;PCHIP monotônica entre pontos MDE de 5 m;01_dados/cav/cav_todos.csv
E09;97,0;203,0;24,26859381400072;1000,4705049140503;PCHIP monotônica entre pontos MDE de 5 m;01_dados/cav/cav_todos.csv
E09;98,0;204,0;24,61593445277951;1024,9405607609058;PCHIP monotônica entre pontos MDE de 5 m;01_dados/cav/cav_todos.csv
E09;99,0;205,0;24,966183394372198;1049,7537444051745;PCHIP monotônica entre pontos MDE de 5 m;01_dados/cav/cav_todos.csv
E09;100,0;206,0;25,32;1074,9;PCHIP monotônica entre pontos MDE de 5 m;01_dados/cav/cav_todos.csv
E09;101,0;207,0;25,677359689128537;1100,3920466594523;PCHIP monotônica entre pontos MDE de 5 m;01_dados/cav/cav_todos.csv
E09;102,0;208,0;26,037894797722682;1126,2488124329734;PCHIP monotônica entre pontos MDE de 5 m;01_dados/cav/cav_todos.csv
E09;103,0;209,0;26,40175006175257;1152,4695548767688;PCHIP monotônica entre pontos MDE de 5 m;01_dados/cav/cav_todos.csv
E09;104,0;210,0;26,769070217188304;1179,053531547043;PCHIP monotônica entre pontos MDE de 5 m;01_dados/cav/cav_todos.csv
E09;105,0;211,0;27,14;1206,0;PCHIP monotônica entre pontos MDE de 5 m;01_dados/cav/cav_todos.csv
E09;106,0;212,0;27,51484727517701;1233,3275574645122;PCHIP monotônica entre pontos MDE de 5 m;01_dados/cav/cav_todos.csv
E09;107,0;213,0;27,893602415343366;1261,0497121578965;PCHIP monotônica entre pontos MDE de 5 m;01_dados/cav/cav_todos.csv
E09;108,0;214,0;28,275933917921222;1289,1580881190241;PCHIP monotônica entre pontos MDE de 5 m;01_dados/cav/cav_todos.csv
E09;109,0;215,0;28,661510280332713;1317,6443093867679;PCHIP monotônica entre pontos MDE de 5 m;01_dados/cav/cav_todos.csv
E09;110,0;216,0;29,05;1346,5;PCHIP monotônica entre pontos MDE de 5 m;01_dados/cav/cav_todos.csv
E09;111,0;217,0;29,442935377381644;1375,7421418652627;PCHIP monotônica entre pontos MDE de 5 m;01_dados/cav/cav_todos.csv
E09;112,0;218,0;29,840603055221855;1405,389265637068;PCHIP monotônica entre pontos MDE de 5 m;01_dados/cav/cav_todos.csv
E09;113,0;219,0;30,240803044371244;1435,4353184762417;PCHIP monotônica entre pontos MDE de 5 m;01_dados/cav/cav_todos.csv
E09;114,0;220,0;30,64133535568042;1465,8742475436106;PCHIP monotônica entre pontos MDE de 5 m;01_dados/cav/cav_todos.csv
E09;115,0;221,0;31,04;1496,7;PCHIP monotônica entre pontos MDE de 5 m;01_dados/cav/cav_todos.csv
E09;116,0;222,0;31,43679838790932;1527,930973784219;PCHIP monotônica entre pontos MDE de 5 m;01_dados/cav/cav_todos.csv
E09;117,0;223,0;31,833198186397983;1559,5843455072463;PCHIP monotônica entre pontos MDE de 5 m;01_dados/cav/cav_todos.csv
E09;118,0;224,0;32,229198790931996;1591,6522303381644;PCHIP monotônica entre pontos MDE de 5 m;01_dados/cav/cav_todos.csv
E09;119,0;225,0;32,62479959697733;1624,1267434460547;PCHIP monotônica entre pontos MDE de 5 m;01_dados/cav/cav_todos.csv
E09;120,0;226,0;33,02;1657,0;PCHIP monotônica entre pontos MDE de 5 m;01_dados/cav/cav_todos.csv
E10;10,0;81,5;1,7;11,2;PCHIP monotônica entre pontos MDE de 5 m;01_dados/cav/cav_todos.csv
E10;11,0;82,5;1,8036063999999998;12,909326027397261;PCHIP monotônica entre pontos MDE de 5 m;01_dados/cav/cav_todos.csv
E10;12,0;83,5;1,9064192000000002;14,731978082191782;PCHIP monotônica entre pontos MDE de 5 m;01_dados/cav/cav_todos.csv
E10;13,0;84,5;2,0084288;16,65996712328767;PCHIP monotônica entre pontos MDE de 5 m;01_dados/cav/cav_todos.csv
E10;14,0;85,5;2,1096255999999998;18,685304109589044;PCHIP monotônica entre pontos MDE de 5 m;01_dados/cav/cav_todos.csv
E10;15,0;86,5;2,21;20,8;PCHIP monotônica entre pontos MDE de 5 m;01_dados/cav/cav_todos.csv
E10;16,0;87,5;2,310460553846154;23,03358544264977;PCHIP monotônica entre pontos MDE de 5 m;01_dados/cav/cav_todos.csv
E10;17,0;88,5;2,411029661538462;25,404701533428746;PCHIP monotônica entre pontos MDE de 5 m;01_dados/cav/cav_todos.csv
E10;18,0;89,5;2,5103684923076925;27,889024902882852;PCHIP monotônica entre pontos MDE de 5 m;01_dados/cav/cav_todos.csv
E10;19,0;90,5;2,6071382153846154;30,46223218155796;PCHIP monotônica entre pontos MDE de 5 m;01_dados/cav/cav_todos.csv
E10;20,0;91,5;2,7;33,1;PCHIP monotônica entre pontos MDE de 5 m;01_dados/cav/cav_todos.csv
E10;21,0;92,5;2,7884631894934335;35,81492384232683;PCHIP monotônica entre pontos MDE de 5 m;01_dados/cav/cav_todos.csv
E10;22,0;93,5;2,8736357223264544;38,630443168771535;PCHIP monotônica entre pontos MDE de 5 m;01_dados/cav/cav_todos.csv
E10;23,0;94,5;2,956576660412758;41,53850057405282;PCHIP monotônica entre pontos MDE de 5 m;01_dados/cav/cav_todos.csv
E10;24,0;95,5;3,0383450656660416;44,5310386528894;PCHIP monotônica entre pontos MDE de 5 m;01_dados/cav/cav_todos.csv
E10;25,0;96,5;3,12;47,6;PCHIP monotônica entre pontos MDE de 5 m;01_dados/cav/cav_todos.csv
E10;26,0;97,5;3,1897114192054374;50,65151535042735;PCHIP monotônica entre pontos MDE de 5 m;01_dados/cav/cav_todos.csv
E10;27,0;98,5;3,2467927942016783;53,69716143589744;PCHIP monotônica entre pontos MDE de 5 m;01_dados/cav/cav_todos.csv
E10;28,0;99,5;3,3090184595952;56,88704984615385;PCHIP monotônica entre pontos MDE de 5 m;01_dados/cav/cav_todos.csv
E10;29,0;100,5;3,3941627499924816;60,371292170940166;PCHIP monotônica entre pontos MDE de 5 m;01_dados/cav/cav_todos.csv
E10;30,0;101,5;3,52;64,3;PCHIP monotônica entre pontos MDE de 5 m;01_dados/cav/cav_todos.csv
E10;31,0;102,5;4,30733644613248;68,68825545662607;PCHIP monotônica entre pontos MDE de 5 m;01_dados/cav/cav_todos.csv
E10;32,0;103,5;6,007879128779682;73,55559303654485;PCHIP monotônica entre pontos MDE de 5 m;01_dados/cav/cav_todos.csv
E10;33,0;104,5;8,085753588360644;79,05880288815061;PCHIP monotônica entre pontos MDE de 5 m;01_dados/cav/cav_todos.csv
E10;34,0;105,5;10,005085365294404;85,35467515983758;PCHIP monotônica entre pontos MDE de 5 m;01_dados/cav/cav_todos.csv
E10;35,0;106,5;11,23;92,6;PCHIP monotônica entre pontos MDE de 5 m;01_dados/cav/cav_todos.csv
E10;36,0;107,5;11,84383208901122;101,88068069069446;PCHIP monotônica entre pontos MDE de 5 m;01_dados/cav/cav_todos.csv
E10;37,0;108,5;12,322998774556227;113,59526466344552;PCHIP monotônica entre pontos MDE de 5 m;01_dados/cav/cav_todos.csv
E10;38,0;109,5;12,721249415595624;126,86950829084934;PCHIP monotônica entre pontos MDE de 5 m;01_dados/cav/cav_todos.csv
E10;39,0;110,5;13,092333371090014;140,8291679455021;PCHIP monotônica entre pontos MDE de 5 m;01_dados/cav/cav_todos.csv
E10;40,0;111,5;13,49;154,6;PCHIP monotônica entre pontos MDE de 5 m;01_dados/cav/cav_todos.csv
E10;41,0;112,5;13,91691537258783;168,26236201342454;PCHIP monotônica entre pontos MDE de 5 m;01_dados/cav/cav_todos.csv
E10;42,0;113,5;14,337696815437903;182,4330815859305;PCHIP monotônica entre pontos MDE de 5 m;01_dados/cav/cav_todos.csv
E10;43,0;114,5;14,749020571994063;197,04262015172426;PCHIP monotônica entre pontos MDE de 5 m;01_dados/cav/cav_todos.csv
E10;44,0;115,5;15,147562885700149;212,02143914501204;PCHIP monotônica entre pontos MDE de 5 m;01_dados/cav/cav_todos.csv
E10;45,0;116,5;15,53;227,3;PCHIP monotônica entre pontos MDE de 5 m;01_dados/cav/cav_todos.csv
E10;46,0;117,5;15,889856139733897;242,9153559029732;PCHIP monotônica entre pontos MDE de 5 m;01_dados/cav/cav_todos.csv
E10;47,0;118,5;16,23043650430807;258,9357649922313;PCHIP monotônica entre pontos MDE de 5 m;01_dados/cav/cav_todos.csv
E10;48,0;119,5;16,5630887990153;275,33849613000285;PCHIP monotônica entre pontos MDE de 5 m;01_dados/cav/cav_todos.csv
E10;49,0;120,5;16,899160729148353;292,10081817851625;PCHIP monotônica entre pontos MDE de 5 m;01_dados/cav/cav_todos.csv
E10;50,0;121,5;17,25;309,2;PCHIP monotônica entre pontos MDE de 5 m;01_dados/cav/cav_todos.csv
E10;51,0;122,5;17,619363946118305;326,6697931951791;PCHIP monotônica entre pontos MDE de 5 m;01_dados/cav/cav_todos.csv
E10;52,0;123,5;18,00008522678467;344,5453379910833;PCHIP monotônica entre pontos MDE de 5 m;01_dados/cav/cav_todos.csv
E10;53,0;124,5;18,38712453439188;362,80598618939786;PCHIP monotônica entre pontos MDE de 5 m;01_dados/cav/cav_todos.csv
E10;54,0;125,5;18,775442561332724;381,43108959180836;PCHIP monotônica entre pontos MDE de 5 m;01_dados/cav/cav_todos.csv
E10;55,0;126,5;19,16;400,4;PCHIP monotônica entre pontos MDE de 5 m;01_dados/cav/cav_todos.csv
E10;56,0;127,5;19,540638320209975;419,7437693001084;PCHIP monotônica entre pontos MDE de 5 m;01_dados/cav/cav_todos.csv
E10;57,0;128,5;19,92071811023622;439,4945904863524;PCHIP monotônica entre pontos MDE de 5 m;01_dados/cav/cav_todos.csv
E10;58,0;129,5;20,30047874015748;459,6335270225422;PCHIP monotônica entre pontos MDE de 5 m;01_dados/cav/cav_todos.csv
E10;59,0;130,5;20,680159580052493;480,1416423724879;PCHIP monotônica entre pontos MDE de 5 m;01_dados/cav/cav_todos.csv
E10;60,0;131,5;21,06;501,0;PCHIP monotônica entre pontos MDE de 5 m;01_dados/cav/cav_todos.csv
E10;61,0;132,5;21,44;522,2359348544063;PCHIP monotônica entre pontos MDE de 5 m;01_dados/cav/cav_todos.csv
E10;62,0;133,5;21,82;543,8792046581406;PCHIP monotônica entre pontos MDE de 5 m;01_dados/cav/cav_todos.csv
E10;63,0;134,5;22,200000000000003;565,9145070346717;PCHIP monotônica entre pontos MDE de 5 m;01_dados/cav/cav_todos.csv
E10;64,0;135,5;22,58;588,3265396074686;PCHIP monotônica entre pontos MDE de 5 m;01_dados/cav/cav_todos.csv
E10;65,0;136,5;22,96;611,1;PCHIP monotônica entre pontos MDE de 5 m;01_dados/cav/cav_todos.csv
E10;66,0;137,5;23,33890025839794;634,268284797546;PCHIP monotônica entre pontos MDE de 5 m;01_dados/cav/cav_todos.csv
E10;67,0;138,5;23,7167007751938;657,8579661803718;PCHIP monotônica entre pontos MDE de 5 m;01_dados/cav/cav_todos.csv
E10;68,0;139,5;24,095051162790693;681,8435051644245;PCHIP monotônica entre pontos MDE de 5 m;01_dados/cav/cav_todos.csv
E10;69,0;140,5;24,47560103359173;706,1993627656516;PCHIP monotônica entre pontos MDE de 5 m;01_dados/cav/cav_todos.csv
E10;70,0;141,5;24,86;730,9;PCHIP monotônica entre pontos MDE de 5 m;01_dados/cav/cav_todos.csv
E10;71,0;142,5;25,233889903310757;755,9234622801168;PCHIP monotônica entre pontos MDE de 5 m;01_dados/cav/cav_todos.csv
E10;72,0;143,5;25,59622164791676;781,3009699728805;PCHIP monotônica entre pontos MDE de 5 m;01_dados/cav/cav_todos.csv
E10;73,0;144,5;25,968608440867385;807,0867465255858;PCHIP monotônica entre pontos MDE de 5 m;01_dados/cav/cav_todos.csv
E10;74,0;145,5;26,37266348921201;833,3350153855273;PCHIP monotônica entre pontos MDE de 5 m;01_dados/cav/cav_todos.csv
E10;75,0;146,5;26,83;860,1;PCHIP monotônica entre pontos MDE de 5 m;01_dados/cav/cav_todos.csv
E10;76,0;147,5;27,397974803114696;887,3968402862874;PCHIP monotônica entre pontos MDE de 5 m;01_dados/cav/cav_todos.csv
E10;77,0;148,5;28,07490643611273;915,2128204898586;PCHIP monotônica entre pontos MDE de 5 m;01_dados/cav/cav_todos.csv
E10;78,0;149,5;28,79385066755341;943,5603805502861;PCHIP monotônica entre pontos MDE de 5 m;01_dados/cav/cav_todos.csv
E10;79,0;150,5;29,48786326599607;972,4519604071423;PCHIP monotônica entre pontos MDE de 5 m;01_dados/cav/cav_todos.csv
E10;80,0;151,5;30,09;1001,9;PCHIP monotônica entre pontos MDE de 5 m;01_dados/cav/cav_todos.csv
E10;81,0;152,5;30,590045547621198;1031,9874852917758;PCHIP monotônica entre pontos MDE de 5 m;01_dados/cav/cav_todos.csv
E10;82,0;153,5;31,03987577329838;1062,733956546468;PCHIP monotônica entre pontos MDE de 5 m;01_dados/cav/cav_todos.csv
E10;83,0;154,5;31,465683225164966;1094,0566851552724;PCHIP monotônica entre pontos MDE de 5 m;01_dados/cav/cav_todos.csv
E10;84,0;155,5;31,893660451354364;1125,8729425093845;PCHIP monotônica entre pontos MDE de 5 m;01_dados/cav/cav_todos.csv
E10;85,0;156,5;32,35;1158,1;PCHIP monotônica entre pontos MDE de 5 m;01_dados/cav/cav_todos.csv
E10;86,0;157,5;32,83814084524924;1190,7579422652216;PCHIP monotônica entre pontos MDE de 5 m;01_dados/cav/cav_todos.csv
E10;87,0;158,5;33,341320664645856;1223,919969168546;PCHIP monotônica entre pontos MDE de 5 m;01_dados/cav/cav_todos.csv
E10;88,0;159,5;33,85543006141785;1257,5830249392595;PCHIP monotônica entre pontos MDE de 5 m;01_dados/cav/cav_todos.csv
E10;89,0;160,5;34,376359638793225;1291,744053806649;PCHIP monotônica entre pontos MDE de 5 m;01_dados/cav/cav_todos.csv
E10;90,0;161,5;34,9;1326,4;PCHIP monotônica entre pontos MDE de 5 m;01_dados/cav/cav_todos.csv
E10;91,0;162,5;35,42616392600234;1361,5727118952248;PCHIP monotônica entre pontos MDE de 5 m;01_dados/cav/cav_todos.csv
E10;92,0;163,5;35,95774063296885;1397,2832721663606;PCHIP monotônica entre pontos MDE de 5 m;01_dados/cav/cav_todos.csv
E10;93,0;164,5;36,49523537693418;1433,5274764898843;PCHIP monotônica entre pontos MDE de 5 m;01_dados/cav/cav_todos.csv
E10;94,0;165,5;37,03915341393302;1470,3011205422717;PCHIP monotônica entre pontos MDE de 5 m;01_dados/cav/cav_todos.csv
E10;95,0;166,5;37,59;1507,6;PCHIP monotônica entre pontos MDE de 5 m;01_dados/cav/cav_todos.csv
E10;96,0;167,5;38,15159379341247;1545,4475818143471;PCHIP monotônica entre pontos MDE de 5 m;01_dados/cav/cav_todos.csv
E10;97,0;168,5;38,723806245102246;1583,8666305799732;PCHIP monotônica entre pontos MDE de 5 m;01_dados/cav/cav_todos.csv
E10;98,0;169,5;39,3012218000858;1622,8518884384255;PCHIP monotônica entre pontos MDE de 5 m;01_dados/cav/cav_todos.csv
E10;99,0;170,5;39,878424903379575;1662,398097531252;PCHIP monotônica entre pontos MDE de 5 m;01_dados/cav/cav_todos.csv
E10;100,0;171,5;40,45;1702,5;PCHIP monotônica entre pontos MDE de 5 m;01_dados/cav/cav_todos.csv
E10;101,0;172,5;41,01422192215019;1743,2019636248592;PCHIP monotônica entre pontos MDE de 5 m;01_dados/cav/cav_todos.csv
E10;102,0;173,5;41,574718676503466;1784,5282950299072;PCHIP monotônica entre pontos MDE de 5 m;01_dados/cav/cav_todos.csv
E10;103,0;174,5;42,134104469781654;1826,4436446225259;PCHIP monotônica entre pontos MDE de 5 m;01_dados/cav/cav_todos.csv
E10;104,0;175,5;42,69499350870656;1868,9126628100964;PCHIP monotônica entre pontos MDE de 5 m;01_dados/cav/cav_todos.csv
E10;105,0;176,5;43,26;1911,9;PCHIP monotônica entre pontos MDE de 5 m;01_dados/cav/cav_todos.csv
E10;106,0;177,5;43,82732700418728;1955,4243102897474;PCHIP monotônica entre pontos MDE de 5 m;01_dados/cav/cav_todos.csv
E10;107,0;178,5;44,39525706889989;1999,5272746770054;PCHIP monotônica entre pontos MDE de 5 m;01_dados/cav/cav_todos.csv
E10;108,0;179,5;44,96652363151885;2044,20808391939;PCHIP monotônica entre pontos MDE de 5 m;01_dados/cav/cav_todos.csv
E10;109,0;180,5;45,543860129425205;2089,4659287745167;PCHIP monotônica entre pontos MDE de 5 m;01_dados/cav/cav_todos.csv
E10;110,0;181,5;46,13;2135,3;PCHIP monotônica entre pontos MDE de 5 m;01_dados/cav/cav_todos.csv
E10;111,0;182,5;46,72370030875946;2181,7324364346214;PCHIP monotônica entre pontos MDE de 5 m;01_dados/cav/cav_todos.csv
E10;112,0;183,5;47,32335768303515;2228,7830117080225;PCHIP monotônica entre pontos MDE de 5 m;01_dados/cav/cav_todos.csv
E10;113,0;184,5;47,931164902931094;2276,447368764114;PCHIP monotônica entre pontos MDE de 5 m;01_dados/cav/cav_todos.csv
E10;114,0;185,5;48,54931474855137;2324,7211505468026;PCHIP monotônica entre pontos MDE de 5 m;01_dados/cav/cav_todos.csv
E10;115,0;186,5;49,18;2373,6;PCHIP monotônica entre pontos MDE de 5 m;01_dados/cav/cav_todos.csv
E10;116,0;187,5;49,82395768388107;2423,1119557993093;PCHIP monotônica entre pontos MDE de 5 m;01_dados/cav/cav_todos.csv
E10;117,0;188,5;50,4802523943662;2473,2799502742228;PCHIP monotônica entre pontos MDE de 5 m;01_dados/cav/cav_todos.csv
E10;118,0;189,5;51,1485682629108;2524,0919668494817;PCHIP monotônica entre pontos MDE de 5 m;01_dados/cav/cav_todos.csv
E10;119,0;190,5;51,82858942097027;2575,5359889498277;PCHIP monotônica entre pontos MDE de 5 m;01_dados/cav/cav_todos.csv
E10;120,0;191,5;52,52;2627,6;PCHIP monotônica entre pontos MDE de 5 m;01_dados/cav/cav_todos.csv
E11;10,0;67,5;3,65;17,5;PCHIP monotônica entre pontos MDE de 5 m;01_dados/cav/cav_todos.csv
E11;11,0;68,5;4,077428185654008;21,11093333333333;PCHIP monotônica entre pontos MDE de 5 m;01_dados/cav/cav_todos.csv
E11;12,0;69,5;4,515484556962025;25,2968;PCHIP monotônica entre pontos MDE de 5 m;01_dados/cav/cav_todos.csv
E11;13,0;70,5;4,9638268354430375;29,987200000000005;PCHIP monotônica entre pontos MDE de 5 m;01_dados/cav/cav_todos.csv
E11;14,0;71,5;5,422112742616033;35,11173333333334;PCHIP monotônica entre pontos MDE de 5 m;01_dados/cav/cav_todos.csv
E11;15,0;72,5;5,89;40,6;PCHIP monotônica entre pontos MDE de 5 m;01_dados/cav/cav_todos.csv
E11;16,0;73,5;6,382334897833404;46,67825754301721;PCHIP monotônica entre pontos MDE de 5 m;01_dados/cav/cav_todos.csv
E11;17,0;74,5;6,899916085905277;53,51077262905162;PCHIP monotônica entre pontos MDE de 5 m;01_dados/cav/cav_todos.csv
E11;18,0;75,5;7,421329825060448;60,93415894357744;PCHIP monotônica entre pontos MDE de 5 m;01_dados/cav/cav_todos.csv
E11;19,0;76,5;7,925162376143746;68,78503017206883;PCHIP monotônica entre pontos MDE de 5 m;01_dados/cav/cav_todos.csv
E11;20,0;77,5;8,39;76,9;PCHIP monotônica entre pontos MDE de 5 m;01_dados/cav/cav_todos.csv
E11;21,0;78,5;8,814579872984856;85,39581901886967;PCHIP monotônica entre pontos MDE de 5 m;01_dados/cav/cav_todos.csv
E11;22,0;79,5;9,215896922325355;94,43638862923811;PCHIP monotônica entre pontos MDE de 5 m;01_dados/cav/cav_todos.csv
E11;23,0;80,5;9,599924035173425;103,9290487301717;PCHIP monotônica entre pontos MDE de 5 m;01_dados/cav/cav_todos.csv
E11;24,0;81,5;9,972634098680997;113,78113922073686;PCHIP monotônica entre pontos MDE de 5 m;01_dados/cav/cav_todos.csv
E11;25,0;82,5;10,34;123,9;PCHIP monotônica entre pontos MDE de 5 m;01_dados/cav/cav_todos.csv
E11;26,0;83,5;10,698920099950026;134,34312685655502;PCHIP monotônica entre pontos MDE de 5 m;01_dados/cav/cav_todos.csv
E11;27,0;84,5;11,045938560719641;145,20374950170387;PCHIP monotônica entre pontos MDE de 5 m;01_dados/cav/cav_todos.csv
E11;28,0;85,5;11,386496971514243;156,4428087185752;PCHIP monotônica entre pontos MDE de 5 m;01_dados/cav/cav_todos.csv
E11;29,0;86,5;11,72603692153923;168,0212452902977;PCHIP monotônica entre pontos MDE de 5 m;01_dados/cav/cav_todos.csv
E11;30,0;87,5;12,07;179,9;PCHIP monotônica entre pontos MDE de 5 m;01_dados/cav/cav_todos.csv
E11;31,0;88,5;12,417923911283797;192,1225227991489;PCHIP monotônica entre pontos MDE de 5 m;01_dados/cav/cav_todos.csv
E11;32,0;89,5;12,766185526954834;204,7404955497645;PCHIP monotônica entre pontos MDE de 5 m;01_dados/cav/cav_todos.csv
E11;33,0;90,5;13,115485186983973;217,72720690080567;PCHIP monotônica entre pontos MDE de 5 m;01_dados/cav/cav_todos.csv
E11;34,0;91,5;13,466523231342077;231,05594550123124;PCHIP monotônica entre pontos MDE de 5 m;01_dados/cav/cav_todos.csv
E11;35,0;92,5;13,82;244,7;PCHIP monotônica entre pontos MDE de 5 m;01_dados/cav/cav_todos.csv
E11;36,0;93,5;14,180686086847494;258,70951168394384;PCHIP monotônica entre pontos MDE de 5 m;01_dados/cav/cav_todos.csv
E11;37,0;94,5;14,548142767584736;273,1251646547196;PCHIP monotônica entre pontos MDE de 5 m;01_dados/cav/cav_todos.csv
E11;38,0;95,5;14,915256404898233;287,9060617835234;PCHIP monotônica entre pontos MDE de 5 m;01_dados/cav/cav_todos.csv
E11;39,0;96,5;15,274913361474484;303,0113059415515;PCHIP monotônica entre pontos MDE de 5 m;01_dados/cav/cav_todos.csv
E11;40,0;97,5;15,62;318,4;PCHIP monotônica entre pontos MDE de 5 m;01_dados/cav/cav_todos.csv
E11;41,0;98,5;15,911473028417662;333,8661489184143;PCHIP monotônica entre pontos MDE de 5 m;01_dados/cav/cav_todos.csv
E11;42,0;99,5;16,15470276477821;349,45430279637395;PCHIP monotônica entre pontos MDE de 5 m;01_dados/cav/cav_todos.csv
E11;43,0;100,5;16,40919598692993;365,4993822151265;PCHIP monotônica entre pontos MDE de 5 m;01_dados/cav/cav_todos.csv
E11;44,0;101,5;16,734459472721095;382,3363077559194;PCHIP monotônica entre pontos MDE de 5 m;01_dados/cav/cav_todos.csv
E11;45,0;102,5;17,19;400,3;PCHIP monotônica entre pontos MDE de 5 m;01_dados/cav/cav_todos.csv
E11;46,0;103,5;18,37874507997866;419,5276350662815;PCHIP monotônica entre pontos MDE de 5 m;01_dados/cav/cav_todos.csv
E11;47,0;104,5;20,49561767116935;439,940446251476;PCHIP monotônica entre pontos MDE de 5 m;01_dados/cav/cav_todos.csv
E11;48,0;105,5;22,98811772237071;461,54943990352973;PCHIP monotônica entre pontos MDE de 5 m;01_dados/cav/cav_todos.csv
E11;49,0;106,5;25,303745182381377;484,36562237038896;PCHIP monotônica entre pontos MDE de 5 m;01_dados/cav/cav_todos.csv
E11;50,0;107,5;26,89;508,4;PCHIP monotônica entre pontos MDE de 5 m;01_dados/cav/cav_todos.csv
E11;51,0;108,5;27,812620722164645;534,2307294445086;PCHIP monotônica entre pontos MDE de 5 m;01_dados/cav/cav_todos.csv
E11;52,0;109,5;28,554579991267335;562,047615541163;PCHIP monotônica entre pontos MDE de 5 m;01_dados/cav/cav_todos.csv
E11;53,0;110,5;29,189228899287716;591,2791369155632;PCHIP monotônica entre pontos MDE de 5 m;01_dados/cav/cav_todos.csv
E11;54,0;111,5;29,789918538205395;621,3537721933088;PCHIP monotônica entre pontos MDE de 5 m;01_dados/cav/cav_todos.csv
E11;55,0;112,5;30,43;651,7;PCHIP monotônica entre pontos MDE de 5 m;01_dados/cav/cav_todos.csv
E11;56,0;113,5;31,10868139324677;682,4044666061236;PCHIP monotônica entre pontos MDE de 5 m;01_dados/cav/cav_todos.csv
E11;57,0;114,5;31,777370895068767;713,8875794827339;PCHIP monotônica entre pontos MDE de 5 m;01_dados/cav/cav_todos.csv
E11;58,0;115,5;32,43771970026737;746,0784590562827;PCHIP monotônica entre pontos MDE de 5 m;01_dados/cav/cav_todos.csv
E11;59,0;116,5;33,09137900364399;778,9062257532207;PCHIP monotônica entre pontos MDE de 5 m;01_dados/cav/cav_todos.csv
E11;60,0;117,5;33,74;812,3;PCHIP monotônica entre pontos MDE de 5 m;01_dados/cav/cav_todos.csv
E11;61,0;118,5;34,377529641313735;846,3038153374519;PCHIP monotônica entre pontos MDE de 5 m;01_dados/cav/cav_todos.csv
E11;62,0;119,5;35,003006234605806;880,9956642157356;PCHIP monotônica entre pontos MDE de 5 m;01_dados/cav/cav_todos.csv
E11;63,0;120,5;35,625718007241005;916,3556054252932;PCHIP monotônica entre pontos MDE de 5 m;01_dados/cav/cav_todos.csv
E11;64,0;121,5;36,25495318658414;952,3636977565673;PCHIP monotônica entre pontos MDE de 5 m;01_dados/cav/cav_todos.csv
E11;65,0;122,5;36,9;989,0;PCHIP monotônica entre pontos MDE de 5 m;01_dados/cav/cav_todos.csv
E11;66,0;123,5;37,566850429051854;1026,3257471227046;PCHIP monotônica entre pontos MDE de 5 m;01_dados/cav/cav_todos.csv
E11;67,0;124,5;38,249692839667006;1064,384729212522;PCHIP monotônica entre pontos MDE de 5 m;01_dados/cav/cav_todos.csv
E11;68,0;125,5;38,940110035756206;1103,1308377409869;PCHIP monotônica entre pontos MDE de 5 m;01_dados/cav/cav_todos.csv
E11;69,0;126,5;39,62968482123028;1142,5179641796346;PCHIP monotônica entre pontos MDE de 5 m;01_dados/cav/cav_todos.csv
E11;70,0;127,5;40,31;1182,5;PCHIP monotônica entre pontos MDE de 5 m;01_dados/cav/cav_todos.csv
E11;71,0;128,5;40,97841820986344;1223,1161853787826;PCHIP monotônica entre pontos MDE de 5 m;01_dados/cav/cav_todos.csv
E11;72,0;129,5;41,640599057524945;1264,4236109342653;PCHIP monotônica entre pontos MDE de 5 m;01_dados/cav/cav_todos.csv
E11;73,0;130,5;42,300570800254725;1306,4029438003563;PCHIP monotônica entre pontos MDE de 5 m;01_dados/cav/cav_todos.csv
E11;74,0;131,5;42,962361695323004;1349,034851110965;PCHIP monotônica entre pontos MDE de 5 m;01_dados/cav/cav_todos.csv
E11;75,0;132,5;43,63;1392,3;PCHIP monotônica entre pontos MDE de 5 m;01_dados/cav/cav_todos.csv
E11;76,0;133,5;44,30155970382447;1436,2308530571274;PCHIP monotônica entre pontos MDE de 5 m;01_dados/cav/cav_todos.csv
E11;77,0;134,5;44,9743933971877;1480,8661687039212;PCHIP monotônica entre pontos MDE de 5 m;01_dados/cav/cav_todos.csv
E11;78,0;135,5;45,65144723863868;1526,196057822151;PCHIP monotônica entre pontos MDE de 5 m;01_dados/cav/cav_todos.csv
E11;79,0;136,5;46,33566738672645;1572,2106312935873;PCHIP monotônica entre pontos MDE de 5 m;01_dados/cav/cav_todos.csv
E11;80,0;137,5;47,03;1618,9;PCHIP monotônica entre pontos MDE de 5 m;01_dados/cav/cav_todos.csv
E11;81,0;138,5;47,73720528726623;1666,3068536941257;PCHIP monotônica entre pontos MDE de 5 m;01_dados/cav/cav_todos.csv
E11;82,0;139,5;48,45557078333934;1714,4643971409882;PCHIP monotônica entre pontos MDE de 5 m;01_dados/cav/cav_todos.csv
E11;83,0;140,5;49,181333635779346;1763,3485137407877;PCHIP monotônica entre pontos MDE de 5 m;01_dados/cav/cav_todos.csv
E11;84,0;141,5;49,91073099214623;1812,935086893725;PCHIP monotônica entre pontos MDE de 5 m;01_dados/cav/cav_todos.csv
E11;85,0;142,5;50,64;1863,2;PCHIP monotônica entre pontos MDE de 5 m;01_dados/cav/cav_todos.csv
E11;86,0;143,5;51,35292202606696;1914,123345007784;PCHIP monotônica entre pontos MDE de 5 m;01_dados/cav/cav_todos.csv
E11;87,0;144,5;52,05202541886021;1965,7467819637388;PCHIP monotônica entre pontos MDE de 5 m;01_dados/cav/cav_todos.csv
E11;88,0;145,5;52,76166779861999;2018,1385464158016;PCHIP monotônica entre pontos MDE de 5 m;01_dados/cav/cav_todos.csv
E11;89,0;146,5;53,50620678558651;2071,36687391191;PCHIP monotônica entre pontos MDE de 5 m;01_dados/cav/cav_todos.csv
E11;90,0;147,5;54,31;2125,5;PCHIP monotônica entre pontos MDE de 5 m;01_dados/cav/cav_todos.csv
E11;91,0;148,5;55,21842832119351;2180,6162096629596;PCHIP monotônica entre pontos MDE de 5 m;01_dados/cav/cav_todos.csv
E11;92,0;149,5;56,22263752172005;2236,7067043088055;PCHIP monotônica entre pontos MDE de 5 m;01_dados/cav/cav_todos.csv
E11;93,0;150,5;57,26563256164985;2293,709094123172;PCHIP monotônica entre pontos MDE de 5 m;01_dados/cav/cav_todos.csv
E11;94,0;151,5;58,29041840105309;2351,560989291692;PCHIP monotônica entre pontos MDE de 5 m;01_dados/cav/cav_todos.csv
E11;95,0;152,5;59,24;2410,2;PCHIP monotônica entre pontos MDE de 5 m;01_dados/cav/cav_todos.csv
E11;96,0;153,5;60,10415745065225;2469,696558110218;PCHIP monotônica entre pontos MDE de 5 m;01_dados/cav/cav_todos.csv
E11;97,0;154,5;60,92409499346615;2530,1235480825594;PCHIP monotônica entre pontos MDE de 5 m;01_dados/cav/cav_todos.csv
E11;98,0;155,5;61,71995381095394;2591,4222589997917;PCHIP monotônica entre pontos MDE de 5 m;01_dados/cav/cav_todos.csv
E11;99,0;156,5;62,51187508562782;2653,5339799446824;PCHIP monotônica entre pontos MDE de 5 m;01_dados/cav/cav_todos.csv
E11;100,0;157,5;63,32;2716,4;PCHIP monotônica entre pontos MDE de 5 m;01_dados/cav/cav_todos.csv
E11;101,0;158,5;64,13996134123175;2780,043472111689;PCHIP monotônica entre pontos MDE de 5 m;01_dados/cav/cav_todos.csv
E11;102,0;159,5;64,95835546962473;2844,5300971693214;PCHIP monotônica entre pontos MDE de 5 m;01_dados/cav/cav_todos.csv
E11;103,0;160,5;65,78176892740186;2909,864986171109;PCHIP monotônica entre pontos MDE de 5 m;01_dados/cav/cav_todos.csv
E11;104,0;161,5;66,616788256786;2976,053250115265;PCHIP monotônica entre pontos MDE de 5 m;01_dados/cav/cav_todos.csv
E11;105,0;162,5;67,47;3043,1;PCHIP monotônica entre pontos MDE de 5 m;01_dados/cav/cav_todos.csv
E11;106,0;163,5;68,34471866346061;3111,043071540917;PCHIP monotônica entre pontos MDE de 5 m;01_dados/cav/cav_todos.csv
E11;107,0;164,5;69,23715183333792;3179,907978797437;PCHIP monotônica entre pontos MDE de 5 m;01_dados/cav/cav_todos.csv
E11;108,0;165,5;70,14322567148494;3249,6813502834975;PCHIP monotônica entre pontos MDE de 5 m;01_dados/cav/cav_todos.csv
E11;109,0;166,5;71,05886633975464;3320,3498145130393;PCHIP monotônica entre pontos MDE de 5 m;01_dados/cav/cav_todos.csv
E11;110,0;167,5;71,98;3391,9;PCHIP monotônica entre pontos MDE de 5 m;01_dados/cav/cav_todos.csv
E11;111,0;168,5;72,91236325855655;3464,3795433614227;PCHIP monotônica entre pontos MDE de 5 m;01_dados/cav/cav_todos.csv
E11;112,0;169,5;73,85886312344861;3537,826723339887;PCHIP monotônica entre pontos MDE de 5 m;01_dados/cav/cav_todos.csv
E11;113,0;170,5;74,81118135906242;3612,2141316376396;PCHIP monotônica entre pontos MDE de 5 m;01_dados/cav/cav_todos.csv
E11;114,0;171,5;75,76099972978413;3687,5143599569287;PCHIP monotônica entre pontos MDE de 5 m;01_dados/cav/cav_todos.csv
E11;115,0;172,5;76,7;3763,7;PCHIP monotônica entre pontos MDE de 5 m;01_dados/cav/cav_todos.csv
E11;116,0;173,5;77,62828382384534;3840,8106942756554;PCHIP monotônica entre pontos MDE de 5 m;01_dados/cav/cav_todos.csv
E11;117,0;174,5;78,551469301826;3918,8930310601113;PCHIP monotônica entre pontos MDE de 5 m;01_dados/cav/cav_todos.csv
E11;118,0;175,5;79,46951286788399;3997,9300207067417;PCHIP monotônica entre pontos MDE de 5 m;01_dados/cav/cav_todos.csv
E11;119,0;176,5;80,38237095596133;4077,9046735689135;PCHIP monotônica entre pontos MDE de 5 m;01_dados/cav/cav_todos.csv
E11;120,0;177,5;81,29;4158,8;PCHIP monotônica entre pontos MDE de 5 m;01_dados/cav/cav_todos.csv
E12;10,0;57,0;3,78;20,0;PCHIP monotônica entre pontos MDE de 5 m;01_dados/cav/cav_todos.csv
E12;11,0;58,0;4,415327640449438;23,496401659751044;PCHIP monotônica entre pontos MDE de 5 m;01_dados/cav/cav_todos.csv
E12;12,0;59,0;5,089582921348315;27,945204979253113;PCHIP monotônica entre pontos MDE de 5 m;01_dados/cav/cav_todos.csv
E12;13,0;60,0;5,8001743820224725;33,19580746887967;PCHIP monotônica entre pontos MDE de 5 m;01_dados/cav/cav_todos.csv
E12;14,0;61,0;6,544510561797753;39,097606639004155;PCHIP monotônica entre pontos MDE de 5 m;01_dados/cav/cav_todos.csv
E12;15,0;62,0;7,32;45,5;PCHIP monotônica entre pontos MDE de 5 m;01_dados/cav/cav_todos.csv
E12;16,0;63,0;8,147091043553418;52,78753699427259;PCHIP monotônica entre pontos MDE de 5 m;01_dados/cav/cav_todos.csv
E12;17,0;64,0;9,03183043403104;61,31162343095055;PCHIP monotônica entre pontos MDE de 5 m;01_dados/cav/cav_todos.csv
E12;18,0;65,0;9,950024302731952;70,87194137049222;PCHIP monotônica entre pontos MDE de 5 m;01_dados/cav/cav_todos.csv
E12;19,0;66,0;10,877478780955244;81,26817287335594;PCHIP monotônica entre pontos MDE de 5 m;01_dados/cav/cav_todos.csv
E12;20,0;67,0;11,79;92,3;PCHIP monotônica entre pontos MDE de 5 m;01_dados/cav/cav_todos.csv
E12;21,0;68,0;12,691513851632859;104,32584885300754;PCHIP monotônica entre pontos MDE de 5 m;01_dados/cav/cav_todos.csv
E12;22,0;69,0;13,59815359503236;117,67812380859816;PCHIP monotônica entre pontos MDE de 5 m;01_dados/cav/cav_todos.csv
E12;23,0;70,0;14,504036412615429;132,11747433768502;PCHIP monotônica entre pontos MDE de 5 m;01_dados/cav/cav_todos.csv
E12;24,0;71,0;15,403279486798999;147,40454991118125;PCHIP monotônica entre pontos MDE de 5 m;01_dados/cav/cav_todos.csv
E12;25,0;72,0;16,29;163,3;PCHIP monotônica entre pontos MDE de 5 m;01_dados/cav/cav_todos.csv
E12;26,0;73,0;17,18088722784983;180,06180987685192;PCHIP monotônica entre pontos MDE de 5 m;01_dados/cav/cav_todos.csv
E12;27,0;74,0;18,08006373133106;197,9696050264144;PCHIP monotônica entre pontos MDE de 5 m;01_dados/cav/cav_todos.csv
E12;28,0;75,0;18,96279662088737;216,81649523755098;PCHIP monotônica entre pontos MDE de 5 m;01_dados/cav/cav_todos.csv
E12;29,0;76,0;19,804353006962458;236,39559029912502;PCHIP monotônica entre pontos MDE de 5 m;01_dados/cav/cav_todos.csv
E12;30,0;77,0;20,58;256,5;PCHIP monotônica entre pontos MDE de 5 m;01_dados/cav/cav_todos.csv
E12;31,0;78,0;21,285676378536586;277,28391841560085;PCHIP monotônica entre pontos MDE de 5 m;01_dados/cav/cav_todos.csv
E12;32,0;79,0;21,944091535609754;298,9500309066266;PCHIP monotônica entre pontos MDE de 5 m;01_dados/cav/cav_todos.csv
E12;33,0;80,0;22,570668503414634;321,3641841898519;PCHIP monotônica entre pontos MDE de 5 m;01_dados/cav/cav_todos.csv
E12;34,0;81,0;23,180830314146338;344,39222498205146;PCHIP monotônica entre pontos MDE de 5 m;01_dados/cav/cav_todos.csv
E12;35,0;82,0;23,79;367,9;PCHIP monotônica entre pontos MDE de 5 m;01_dados/cav/cav_todos.csv
E12;36,0;83,0;24,395654859829566;391,96850277420873;PCHIP monotônica entre pontos MDE de 5 m;01_dados/cav/cav_todos.csv
E12;37,0;84,0;24,987987018513078;416,72599907892874;PCHIP monotônica entre pontos MDE de 5 m;01_dados/cav/cav_todos.csv
E12;38,0;85,0;25,57149174728181;442,1092439965444;PCHIP monotônica entre pontos MDE de 5 m;01_dados/cav/cav_todos.csv
E12;39,0;86,0;26,150664317367028;468,0549926094401;PCHIP monotônica entre pontos MDE de 5 m;01_dados/cav/cav_todos.csv
E12;40,0;87,0;26,73;494,5;PCHIP monotônica entre pontos MDE de 5 m;01_dados/cav/cav_todos.csv
E12;41,0;88,0;27,31089042481195;521,5053832734815;PCHIP monotônica entre pontos MDE de 5 m;01_dados/cav/cav_todos.csv
E12;42,0;89,0;27,890372479255124;549,1438836522201;PCHIP monotônica entre pontos MDE de 5 m;01_dados/cav/cav_todos.csv
E12;43,0;90,0;28,466409321292325;577,3696923942181;PCHIP monotônica entre pontos MDE de 5 m;01_dados/cav/cav_todos.csv
E12;44,0;91,0;29,03696410888635;606,1370007574773;PCHIP monotônica entre pontos MDE de 5 m;01_dados/cav/cav_todos.csv
E12;45,0;92,0;29,6;635,4;PCHIP monotônica entre pontos MDE de 5 m;01_dados/cav/cav_todos.csv
E12;46,0;93,0;30,156320952270832;665,2100681888684;PCHIP monotônica entre pontos MDE de 5 m;01_dados/cav/cav_todos.csv
E12;47,0;94,0;30,70744586217921;695,6235144448189;PCHIP monotônica entre pontos MDE de 5 m;01_dados/cav/cav_todos.csv
E12;48,0;95,0;31,25241029595217;726,6019266063354;PCHIP monotônica entre pontos MDE de 5 m;01_dados/cav/cav_todos.csv
E12;49,0;96,0;31,790249819816758;758,1068925119012;PCHIP monotônica entre pontos MDE de 5 m;01_dados/cav/cav_todos.csv
E12;50,0;97,0;32,32;790,1;PCHIP monotônica entre pontos MDE de 5 m;01_dados/cav/cav_todos.csv
E12;51,0;98,0;32,78963195344766;822,4296574657698;PCHIP monotônica entre pontos MDE de 5 m;01_dados/cav/cav_todos.csv
E12;52,0;99,0;33,200035023841096;855,1437233266766;PCHIP monotônica entre pontos MDE de 5 m;01_dados/cav/cav_todos.csv
E12;53,0;100,0;33,6296221175107;888,5029604546992;PCHIP monotônica entre pontos MDE de 5 m;01_dados/cav/cav_todos.csv
E12;54,0;101,0;34,15680614078686;922,7681317218144;PCHIP monotônica entre pontos MDE de 5 m;01_dados/cav/cav_todos.csv
E12;55,0;102,0;34,86;958,2;PCHIP monotônica entre pontos MDE de 5 m;01_dados/cav/cav_todos.csv
E12;56,0;103,0;36,26640555707608;994,7107466498861;PCHIP monotônica entre pontos MDE de 5 m;01_dados/cav/cav_todos.csv
E12;57,0;104,0;38,51641297607809;1032,2056746604019;PCHIP monotônica entre pontos MDE de 5 m;01_dados/cav/cav_todos.csv
E12;58,0;105,0;41,10821761654207;1070,9352293459747;PCHIP monotônica entre pontos MDE de 5 m;01_dados/cav/cav_todos.csv
E12;59,0;106,0;43,54001483800404;1111,1498560210316;PCHIP monotônica entre pontos MDE de 5 m;01_dados/cav/cav_todos.csv
E12;60,0;107,0;45,31;1153,1;PCHIP monotônica entre pontos MDE de 5 m;01_dados/cav/cav_todos.csv
E12;61,0;108,0;46,45677398240431;1197,3924050556118;PCHIP monotônica entre pontos MDE de 5 m;01_dados/cav/cav_todos.csv
E12;62,0;109,0;47,406948844682965;1244,035553883956;PCHIP monotônica entre pontos MDE de 5 m;01_dados/cav/cav_todos.csv
E12;63,0;110,0;48,24073671575946;1292,3825001844946;PCHIP monotônica entre pontos MDE de 5 m;01_dados/cav/cav_todos.csv
E12;64,0;111,0;49,03834972455731;1341,7862976566885;PCHIP monotônica entre pontos MDE de 5 m;01_dados/cav/cav_todos.csv
E12;65,0;112,0;49,88;1391,6;PCHIP monotônica entre pontos MDE de 5 m;01_dados/cav/cav_todos.csv
E12;66,0;113,0;50,76679871447999;1441,908420987389;PCHIP monotônica entre pontos MDE de 5 m;01_dados/cav/cav_todos.csv
E12;67,0;114,0;51,645508601352404;1493,1816557477384;PCHIP monotônica entre pontos MDE de 5 m;01_dados/cav/cav_todos.csv
E12;68,0;115,0;52,51481913098484;1545,3506800143932;PCHIP monotônica entre pontos MDE de 5 m;01_dados/cav/cav_todos.csv
E12;69,0;116,0;53,37341977374485;1598,3464695206983;PCHIP monotônica entre pontos MDE de 5 m;01_dados/cav/cav_todos.csv
E12;70,0;117,0;54,22;1652,1;PCHIP monotônica entre pontos MDE de 5 m;01_dados/cav/cav_todos.csv
E12;71,0;118,0;55,04775457160272;1706,663924865883;PCHIP monotônica entre pontos MDE de 5 m;01_dados/cav/cav_todos.csv
E12;72,0;119,0;55,85790390505786;1762,1165031453509;PCHIP monotônica entre pontos MDE de 5 m;01_dados/cav/cav_todos.csv
E12;73,0;120,0;56,661175952711645;1818,4271189918782;PCHIP monotônica entre pontos MDE de 5 m;01_dados/cav/cav_todos.csv
E12;74,0;121,0;57,468298666910286;1875,5651565589365;PCHIP monotônica entre pontos MDE de 5 m;01_dados/cav/cav_todos.csv
E12;75,0;122,0;58,29;1933,5;PCHIP monotônica entre pontos MDE de 5 m;01_dados/cav/cav_todos.csv
E12;76,0;123,0;59,13167486990028;1992,2966926654422;PCHIP monotônica entre pontos MDE de 5 m;01_dados/cav/cav_todos.csv
E12;77,0;124,0;59,98634465772006;2052,0064286812576;PCHIP monotônica entre pontos MDE de 5 m;01_dados/cav/cav_todos.csv
E12;78,0;125,0;60,84617701058969;2112,5778183643524;PCHIP monotônica entre pontos MDE de 5 m;01_dados/cav/cav_todos.csv
E12;79,0;126,0;61,703339575639546;2173,9594720316313;PCHIP monotônica entre pontos MDE de 5 m;01_dados/cav/cav_todos.csv
E12;80,0;127,0;62,55;2236,1;PCHIP monotônica entre pontos MDE de 5 m;01_dados/cav/cav_todos.csv
E12;81,0;128,0;63,38167973070532;2299,035089510003;PCHIP monotônica entre pontos MDE de 5 m;01_dados/cav/cav_todos.csv
E12;82,0;129,0;64,20368090844491;2362,8258662605513;PCHIP monotônica entre pontos MDE de 5 m;01_dados/cav/cav_todos.csv
E12;83,0;130,0;65,02284222083183;2427,4590982560976;PCHIP monotônica entre pontos MDE de 5 m;01_dados/cav/cav_todos.csv
E12;84,0;131,0;65,84600235547917;2492,9215535010962;PCHIP monotônica entre pontos MDE de 5 m;01_dados/cav/cav_todos.csv
E12;85,0;132,0;66,68;2559,2;PCHIP monotônica entre pontos MDE de 5 m;01_dados/cav/cav_todos.csv
E12;86,0;133,0;67,52629724015733;2626,3397126365912;PCHIP monotônica entre pontos MDE de 5 m;01_dados/cav/cav_todos.csv
E12;87,0;134,0;68,38045656607768;2694,3767001569645;PCHIP monotônica entre pontos MDE de 5 m;01_dados/cav/cav_todos.csv
E12;88,0;135,0;69,24046727191939;2763,283831359043;PCHIP monotônica entre pontos MDE de 5 m;01_dados/cav/cav_todos.csv
E12;89,0;136,0;70,10431865184071;2833,033975040747;PCHIP monotônica entre pontos MDE de 5 m;01_dados/cav/cav_todos.csv
E12;90,0;137,0;70,97;2903,6;PCHIP monotônica entre pontos MDE de 5 m;01_dados/cav/cav_todos.csv
E12;91,0;138,0;71,8369387065932;2975,019115505628;PCHIP monotônica entre pontos MDE de 5 m;01_dados/cav/cav_todos.csv
E12;92,0;139,0;72,70650480338236;3047,335440280083;PCHIP monotônica entre pontos MDE de 5 m;01_dados/cav/cav_todos.csv
E12;93,0;140,0;73,57960154687493;3120,5322073017246;PCHIP monotônica entre pontos MDE de 5 m;01_dados/cav/cav_todos.csv
E12;94,0;141,0;74,45713219357832;3194,59264954891;PCHIP monotônica entre pontos MDE de 5 m;01_dados/cav/cav_todos.csv
E12;95,0;142,0;75,34;3269,5;PCHIP monotônica entre pontos MDE de 5 m;01_dados/cav/cav_todos.csv
E12;96,0;143,0;76,21315486319746;3345,2476189872546;PCHIP monotônica entre pontos MDE de 5 m;01_dados/cav/cav_todos.csv
E12;97,0;144,0;77,07605962345238;3421,8725983067684;PCHIP monotônica entre pontos MDE de 5 m;01_dados/cav/cav_todos.csv
E12;98,0;145,0;77,95138695210858;3499,4237681326563;PCHIP monotônica entre pontos MDE de 5 m;01_dados/cav/cav_todos.csv
E12;99,0;146,0;78,86180952050985;3577,949958639029;PCHIP monotônica entre pontos MDE de 5 m;01_dados/cav/cav_todos.csv
E12;100,0;147,0;79,83;3657,5;PCHIP monotônica entre pontos MDE de 5 m;01_dados/cav/cav_todos.csv
E12;101,0;148,0;80,89937668871593;3738,130466327844;PCHIP monotônica entre pontos MDE de 5 m;01_dados/cav/cav_todos.csv
E12;102,0;149,0;82,06057167556877;3819,8415067679625;PCHIP monotônica entre pontos MDE de 5 m;01_dados/cav/cav_todos.csv
E12;103,0;150,0;83,25707831806366;3902,5973140441592;PCHIP monotônica entre pontos MDE de 5 m;01_dados/cav/cav_todos.csv
E12;104,0;151,0;84,4323899737057;3986,362080880237;PCHIP monotônica entre pontos MDE de 5 m;01_dados/cav/cav_todos.csv
E12;105,0;152,0;85,53;4071,1;PCHIP monotônica entre pontos MDE de 5 m;01_dados/cav/cav_todos.csv
E12;106,0;153,0;86,53611760060508;4156,882758365275;PCHIP monotônica entre pontos MDE de 5 m;01_dados/cav/cav_todos.csv
E12;107,0;154,0;87,49164440486865;4243,765203692377;PCHIP monotônica entre pontos MDE de 5 m;01_dados/cav/cav_todos.csv
E12;108,0;155,0;88,42211240882969;4331,686269836844;PCHIP monotônica entre pontos MDE de 5 m;01_dados/cav/cav_todos.csv
E12;109,0;156,0;89,35305360852716;4420,584890654206;PCHIP monotônica entre pontos MDE de 5 m;01_dados/cav/cav_todos.csv
E12;110,0;157,0;90,31;4510,4;PCHIP monotônica entre pontos MDE de 5 m;01_dados/cav/cav_todos.csv
E12;111,0;158,0;91,29004363331977;4601,152005472835;PCHIP monotônica entre pontos MDE de 5 m;01_dados/cav/cav_todos.csv
E12;112,0;159,0;92,2763793167111;4692,908418544279;PCHIP monotônica entre pontos MDE de 5 m;01_dados/cav/cav_todos.csv
E12;113,0;160,0;93,27369318344256;4785,678828879306;PCHIP monotônica entre pontos MDE de 5 m;01_dados/cav/cav_todos.csv
E12;114,0;161,0;94,28667136678266;4879,472826142889;PCHIP monotônica entre pontos MDE de 5 m;01_dados/cav/cav_todos.csv
E12;115,0;162,0;95,32;4974,3;PCHIP monotônica entre pontos MDE de 5 m;01_dados/cav/cav_todos.csv
E12;116,0;163,0;96,37476217765042;5070,201253573675;PCHIP monotônica entre pontos MDE de 5 m;01_dados/cav/cav_todos.csv
E12;117,0;164,0;97,44860744985672;5167,199410270384;PCHIP monotônica entre pontos MDE de 5 m;01_dados/cav/cav_todos.csv
E12;118,0;165,0;98,54107163323782;5265,276940180256;PCHIP monotônica entre pontos MDE de 5 m;01_dados/cav/cav_todos.csv
E12;119,0;166,0;99,6516905444126;5364,416313393419;PCHIP monotônica entre pontos MDE de 5 m;01_dados/cav/cav_todos.csv
E12;120,0;167,0;100,78;5464,6;PCHIP monotônica entre pontos MDE de 5 m;01_dados/cav/cav_todos.csv
