cenario;tempo_h;Q_natural_Estrela_m3s;Q_resultante_Estrela_m3s;Q_fora_E12_m3s
C01;0,0;600,0;122,9351851851852;113,58641975308645
C01;1,0;602,0730252219284;123,35993141777077;113,97886560811429
C01;2,0;615,6917366914672;126,15029611192301;116,55703340390629
C01;3,0;650,1096337094854;133,20224701791417;123,07270956675148
C01;4,0;712,3864302716262;145,96226288142566;134,86237349205965
C01;5,0;807,6922804725331;165,48966678755903;152,90479066846797
C01;6,0;939,578770874094;196,5244960014714;177,87231443265648
C01;7,0;1110,2198372612952;231,5013439853043;210,17649408894135
C01;8,0;1320,6254897546692;274,70284537097297;250,00853535983208
C01;9,0;1570,830978959158;326,19810312111406;297,37511156201117
C01;10,0;1860,0638049961954;385,8760482312582;352,1299802030351
C01;11,0;2186,8907593063777;453,47760184437567;414,00181956786696
C01;12,0;2549,346994559396;621,1208464116855;482,61866303382175
C01;13,0;2945,048939510288;703,6576985131173;557,5292750609964
C01;14,0;3371,2927119421097;794,4981419905033;638,2217818152961
C01;15,0;3825,1395327745504;894,4668138643498;724,1398409730917
C01;16,0;4303,48950692258;1004,011740872113;814,6966092271856
C01;17,0;4803,145010566519;1123,265210166948;909,2867421752527
C01;18,0;5320,864809227682;1263,810460358029;1007,2966394506035
C01;19,0;5853,409925584;1401,9175915684198;1108,1131279904453
C01;20,0;6397,582179524259;1548,9668300481342;1211,1307580805135
C01;21,0;6950,256234804096;1704,484244595902;1315,7578701299403
C01;22,0;7508,405906163199;1867,8477915750902;1421,421574890011
C01;23,0;8069,125407273852;2038,3206994902648;1527,5717759181712
C01;24,0;8629,646152846582;2215,240955151471;1633,6843503963996
C01;25,0;9187,349667093044;2397,4049446560916;1739,2635928413492
C01;26,0;9739,777095054598;2584,053391433237;1843,8440157006141
C01;27,0;10284,635762599604;2774,2457617755845;1946,9915912304057
C01;28,0;10819,8031847608;2967,0358621271457;2048,3045103167033
C01;29,0;11343,328880145813;3161,4850766788286;2147,4135259625846
C01;30,0;11853,434311058632;3362,7011803017476;2243,9819419525716
C01;31,0;12348,511234394355;3557,757141869584;2337,7053006593687
C01;32,0;12827,11871701698;3751,9186754541306;2428,3108180229383
C01;33,0;13287,97904092603;3944,4624517683546;2515,556608354733
C01;34,0;13729,972697810983;4134,688580058924;2599,2307367532926
C01;35,0;14152,132649350526;4321,92705292905;2679,1501325174804
C01;36,0;14553,638008623728;5005,888715131803;2755,1593929700134
C01;37,0;14933,807279066135;5183,1375465074925;2827,1295035195067
C01;38,0;15292,09127034545;5355,758523056224;2894,956496559946
C01;39,0;15628,065795183416;5523,365939439362;2958,560068900927
C01;40,0;15941,424237360823;5685,533676178807;3017,882174811488
C01;41,0;16231,970068771821;5841,998981332645;3072,8856094184202
C01;42,0;16499,609382313687;6005,603174620259;3123,55259510241
C01;43,0;16744,343497492064;6149,840967869903;3169,8833816599954
C01;44,0;16966,26168678126;6287,839701342227;3211,8948693257416
C01;45,0;17165,53406290655;6419,632997430393;3249,619262258678
C01;46,0;17342,404660219705;6545,215085634891;3283,1027587726635
C01;47,0;17497,18473713819;6664,570018654216;3312,40428341646
C01;48,0;17630,246321136627;7270,7381872876595;3337,594264971555
C01;49,0;17742,016012947275;7376,913870700025;3358,7534635210177
C01;50,0;17832,969062381486;7476,798191123814;3375,9718489391125
C01;51,0;17903,623724468413;7570,383853690626;3389,3475324479773
C01;52,0;17954,535901368436;7657,678109586933;3398,9857522744924
C01;53,0;17986,294072708497;7738,70211483913;3404,997913908531
C01;54,0;17999,514514561488;7813,470059342657;3407,5006850045893
C01;55,0;17994,836805211777;7881,970265820753;3406,6151445751234
C01;56,0;17972,91961407818;7944,308832273614;3402,465985788608
C01;57,0;17934,4367686707;8000,441003150194;3395,180771402362
C01;58,0;17880,07359320866;8050,490090494204;3384,889240623793
C01;59,0;17810,52351149829;8094,516938474457;3371,722665998766
C01;60,0;17726,484905832207;8132,561400613295;3355,8132587676805
C01;61,0;17628,658223010345;8164,744028673991;3337,293621004254
C01;62,0;17517,74331807004;8191,137226549879;3316,2962427552143
C01;63,0;17394,437025935666;8211,809863550036;3292,9530423275946
C01;64,0;17259,430950937294;8327,86494824148;3267,3949478209584
C01;65,0;17113,40946398961;8440,37370568737;3239,7515179719435
C01;66,0;16957,04789715301;8438,139166101944;3210,150600365356
C01;67,0;16791,010925306102;8430,597002197714;3178,718025067465
C01;68,0;16615,95112473257;8417,894921932671;3145,577331751071
C01;69,0;16432,507698555106;8400,187986358374;3110,8495284065075
C01;70,0;16241,305359126802;8377,659216505868;3074,652879766382
C01;71,0;16042,953357708182;8351,471540295024;3037,1027236130485
C01;72,0;15838,044652008452;8522,749081858492;2998,3113131852633
C01;73,0;15627,155202447417;8839,577776806662;2958,387683953035
C01;74,0;15410,843388293562;9216,912213992038;2917,437543086315
C01;75,0;15189,649535149563;9193,084094682385;2875,5631800029546
C01;76,0;14964,09554558486;9138,98168390002;2832,863396443488
C01;77,0;14734,684625051783;9081,10867397788;2789,4334545841343
C01;78,0;14501,901095564177;9019,670810932681;2745,3650417641607
C01;79,0;14266,210289962448;8954,872993819987;2700,746250469126
C01;80,0;14028,058519934102;8886,918686285026;2655,661572276825
C01;81,0;13787,873111301904;8816,009372863253;2610,19190453772
C01;82,0;13546,062500431135;8742,344059425126;2564,414568625857
C01;83,0;13303,016385941182;8666,11881688641;2518,4033386595033
C01;84,0;13059,10593023406;8587,526367078332;2472,2284796526433
C01;85,0;12814,68400567164;8506,75570948614;2425,95679411897
C01;86,0;12570,085480544294;8423,991787415325;2379,651676208802
C01;87,0;12325,627540274778;8339,41519202747;2333,3731725164216
C01;88,0;12081,610039592584;8253,201902598872;2287,178048750444
C01;89,0;11838,315881694916;8165,523061290728;2241,119861513047
C01;90,0;11596,011420680552;8076,544780677303;2195,249034485008
C01;91,0;11354,946883802193;7986,427982254581;2149,6129383625944
C01;92,0;11115,356810331023;7895,328264144504;2104,255973939312
C01;93,0;10877,460504064298;7803,395796216284;2059,219657770442
C01;94,0;10641,462496732905;7710,7752408647175;2014,5427099010508
C01;95,0;10407,553019780918;7617,605697713876;1970,2611431788955
C01;96,0;10175,908482193263;7524,020670551509;1926,4083537123272
C01;97,0;9946,691952241494;7430,148054843491;1883,015212069914
C01;98,0;9720,053641200731;7336,1101442273275;1840,1101548532367
C01;99,0;9496,131387263933;7242,023654438012;1797,719276307034
C01;100,0;9275,051138042878;7147,999763177462;1755,8664196618006
C01;101,0;9056,927430198797;7054,144164499228;1714,5732679330054
C01;102,0;8841,86386489006;6960,557136342737;1673,8594339284155
C01;103,0;8629,9535778596;6867,3336199149935;1633,7425492406844
C01;104,0;8421,279703111732;6774,56330968197;1594,2383520263274
C01;105,0;8215,915829246442;6682,330752796466;1555,3607733946892
C01;106,0;8013,926447629981;6590,715456853255;1517,1220222514332
C01;107,0;7815,367391683663;6499,792004925881;1479,5326684606075
C01;108,0;7620,286266668487;6409,630176901763;1442,6017242074772
C01;109,0;7428,722869432374;6320,295076193555;1406,3367234611633
C01;110,0;7240,709597669003;6231,8472609641485;1370,743799451722
C01;111,0;7056,271848313505;6144,342879060736;1335,8277600907081
C01;112,0;6875,4284047705205;6057,83380590941;1301,5921612775967
C01;113,0;6698,191812734795;5972,3677846757755;1268,0393780466347
C01;114,0;6524,568744423784;5887,988568049239;1235,1706735199793
C01;115,0;6354,560351096319;5804,736061058462;1202,986265643244
C01;116,0;6188,16260378078;5722,646464373309;1171,4853916889929
C01;117,0;6025,366622181742;5641,7524175942035;1140,6663705222857
C01;118,0;5866,158991774946;5562,0831420731965;1110,5266626301516
C01;119,0;5710,522069137749;5483,664582852356;1081,062927923906
C01;120,0;5558,434275595607;5406,519549344111;1052,271081329576
C01;121,0;5409,8703792953265;5330,66785441518;1024,1463461873798
C01;122,0;5264,801765842645;5256,126451570616;996,683305486322
C01;123,0;5123,196697665593;5182,909569967298;969,87595096445
C01;124,0;4985,020562286258;5111,028847017101;943,717730109356
C01;125,0;4850,2361097020075;5040,493458368922;918,2015910969815
C01;126,0;4718,803679093444;4971,3102450857905;893,3200257098604
C01;127,0;4590,681415090194;4903,483837858609;869,0651102785451
C01;128,0;4465,825473837498;4837,016778121604;845,4285446922204
C01;129,0;4344,190219116528;4771,909635956468;822,4016895263701
C01;130,0;4225,728408779472;4708,161124692521;799,9756013369455
C01;131,0;4110,391371767103;4645,768212128924;778,1410661716708
C01;132,0;3998,1291759815035;4584,7262283224345;756,8886313501611
C01;133,0;3888,89078729056;4525,028969900054;736,20863556516
C01;134,0;3782,6242199430408;4466,668800870648;716,0912373577356
C01;135,0;3679,2766786748284;4409,636749922979;696,5264420195007
C01;136,0;3578,794692786816;4353,9226042098935;677,5041269750021
C01;137,0;3481,1242424748207;4299,514999629458;659,0140656973164
C01;138,0;3386,2108776900404;4246,401507624006;641,0459502096136
C01;139,0;3293,999829806812;4194,568718527093;623,5894122250533
C01;140,0;3204,436116371253;4144,002321496566;606,6340429768248
C01;141,0;3117,4646392012028;4094,6871810792654;590,1694117895197
C01;142,0;3033,0302761037456;4046,607410459318;574,1850834422322
C01;143,0;2951,0779664722363;3999,7464414478154;558,6706343730003
C01;144,0;2871,5527910199085;3954,087091276573;543,6156677732232
C01;145,0;2794,400045901934;3909,6116262631613;529,0098276197683
C01;146,0;2719,5653114723345;3866,301822418025;514,8428116913826
C01;147,0;2646,9945159163603;3824,139023067818;501,10438361498905
C01;148,0;2576,633993993015;3783,1041935716094;487,78438398626986
C01;149,0;2508,430541116255;3743,1779732089235;474,8727406078211
C01;150,0;2442,3314629971082;3704,340724320156;462,35947788693164
C01;151,0;2378,284621062581;3666,572578781357;450,234725433874
C01;152,0;2316,238473860795;3629,853481896175;438,4887259003339
C01;153,0;2256,1421146551793;3594,16323378845;427,1118420963987
C01;154,0;2197,9453054042197;3559,4815283791404;416,09456342328195
C01;155,0;2141,598507316485;3525,787990031268;405,4275116577227
C01;156,0;2087,052908164406;3493,0622079463087;395,10144612276963
C01;157,0;2034,2604465335653;3461,283768394915;385,1072682784376
C01;158,0;1983,1738331780914;3430,4322848641395;375,43602576450684
C01;159,0;1933,7465696461802;3400,4874262024177;366,0789159265364
C01;160,0;1885,9329643337037;3371,4289428424754;357,0272888549844
C01;161,0;1839,6881461175753;3343,236691181096;348,2726499661469
C01;162,0;1794,9680757145454;3315,890656193318;339,8066621525037
C01;163,0;1751,7295549051566;3289,370972357137;331,62114752890704
C01;164,0;1709,9302337567458;3263,6579429632375;323,70808879997816
C01;165,0;1669,528615973717;3238,7320578825606;316,05963027296656
C01;166,0;1630,4840624977348;3214,5740098628426;308,66807853930885
C01;167,0;1592,7567934750691;3191,16470942338;301,52590284706514
C01;168,0;1556,307888703065;3168,4852984155154;294,6257351854434
C01;169,0;1521,0992866625488;3146,517162314369;287,9603701016208
C01;170,0;1487,0937822380297;3125,2419413054977;281,5227642691562
C01;171,0;1454,255023222701;3104,6415402281623;275,30603582634683
C01;172,0;1422,5475057005428;3084,6981374350066;269,30346350201324
C01;173,0;1391,9365683933447;3065,394192625931;263,5084855453284
C01;174,0;1362,3883860560004;3046,7124537120326;257,914698475478
C01;175,0;1333,8699619992713;3028,635962763551;252,5158556661376
C01;176,0;1306,3491198150364;3011,1480610937706;247,30586577897623
C01;177,0;1279,794494375194;2994,232393528997;242,27879105964962
C01;178,0;1254,1755221714757;2977,8729119127584;237,42884550902588
C01;179,0;1229,4624310598824;2962,053877890578;232,75039294169648
C01;180,0;1205,6262294698342;2946,7598650197797;228,23794494315234
C01;181,0;1182,6386951348168;2931,975760247021;223,88615873637616
C01;182,0;1160,4723633980225;2917,6867647944523;219,6898349679733
C01;183,0;1139,1005151433853;2903,878394493692;215,64391542338922
C01;184,0;1118,4971643994177;2890,5364796050776;211,74348068018188
C01;185,0;1098,6370456604056;2877,647164158043;207,98374770778935
C01;186,0;1079,4956009667771;2865,196904846821;204,36006742170417
C01;187,0;1061,0489667838428;2853,1724695141293;200,86792219948035
C01;188,0;1043,2739607156248;2841,5609352539454;197,5029233655165
C01;189,0;1026,1480680880684;2830,349686163018;194,26080865111675
C01;190,0;1009,6494284337069;2819,526410769303;191,13743963589133
C01;191,0;993,7568219076206;2809,079099164146;188,12879917615356
C01;192,0;978,4496556625268;2798,9960398636454;185,2309888255777
C01;193,0;963,7079502088118;2789,265816423371;182,44022625300767
C01;194,0;949,512325783498;2779,8773038293193;179,75284266195618
C01;195,0;935,8439887503172;2770,8196646867896;177,16528021599362
C01;196,0;922,6847180514101;2762,0823452276873;174,67408947390936
C01;197,0;910,0168517295458;2753,655071155638;172,27592683822397
C01;198,0;897,8232735382501;2745,527843347202;169,96755202034302
C01;199,0;886,0873996557889;2737,6909334264515;167,7458255253721
C01;200,0;874,793165517595;2730,1348792291437;165,60770615935462
C01;201,0;863,9250127804395;2722,850480171802;163,55024856144922
C01;202,0;853,4678764304288;2715,8287925400455;161,57060076333659
C01;203,0;843,4071720457692;2709,061124709674;159,66600177792384
C01;204,0;833,7287832241556;2702,539032313134;157,83377921921488
C01;205,0;824,4190491836107;2696,2543133631902;156,0713469550166
C01;206,0;815,4647525446641;2690,199003344884;154,37620279397498
C01;207,0;806,8531073008367;2684,3653702860624;152,74592620825817
C01;208,0;798,5717469835557;2678,7459098161307;151,17817609304944
C01;209,0;790,608713026839;2673,333340221943;149,67068856385663
C01;210,0;782,9524433363216;2668,1205975091493;148,2212747925068
C01;211,0;775,591761066525;2663,1008304767042;146,827818882563
C01;212,0;768,5158636095896;2658,2673958116366;145,48827578477426
C01;213,0;761,7143117981077;2653,6138532106643;144,20066925305534
C01;214,0;755,1770193241022;2649,1339605346975;142,96308984138687
C01;215,0;748,8942423756862;2644,821669001781;141,77369294192383
C01;216,0;742,8565694924317;2640,67111842356;140,6306968645086
C01;217,0;737,05491164003;2636,6766324899104;139,53238095769746
C01;218,0;731,4804925043923;2632,832714105948;138,47708377133048
C01;219,0;726,1248390049553;2629,1340407852445;137,46320126059857
C01;220,0;720,9797720265932;2625,5754601026947;136,4891850314953
C01;221,0;716,0373973691994;2622,1519852101223;135,55354062747574
C01;222,0;711,2900969137004;2618,8587904173937;134,6548258570885
C01;223,0;706,7305200029791;2615,6912068414777;133,7916491622924
C01;224,0;702,3515750359345;2612,644718125605;132,96266802712174
C01;225,0;698,14642127266;2609,7149562303935;132,16658742631913
C01;226,0;694,1084608485205;2606,897697298568;131,40215831351466
C01;227,0;690,2313309947076;2604,188857594618;130,66817614849398
C01;228,0;686,5088964626866;2601,584489520556;129,96347946306474
C01;229,0;682,9352421497834;2599,0807777086893;129,2869484650017
C01;230,0;679,5046659230313;2596,6740351921308;128,63750367952366
C01;231,0;676,211671638264;2594,360699653604;128,0141046277335
C01;232,0;673,050962351342;2592,1373297528853;127,4157485414305
C01;233,0;670,0174337183;2590,000601533115;126,84146911368764
C01;234,0;667,1061675811204;2587,947304906012;126,29033528456993
C01;235,0;664,3124257357725;2585,9743402159274;125,76145006135754
C01;236,0;661,6316438790972;2584,078714882513;125,2539493726262
C01;237,0;659,0594257310669;2582,2575401216923;124,76700095552842
C01;238,0;656,591537328919;2580,5080277444827;124,29980327561151
C01;239,0;654,2239014896237;2578,827487033139;123,85158447850377
C01;240,0;651,9525924371363;2577,213321693999;123,42160137279578
C01;241,0;649,7738305908658;2575,6630268863014;123,00913844344161
C01;242,0;647,6839775117876;2574,174186326208;122,61350689500419
C01;243,0;645,6795310026337;2572,7444694651663;122,23404372406857
C01;244,0;643,7571203585951;2571,371628741684;121,87011082014928
C01;245,0;641,9135017649933;2570,053496905574;121,52109409442018
C01;246,0;640,145553838389;2568,7879844136005;121,18640263559872
C01;247,0;638,4502733076251;2567,5730768955036;120,86546789232112
C01;248,0;636,8247708313273;2566,4068326892616;120,55774288135036
C01;249,0;635,2662669484166;2565,287380444466;120,26270142096519
C01;250,0;633,7720881582295;2564,2129167926355;119,97983738888458
C01;251,0;632,3396631268713;2563,1817040832707;119,70866400409014
C01;252,0;630,9665190164808;2562,1920681844354;119,4487131319163
C01;253,0;629,6502779341192;2561,2423963466185;119,19953461178734
C01;254,0;628,3886534970526;2560,331135128647;118,96069560698834
C01;255,0;627,1794475112384;2559,456788384363;118,7317799758673
C01;256,0;626,0205467598837;2558,6179153088283;118,51238766387472
C01;257,0;624,9099198989904;2557,813128542752;118,30213411585724
C01;258,0;623,8456144568614;2557,0410923338877;118,10064970803198
C01;259,0;622,8257539345939;2556,3005207541187;117,90757919907885
C01;260,0;621,8485350046412;2555,59017597095;117,72258119979843
C01;261,0;620,9122248045866;2554,9088665721565;117,54532766079424
C01;262,0;620,0151583233225;2554,2554459423036;117,37550337764874
C01;263,0;619,1557358768947;2553,628810689901;117,21280551307346
C01;264,0;618,3324206713237;2553,0278991239384;117,05694313552499
C01;265,0;617,5437364497753;2552,4516897785743;116,90763677378928
C01;266,0;616,7882652215138;2551,8991999847467;116,76461798704811
C01;267,0;616,0646450701257;2551,3694844875076;116,62762894995252
C01;268,0;615,3715680385653;2550,86163410788;116,49642205223913
C01;269,0;614,7077780886254;2550,374774448065;116,3707595124362
C01;270,0;614,0720691325015;2549,908064638843;116,25041300521771
C01;271,0;613,4632831341695;2549,4606961279987;116,1351633019738
C01;272,0;612,8803082783579;2549,0318915086823;116,02479992417764
C01;273,0;612,3220772049498;2548,620903386562;115,91912080913872
C01;274,0;611,7875653067058;2548,227013284712;115,81793198774378
C01;275,0;611,275789088258;2547,8495305851334;115,72104727379669
C01;276,0;610,7858045843738;2547,4877915058873;115,62828796457883
C01;277,0;610,3167058355464;2547,1411581127886;115,53948255226224
C01;278,0;609,867623419022;2546,809017364671;115,45446644581715
C01;279,0;609,4377230334228;2546,4907801912136;115,373081703066
C01;280,0;609,0262041351787;2546,1858806023797;115,29517677254552
C01;281,0;608,6322986250315;2545,893774828505;115,2206062448478
C01;282,0;608,2552695829232;2545,613940490131;115,1492306131211
C01;283,0;607,8944100496295;2545,345875796639;115,08091604242011
C01;284,0;607,5490418535479;2545,089098772853;115,01553414760428
C01;285,0;607,2185144810956;2544,8431465126955;114,95296177949221
C01;286,0;606,9022039892194;2544,607574459088;114,89308081898795
C01;287,0;606,5995119585632;2544,381955709262;114,83577797890457
C01;288,0;606,3098644858837;2544,165880344675;114,78094461321759
C01;289,0;606,0327112143483;2543,958954784744;114,72847653348997
C01;290,0;605,7675244003889;2543,7608011636667;114,67827383221768
C01;291,0;605,5137980158299;2543,5710567295296;114,63024071285277
C01;292,0;605,271046884044;2543,389373265042;114,58428532626849
C01;293,0;605,0388058489339;2543,215416529151;114,54031961343863
C01;294,0;604,8166289755706;2543,048865718864;114,49825915410985
C01;295,0;604,6040887813616;2542,8894129506234;114,45802302125347
C01;296,0;604,4007754966532;2542,7367627605654;114,41953364108969
C01;297,0;604,2062963537103;2542,590631623054;114,3827166584838
C01;298,0;604,0202749030503;2542,4507474868656;114,3475008075209
C01;299,0;603,8423503561398;2542,3168493284297;114,3138177870713
C01;300,0;603,672176953497;2542,188686721559;114,28160214116565
C01;301,0;603,5094233572747;2542,066019423098;114,25079114400427
C01;302,0;603,3537720674267;2541,948616973949;114,2213246894313
C01;303,0;603,2049188605941;2541,8362583149524;114,19314518470982
C01;304,0;603,0625722508743;2541,7287314171017;114,16619744843972
C01;305,0;602,926452971665;2541,6258329256084;114,14042861246512
C01;306,0;602,7962934778025;2541,5273678173157;114,11578802762394
C01;307,0;602,6718374672406;2541,433149071019;114,09222717319646
C01;308,0;602,5528394215414;2541,3429973502234;114,0696995699155
C01;309,0;602,4390641644763;2541,256740697904;114,04816069640464
C01;310,0;602,3302864380562;2541,1742142428507;114,0275679089164
C01;311,0;602,2262904953383;2541,0952599171733;114,0078803642461
C01;312,0;602,1268697093759;2541,019726184594;113,98905894570194
C01;313,0;602,0318261977012;2540,9474677791095;113,97106619201544
C01;314,0;601,9409704617519;2540,878345453673;113,95386622908127
C01;315,0;601,8541210406764;2540,812225738531;113,93742470441862
C01;316,0;601,7711041789661;2540,7489807088614;113,92170872425058
C01;317,0;601,6917535073893;2540,6884877613825;113,90668679310158
C01;318,0;601,615909736718;2540,6306293995926;113,89232875581635
C01;319,0;601,5434203637532;2540,5752930273466;113,87860574190768
C01;320,0;601,4741393891799;2540,5223707504424;113,86549011214301
C01;321,0;601,4079270467914;2540,471759185939;113,85295540728407
C01;322,0;601,3446495436475;2540,4233592789137;113,84097629889567
C01;323,0;601,2841788107386;2540,37707612638;113,82952854214406
C01;324,0;601,2263922637517;2540,3328188081146;113,81858893050718
C01;325,0;601,1711725735422;2540,2905002241164;113,80813525232257
C01;326,0;601,1184074459344;2540,2500369384693;113,79814624910125
C01;327,0;601,0679894104853;2540,2113490293577;113,78860157553851
C01;328,0;601,019815617861;2540,1743599450037;113,77948176115497
C01;329,0;600,973787645487;2540,1389963653164;113,77076817350421
C01;330,0;600,9298113111475;2540,1051880690115;113,76244298288508
C01;331,0;600,8877964942196;2540,0728678060295;113,75448912849936
C01;332,0;600,847656964241;2540,0419711750187;113,74689028599795
C01;333,0;600,8093102165212;2540,0124365057095;113,73963083636019
C01;334,0;600,7726773145173;2539,9842047459897;113,73269583605386
C01;335,0;600,7376827387029;2539,957219353494;113,72607098842464
C01;336,0;600,7042542416757;2539,9314261915547;113,71974261626623
C01;337,0;600,6723227092515;2539,9067734293094;113,71369763552407
C01;338,0;600,6418220273066;2539,8832114458482;113,70792353008716
C01;339,0;600,6126889541389;2539,8606927382193;113,70240832762461
C01;340,0;600,584862998125;2539,8391718331404;113,6971405764249
C01;341,0;600,5582863004622;2539,818605202294;113,69210932319761
C01;342,0;600,532903522789;2539,7989511810424;113,6873040917988
C01;343,0;600,508661739488;2539,780169890451;113,68271486284281
C01;344,0;600,4855103344829;2539,7622231624723;113,67833205416484
C01;345,0;600,463400902346;2539,7450744681823;113,6741465020995
C01;346,0;600,4422871535432;2539,7286888489375;113,6701494435427
C01;347,0;600,4221248236469;2539,713032850348;113,66633249876469
C01;348,0;600,4028715863569;2539,698074458946;113,66268765494398
C01;349,0;600,3844869701735;2539,6837830414524;113,65920725039264
C01;350,0;600,3669322785731;2539,6701292865337;113,65588395944472
C01;351,0;600,3501705135446;2539,657085148948;113,65271077798084
C01;352,0;600,334166302348;2539,6446237959985;113,64968100956283
C01;353,0;600,3188858273626;2539,6327195561803;113,64678825215331
C01;354,0;600,3042967589009;2539,6213478699565;113,6440263853965
C01;355,0;600,2903681908618;2539,6104852425665;113,64138955843674
C01;356,0;600,2770705791094;2539,6001091987796;113,63887217825302
C01;357,0;600,2643756824643;2539,590198239535;113,63646889848796
C01;358,0;600,2522565061995;2539,5807318003704;113,63417460875083
C01;359,0;600,2406872479359;2539,571690211587;113,6319844243752
C01;360,0;600,2296432458403;2539,5630546600623;113,62989367661224
C01;361,0;600,2191009290294;2539,5548071526614;113,62789790324149
C01;362,0;600,2090377700872;2539,5469304811745;113,62599283958207
C01;363,0;600,1994322396093;2539,53940818871;113,62417440988739
C01;364,0;600,1902637626896;2539,5322245375046;113,62243871910755
C01;365,0;600,1815126772668;2539,525364478078;113,62078204500402
C01;366,0;600,1731601942558;2539,5188136196707;113,61920083060191
C01;367,0;600,1651883593863;2539,512558201942;113,61769167696575
C01;368,0;600,1575800166792;2539,5065850678393;113,61625133628515
C01;369,0;600,1503187734919;2539,5008816376194;113,61487670525747
C01;370,0;600,1433889670657;2539,495435883965;113,61356481875491
C01;371,0;600,1367756325129;2539,490236308141;113,61231284376413
C01;372,0;600,1304644721836;2539,48527191717;113,61111807358695
C01;373,0;600,1244418263515;2539,4805322019674;113,60997792229112
C01;374,0;600,1186946451675;2539,4760071163983;113,6088899194005
C01;375,0;600,1132104618223;2539,471687057231;113,60785170481475
C01;376,0;600,1079773668719;2539,4675628449327;113,60686102394868
C01;377,0;600,1029839836726;2539,463625705284;113,60591572308192
C01;378,0;600,0982194448816;2539,459867251778;113,60501374491017
C01;379,0;600,0936733699752;2539,4562794687663;113,60415312428927
C01;380,0;600,089335843745;2539,452854695319;113,60333198416413
C01;381,0;600,0851973957257;2539,449585609782;113,6025485316744
C01;382,0;600,0812489805202;2539,4464652149877;113,60180105442957
C01;383,0;600,0774819589788;2539,443486824101;113,6010879169462
C01;384,0;600,0738880801994;2539,440644047067;113,60040755724023
C01;385,0;600,0704594643126;2539,437930777647;113,59975848356811
C01;386,0;600,067188586018;2539,435341180998;113,59913927130987
C01;387,0;600,0640682588383;2539,4328696818;113,59854855998854
C01;388,0;600,0610916200643;2539,430510952886;113,59798505041981
C01;389,0;600,058252116356;2539,428259904358;113,59744750198632
C01;390,0;600,0555434899763;2539,4261116731795;113,59693473003146
C01;391,0;600,0529597656265;2539,424061613209;113,59644560336724
C01;392,0;600,05049523786;2539,4221052856683;113,59597904189161
C01;393,0;600,0481444590486;2539,4202384500245;113,59553401431023
C01;394,0;600,045902227877;2539,4184570552593;113,59510953595851
C01;395,0;600,0437635783442;2539,41675723152;113,59470466671927
C01;396,0;600,0417237692473;2539,415135282132;113,5943185090321
C01;397,0;600,0397782741302;2539,4135876759583;113,59395020599045
C01;398,0;600,0379227716742;2539,41211104009;113,59359893952242
C01;399,0;600,036153136513;2539,410702152854;113,59326392865204
C01;400,0;600,0344654304527;2539,4093579371192;113,59294442783707
C01;401,0;600,0328558940803;2539,4080754539073;113,5926397253804
C01;402,0;600,0313209387431;2539,4068518962695;113,59234914191165
C01;403,0;600,0298571388821;2539,405684583435;113,59207202893593
C01;404,0;600,0284612247067;2539,404570955212;113,59180776744681
C01;405,0;600,0271300751921;2539,4035085666405;113,59155576660093
C01;406,0;600,0258607113882;2539,402495082869;113,5913154624512
C01;407,0;600,024650290026;2539,401528274261;113,59108631673632
C01;408,0;600,0234960974063;2539,4006060117163;113,59086781572404
C01;409,0;600,0223955435619;2539,399726262194;113,59065946910582
C01;410,0;600,021346156678;2539,3988870844314;113,59046080894066
C01;411,0;600,0203455777615;2539,39808662486;113,59027138864602
C01;412,0;600,0193915555484;2539,397323113682;113,59009078203343
C01;413,0;600,0184819416367;2539,3965948611435;113,58991858238743
C01;414,0;600,0176146858373;2539,3959002539495;113,58975440158534
C01;415,0;600,0167878317332;2539,3952377518526;113,58959786925642
C01;416,0;600,0159995124347;2539,3946058843785;113,58944863197856
C01;417,0;600,0152479465273;2539,394003247711;113,58930635251082
C01;418,0;600,014531434198;2539,3934285017026;113,5891707090605
C01;419,0;600,013848353537;2539,39288036702;113,58904139458268
C01;420,0;600,013197157004;2539,392357622418;113,58891811611146
C01;421,0;600,0125763680536;2539,391859102135;113,58880059412095
C01;422,0;600,0119845779109;2539,3913836933966;113,58868856191502
C01;423,0;600,0114204424929;2539,3909303340392;113,58858176504437
C01;424,0;600,0108826794675;2539,3904980102325;113,58847996074984
C01;425,0;600,0103700654454;2539,3900857543053;113,58838291743069
C01;426,0;600,0098814332969;2539,3896926426687;113,58829041413681
C01;427,0;600,0094156695905;2539,3893177938276;113,58820224008372
C01;428,0;600,0089717121471;2539,388960366486;113,5881181941895
C01;429,0;600,0085485477026;2539,3886195577343;113,5880380846325
C01;430,0;600,0081452096784;2539,3882946013136;113,58796172842898
C01;431,0;600,0077607760502;2539,3879847659646;113,58788895102987
C01;432,0;600,0073943673139;2539,387689353844;113,58781958593565
C01;433,0;600,0070451445436;2539,3874076990173;113,5877534743287
C01;434,0;600,006712307537;2539,387139166008;113,58769046472213
C01;435,0;600,0063950930448;2539,386883148429;113,58763041262469
C01;436,0;600,0060927730798;2539,386639067655;113,58757318022062
C01;437,0;600,005804653303;2539,386406371572;113,58751863606412
C01;438,0;600,0055300714829;2539,3861845333745;113,58746665478766
C01;439,0;600,0052683960238;2539,3859730504128;113,58741711682342
C01;440,0;600,0050190245618;2539,385771443099;113,58736990813748
C01;441,0;600,0047813826236;2539,3855792538643;113,58732491997593
C01;442,0;600,0045549223477;2539,3853960461497;113,58728204862265
C01;443,0;600,0043391212613;2539,385221403459;113,587241195168
C01;444,0;600,0041334811148;2539,3850549284393;113,58720226528803
C01;445,0;600,0039375267688;2539,3848962420134;113,58716516903371
C01;446,0;600,0037508051313;2539,3847449825494;113,58712982062987
C01;447,0;600,0035728841432;2539,3846008050596;113,58709613828313
C01;448,0;600,0034033518109;2539,384463380448;113,58706404399871
C01;449,0;600,0032418152823;2418,2600595736067;113,58703346340546
C01;450,0;600,0030878999646;2339,953285203587;113,587004325589
C01;451,0;600,0029412486834;2324,718215182093;113,58697656293238
C01;452,0;600,0028015208794;2322,8178081580077;113,58695011096403
C01;453,0;600,0026683918413;2320,9192500548043;113,58692490821271
C01;454,0;600,0025415519757;2319,0076306431197;113,58690089606901
C01;455,0;600,0024207061078;2317,0514355160726;113,58687801865322
C01;456,0;600,0023055728162;2315,0972478380672;113,58685622268925
C01;457,0;600,0021958837971;2313,1450806230046;113,58683545738428
C01;458,0;600,0020913832573;2311,1374132510364;113,58681567431398
C01;459,0;600,0019918273365;2309,1310068290963;113,58679682731298
C01;460,0;600,0018969835545;2307,1267861261476;113,58677887237026
C01;461,0;600,0018066302842;2305,0821338062965;113,58676176752947
C01;462,0;600,0017205562496;2303,0270244575595;113,58674547279374
C01;463,0;600,0016385600452;2300,974270891849;113,58672995003492
C01;464,0;600,0015604496796;2298,8872255804777;113,58671516290696
C01;465,0;600,0014860421378;2101,5605687780458;113,58670107676316
C01;466,0;600,0014151629656;1909,7266330451703;113,5866876585775
C01;467,0;600,0013476458719;1761,464532783301;113,58667487686924
C01;468,0;600,0012833323493;1646,490088179074;113,5866627016313
C01;469,0;600,0012220713134;1555,9758276660339;113,58665110426172
C01;470,0;600,0011637187567;1482,768497357671;113,5866400574984
C01;471,0;600,0011081374207;1423,530013874682;113,5866295353568
C01;472,0;600,0010551964813;1375,821058776961;113,58661951307052
C01;473,0;600,0010047712493;1337,303128622715;113,58660996703458
C01;474,0;600,0009567428854;1306,3376545425535;113,5866008747514
C01;475,0;600,0009109981272;1281,9399424994238;113,58659221477923
C01;476,0;600,0008674290299;1263,6771528329878;113,58658396668295
C01;477,0;600,000825932718;1252,6270292089748;113,58657611098711
C01;478,0;600,0007864111493;1249,6227397798964;113,58656862913128
C01;479,0;600,000748770889;1246,6219865670278;113,58656150342728
C01;480,0;600,0007129228954;1243,5750990649665;113,58655471701853
C02;0,0;600,0;421,4501322380105;113,58641975308645
C02;1,0;602,0730252219284;420,04615824612716;113,97886560811429
C02;2,0;615,6917366914672;420,82840253913895;116,55703340390629
C02;3,0;650,1096337094854;425,4803130273867;123,07270956675148
C02;4,0;712,3864302716262;435,3268987733037;134,86237349205965
C02;5,0;807,6922804725331;451,4331479055998;152,90479066846797
C02;6,0;939,578770874094;474,4749794885428;177,87231443265648
C02;7,0;1110,2198372612952;504,8952364052653;210,17649408894135
C02;8,0;1320,6254897546692;542,8624164817395;250,00853535983208
C02;9,0;1570,830978959158;588,2329690308109;297,37511156201117
C02;10,0;1860,0638049961954;640,9514248118282;352,1299802030351
C02;11,0;2186,8907593063777;700,8270502601845;414,00181956786696
C02;12,0;2549,346994559396;767,494784082363;482,61866303382175
C02;13,0;2945,048939510288;841,2456653830508;557,5292750609964
C02;14,0;3371,2927119421097;920,8437142737704;638,2217818152961
C02;15,0;3825,1395327745504;1005,752998041349;724,1398409730917
C02;16,0;4303,48950692258;1095,4047835920244;814,6966092271856
C02;17,0;4803,145010566519;1189,1280351708672;909,2867421752527
C02;18,0;5320,864809227682;1286,5115416507888;1007,2966394506035
C02;19,0;5853,409925584;1387,1118048329595;1108,1131279904453
C02;20,0;6397,582179524259;1490,2704774455;1211,1307580805135
C02;21,0;6950,256234804096;1595,4560413622505;1315,7578701299403
C02;22,0;7508,405906163199;1702,1541196616677;1421,421574890011
C02;23,0;8069,125407273852;1809,6403295626806;1527,5717759181712
C02;24,0;8629,646152846582;1917,5731903027845;1633,6843503963996
C02;25,0;9187,349667093044;2025,5045157110999;1739,2635928413492
C02;26,0;9739,777095054598;2132,9967026755385;1843,8440157006141
C02;27,0;10284,635762599604;2239,594638040558;1946,9915912304057
C02;28,0;10819,8031847608;2344,5466122886537;2048,3045103167033
C02;29,0;11343,328880145813;2447,8370125830725;2147,4135259625846
C02;30,0;11853,434311058632;2548,984243307018;2243,9819419525716
C02;31,0;12348,511234394355;2647,596765897014;2337,7053006593687
C02;32,0;12827,11871701698;2743,419786995491;2428,3108180229383
C02;33,0;13287,97904092603;2835,817528112648;2515,556608354733
C02;34,0;13729,972697810983;2924,8303326598525;2599,2307367532926
C02;35,0;14152,132649350526;3009,865112862351;2679,1501325174804
C02;36,0;14553,638008623728;3091,122004701642;2755,1593929700134
C02;37,0;14933,807279066135;3170,0702485325155;2827,1295035195067
C02;38,0;15292,09127034545;3244,5873753035394;2894,956496559946
C02;39,0;15628,065795183416;3314,8157979342714;2958,560068900927
C02;40,0;15941,424237360823;3500,4289380304667;3017,882174811488
C02;41,0;16231,970068771821;3799,2712962171354;3072,8856094184202
C02;42,0;16499,609382313687;4128,8002501908795;3123,55259510241
C02;43,0;16744,343497492064;4456,419940519245;3169,8833816599954
C02;44,0;16966,26168678126;4768,236566518031;3211,8948693257416
C02;45,0;17165,53406290655;5056,355013157562;3249,619262258678
C02;46,0;17342,404660219705;5327,457246850019;3283,1027587726635
C02;47,0;17497,18473713819;5569,062853831328;3312,40428341646
C02;48,0;17630,246321136627;5789,682343354961;3337,594264971555
C02;49,0;17742,016012947275;6084,9263139477935;3358,7534635210177
C02;50,0;17832,969062381486;6345,903344026829;3375,9718489391125
C02;51,0;17903,623724468413;6574,219525673765;3389,3475324479773
C02;52,0;17954,535901368436;6641,742953920582;3398,9857522744924
C02;53,0;17986,294072708497;6647,755115554621;3404,997913908531
C02;54,0;17999,514514561488;6650,257886650679;3407,5006850045893
C02;55,0;17994,836805211777;6649,372346221214;3406,6151445751234
C02;56,0;17972,91961407818;6645,223187434698;3402,465985788608
C02;57,0;17934,4367686707;6637,9379730484525;3395,180771402362
C02;58,0;17880,07359320866;6627,646442269883;3384,889240623793
C02;59,0;17810,52351149829;6614,479867644856;3371,722665998766
C02;60,0;17726,484905832207;6598,570460413771;3355,8132587676805
C02;61,0;17628,658223010345;6580,050822650344;3337,293621004254
C02;62,0;17517,74331807004;6559,053444401305;3316,2962427552143
C02;63,0;17394,437025935666;6535,710243973685;3292,9530423275946
C02;64,0;17259,430950937294;6510,152149467049;3267,3949478209584
C02;65,0;17113,40946398961;6482,508719618034;3239,7515179719435
C02;66,0;16957,04789715301;6452,907802011447;3210,150600365356
C02;67,0;16791,010925306102;6421,4752267135555;3178,718025067465
C02;68,0;16615,95112473257;6388,334533397161;3145,577331751071
C02;69,0;16432,507698555106;6353,606730052597;3110,8495284065075
C02;70,0;16241,305359126802;6317,410081412472;3074,652879766382
C02;71,0;16042,953357708182;6279,859925259139;3037,1027236130485
C02;72,0;15838,044652008452;6241,068514831353;2998,3113131852633
C02;73,0;15627,155202447417;6201,144885599126;2958,387683953035
C02;74,0;15410,843388293562;6160,1947447324055;2917,437543086315
C02;75,0;15189,649535149563;6118,320381649045;2875,5631800029546
C02;76,0;14964,09554558486;6075,620598089578;2832,863396443488
C02;77,0;14734,684625051783;6032,190656230225;2789,4334545841343
C02;78,0;14501,901095564177;5988,122243410251;2745,3650417641607
C02;79,0;14266,210289962448;5943,5034521152165;2700,746250469126
C02;80,0;14028,058519934102;5898,4187739229155;2655,661572276825
C02;81,0;13787,873111301904;5852,949106183811;2610,19190453772
C02;82,0;13546,062500431135;5807,171770271947;2564,414568625857
C02;83,0;13303,016385941182;5761,160540305594;2518,4033386595033
C02;84,0;13059,10593023406;5714,985681298734;2472,2284796526433
C02;85,0;12814,68400567164;5668,71399576506;2425,95679411897
C02;86,0;12570,085480544294;5622,408877854892;2379,651676208802
C02;87,0;12325,627540274778;5576,130374162512;2333,3731725164216
C02;88,0;12081,610039592584;5529,935250396535;2287,178048750444
C02;89,0;11838,315881694916;5483,877063159138;2241,119861513047
C02;90,0;11596,011420680552;5438,006236131098;2195,249034485008
C02;91,0;11354,946883802193;5392,370140008685;2149,6129383625944
C02;92,0;11115,356810331023;5347,013175585402;2104,255973939312
C02;93,0;10877,460504064298;5301,9768594165325;2059,219657770442
C02;94,0;10641,462496732905;5257,299911547141;2014,5427099010508
C02;95,0;10407,553019780918;5213,018344824986;1970,2611431788955
C02;96,0;10175,908482193263;5169,165555358418;1926,4083537123272
C02;97,0;9946,691952241494;5125,772413716004;1883,015212069914
C02;98,0;9720,053641200731;5082,867356499327;1840,1101548532367
C02;99,0;9496,131387263933;5040,476477953124;1797,719276307034
C02;100,0;9275,051138042878;4998,623621307891;1755,8664196618006
C02;101,0;9056,927430198797;4957,330469579096;1714,5732679330054
C02;102,0;8841,86386489006;4916,616635574506;1673,8594339284155
C02;103,0;8629,9535778596;4876,499750886775;1633,7425492406844
C02;104,0;8421,279703111732;4836,995553672417;1594,2383520263274
C02;105,0;8215,915829246442;4798,117975040779;1555,3607733946892
C02;106,0;8013,926447629981;4759,879223897524;1517,1220222514332
C02;107,0;7815,367391683663;4722,289870106698;1479,5326684606075
C02;108,0;7620,286266668487;4685,358925853568;1442,6017242074772
C02;109,0;7428,722869432374;4649,093925107254;1406,3367234611633
C02;110,0;7240,709597669003;4613,501001097812;1370,743799451722
C02;111,0;7056,271848313505;4578,5849617367985;1335,8277600907081
C02;112,0;6875,4284047705205;4544,349362923687;1301,5921612775967
C02;113,0;6698,191812734795;4510,796579692726;1268,0393780466347
C02;114,0;6524,568744423784;4477,9278751660695;1235,1706735199793
C02;115,0;6354,560351096319;4445,743467289334;1202,986265643244
C02;116,0;6188,16260378078;4414,242593335083;1171,4853916889929
C02;117,0;6025,366622181742;4383,423572168376;1140,6663705222857
C02;118,0;5866,158991774946;4353,283864276242;1110,5266626301516
C02;119,0;5710,522069137749;4323,820129569996;1081,062927923906
C02;120,0;5558,434275595607;4295,028282975666;1052,271081329576
C02;121,0;5409,8703792953265;4266,90354783347;1024,1463461873798
C02;122,0;5264,801765842645;4239,440507132413;996,683305486322
C02;123,0;5123,196697665593;4212,6331526105405;969,87595096445
C02;124,0;4985,020562286258;4186,474931755446;943,717730109356
C02;125,0;4850,2361097020075;4160,958792743072;918,2015910969815
C02;126,0;4718,803679093444;4136,0772273559505;893,3200257098604
C02;127,0;4590,681415090194;4111,822311924636;869,0651102785451
C02;128,0;4465,825473837498;4088,1857463383108;845,4285446922204
C02;129,0;4344,190219116528;4065,1588911724602;822,4016895263701
C02;130,0;4225,728408779472;4042,732802983036;799,9756013369455
C02;131,0;4110,391371767103;4020,8982678177613;778,1410661716708
C02;132,0;3998,1291759815035;3999,6458329962516;756,8886313501611
C02;133,0;3888,89078729056;3978,9658372112503;736,20863556516
C02;134,0;3782,6242199430408;3958,848439003826;716,0912373577356
C02;135,0;3679,2766786748284;3939,283643665591;696,5264420195007
C02;136,0;3578,794692786816;3920,2613286210926;677,5041269750021
C02;137,0;3481,1242424748207;3901,7712673434066;659,0140656973164
C02;138,0;3386,2108776900404;3883,803151855704;641,0459502096136
C02;139,0;3293,999829806812;3866,3466138711437;623,5894122250533
C02;140,0;3204,436116371253;3849,391244622915;606,6340429768248
C02;141,0;3117,4646392012028;3832,9266134356103;590,1694117895197
C02;142,0;3033,0302761037456;3816,9422850883225;574,1850834422322
C02;143,0;2951,0779664722363;3801,4278360190906;558,6706343730003
C02;144,0;2871,5527910199085;3786,3728694193137;543,6156677732232
C02;145,0;2794,400045901934;3771,7670292658586;529,0098276197683
C02;146,0;2719,5653114723345;3757,600013337473;514,8428116913826
C02;147,0;2646,9945159163603;3743,861585261079;501,10438361498905
C02;148,0;2576,633993993015;3730,5415856323602;487,78438398626986
C02;149,0;2508,430541116255;3717,6299422539114;474,8727406078211
C02;150,0;2442,3314629971082;3705,116679533022;462,35947788693164
C02;151,0;2378,284621062581;3692,9919270799646;450,234725433874
C02;152,0;2316,238473860795;3681,2459275464244;438,4887259003339
C02;153,0;2256,1421146551793;3669,869043742489;427,1118420963987
C02;154,0;2197,9453054042197;3658,8517650693725;416,09456342328195
C02;155,0;2141,598507316485;3648,184713303813;405,4275116577227
C02;156,0;2087,052908164406;3637,85864776886;395,10144612276963
C02;157,0;2034,2604465335653;3627,864469924528;385,1072682784376
C02;158,0;1983,1738331780914;3618,193227410597;375,43602576450684
C02;159,0;1933,7465696461802;3608,836117572627;366,0789159265364
C02;160,0;1885,9329643337037;3599,7844905010747;357,0272888549844
C02;161,0;1839,6881461175753;3591,0298516122375;348,2726499661469
C02;162,0;1794,9680757145454;3582,563863798594;339,8066621525037
C02;163,0;1751,7295549051566;3574,3783491749973;331,62114752890704
C02;164,0;1709,9302337567458;3566,4652904460686;323,70808879997816
C02;165,0;1669,528615973717;3558,8168319190568;316,05963027296656
C02;166,0;1630,4840624977348;3551,425280185399;308,66807853930885
C02;167,0;1592,7567934750691;3544,2831044931554;301,52590284706514
C02;168,0;1556,307888703065;3537,3829368315337;294,6257351854434
C02;169,0;1521,0992866625488;3530,717571747711;287,9603701016208
C02;170,0;1487,0937822380297;3524,2799659152465;281,5227642691562
C02;171,0;1454,255023222701;3518,0632374724373;275,30603582634683
C02;172,0;1422,5475057005428;3512,0606651481035;269,30346350201324
C02;173,0;1391,9365683933447;3506,2656871914187;263,5084855453284
C02;174,0;1362,3883860560004;3500,6719001215683;257,914698475478
C02;175,0;1333,8699619992713;3495,273057312228;252,5158556661376
C02;176,0;1306,3491198150364;3490,0630674250665;247,30586577897623
C02;177,0;1279,794494375194;3485,03599270574;242,27879105964962
C02;178,0;1254,1755221714757;3480,1860471551163;237,42884550902588
C02;179,0;1229,4624310598824;3475,507594587787;232,75039294169648
C02;180,0;1205,6262294698342;3470,9951465892427;228,23794494315234
C02;181,0;1182,6386951348168;3466,6433603824667;223,88615873637616
C02;182,0;1160,4723633980225;3462,4470366140636;219,6898349679733
C02;183,0;1139,1005151433853;3458,4011170694794;215,64391542338922
C02;184,0;1118,4971643994177;3454,5006823262725;211,74348068018188
C02;185,0;1098,6370456604056;3450,74094935388;207,98374770778935
C02;186,0;1079,4956009667771;3447,1172690677945;204,36006742170417
C02;187,0;1061,0489667838428;3443,6251238455707;200,86792219948035
C02;188,0;1043,2739607156248;3440,2601250116068;197,5029233655165
C02;189,0;1026,1480680880684;3437,018010297207;194,26080865111675
C02;190,0;1009,6494284337069;3433,894641281982;191,13743963589133
C02;191,0;993,7568219076206;3430,886000822244;188,12879917615356
C02;192,0;978,4496556625268;3427,988190471668;185,2309888255777
C02;193,0;963,7079502088118;3425,197427899098;182,44022625300767
C02;194,0;949,512325783498;3422,5100443080464;179,75284266195618
C02;195,0;935,8439887503172;3419,922481862084;177,16528021599362
C02;196,0;922,6847180514101;3417,4312911199995;174,67408947390936
C02;197,0;910,0168517295458;3415,033128484314;172,27592683822397
C02;198,0;897,8232735382501;3412,7247536664336;169,96755202034302
C02;199,0;886,0873996557889;3410,5030271714627;167,7458255253721
C02;200,0;874,793165517595;3408,364907805445;165,60770615935462
C02;201,0;863,9250127804395;3406,3074502075397;163,55024856144922
C02;202,0;853,4678764304288;3404,327802409427;161,57060076333659
C02;203,0;843,4071720457692;3402,423203424014;159,66600177792384
C02;204,0;833,7287832241556;3400,590980865305;157,83377921921488
C02;205,0;824,4190491836107;3398,828548601107;156,0713469550166
C02;206,0;815,4647525446641;3397,1334044400655;154,37620279397498
C02;207,0;806,8531073008367;3395,5031278543483;152,74592620825817
C02;208,0;798,5717469835557;3393,9353777391398;151,17817609304944
C02;209,0;790,608713026839;3392,427890209947;149,67068856385663
C02;210,0;782,9524433363216;3390,978476438597;148,2212747925068
C02;211,0;775,591761066525;3389,5850205286533;146,827818882563
C02;212,0;768,5158636095896;3388,2454774308644;145,48827578477426
C02;213,0;761,7143117981077;3386,9578708991457;144,20066925305534
C02;214,0;755,1770193241022;3385,7202914874774;142,96308984138687
C02;215,0;748,8942423756862;3384,5308945880142;141,77369294192383
C02;216,0;742,8565694924317;3383,387898510599;140,6306968645086
C02;217,0;737,05491164003;3382,289582603788;139,53238095769746
C02;218,0;731,4804925043923;3381,234285417421;138,47708377133048
C02;219,0;726,1248390049553;3380,220402906689;137,46320126059857
C02;220,0;720,9797720265932;3379,2463866775856;136,4891850314953
C02;221,0;716,0373973691994;3378,310742273566;135,55354062747574
C02;222,0;711,2900969137004;3377,4120275031787;134,6548258570885
C02;223,0;706,7305200029791;3376,5488508083827;133,7916491622924
C02;224,0;702,3515750359345;3375,719869673212;132,96266802712174
C02;225,0;698,14642127266;3374,9237890724094;132,16658742631913
C02;226,0;694,1084608485205;3374,159359959605;131,40215831351466
C02;227,0;690,2313309947076;3373,425377794584;130,66817614849398
C02;228,0;686,5088964626866;3372,720681109155;129,96347946306474
C02;229,0;682,9352421497834;3372,044150111092;129,2869484650017
C02;230,0;679,5046659230313;3371,3947053256143;128,63750367952366
C02;231,0;676,211671638264;3370,771306273824;128,0141046277335
C02;232,0;673,050962351342;3370,1729501875207;127,4157485414305
C02;233,0;670,0174337183;3369,598670759778;126,84146911368764
C02;234,0;667,1061675811204;3369,0475369306605;126,29033528456993
C02;235,0;664,3124257357725;3368,518651707448;125,76145006135754
C02;236,0;661,6316438790972;3368,0111510187166;125,2539493726262
C02;237,0;659,0594257310669;3367,524202601619;124,76700095552842
C02;238,0;656,591537328919;3367,0570049217017;124,29980327561151
C02;239,0;654,2239014896237;3366,608786124594;123,85158447850377
C02;240,0;651,9525924371363;3366,1788030188864;123,42160137279578
C02;241,0;649,7738305908658;3365,766340089532;123,00913844344161
C02;242,0;647,6839775117876;3365,3707085410947;122,61350689500419
C02;243,0;645,6795310026337;3364,991245370159;122,23404372406857
C02;244,0;643,7571203585951;3364,62731246624;121,87011082014928
C02;245,0;641,9135017649933;3364,2782957405107;121,52109409442018
C02;246,0;640,145553838389;3363,943604281689;121,18640263559872
C02;247,0;638,4502733076251;3363,6226695384116;120,86546789232112
C02;248,0;636,8247708313273;3363,3149445274407;120,55774288135036
C02;249,0;635,2662669484166;3363,0199030670556;120,26270142096519
C02;250,0;633,7720881582295;3362,737039034975;119,97983738888458
C02;251,0;632,3396631268713;3362,4658656501806;119,70866400409014
C02;252,0;630,9665190164808;3362,205914778007;119,4487131319163
C02;253,0;629,6502779341192;3361,9567362578778;119,19953461178734
C02;254,0;628,3886534970526;3361,7178972530787;118,96069560698834
C02;255,0;627,1794475112384;3361,4889816219575;118,7317799758673
C02;256,0;626,0205467598837;3361,269589309965;118,51238766387472
C02;257,0;624,9099198989904;3361,0593357619478;118,30213411585724
C02;258,0;623,8456144568614;3360,8578513541224;118,10064970803198
C02;259,0;622,8257539345939;3360,6647808451694;117,90757919907885
C02;260,0;621,8485350046412;3360,4797828458886;117,72258119979843
C02;261,0;620,9122248045866;3360,3025293068845;117,54532766079424
C02;262,0;620,0151583233225;3360,132705023739;117,37550337764874
C02;263,0;619,1557358768947;3359,9700071591637;117,21280551307346
C02;264,0;618,3324206713237;3359,814144781615;117,05694313552499
C02;265,0;617,5437364497753;3359,6648384198797;116,90763677378928
C02;266,0;616,7882652215138;3359,5218196331384;116,76461798704811
C02;267,0;616,0646450701257;3359,384830596043;116,62762894995252
C02;268,0;615,3715680385653;3359,2536236983296;116,49642205223913
C02;269,0;614,7077780886254;3359,1279611585264;116,3707595124362
C02;270,0;614,0720691325015;3359,007614651308;116,25041300521771
C02;271,0;613,4632831341695;3358,8923649480644;116,1351633019738
C02;272,0;612,8803082783579;3358,782001570268;116,02479992417764
C02;273,0;612,3220772049498;3358,676322455229;115,91912080913872
C02;274,0;611,7875653067058;3358,575133633834;115,81793198774378
C02;275,0;611,275789088258;3358,478248919887;115,72104727379669
C02;276,0;610,7858045843738;3358,385489610669;115,62828796457883
C02;277,0;610,3167058355464;3358,2966841983525;115,53948255226224
C02;278,0;609,867623419022;3358,2116680919075;115,45446644581715
C02;279,0;609,4377230334228;3358,1302833491563;115,373081703066
C02;280,0;609,0262041351787;3358,0523784186357;115,29517677254552
C02;281,0;608,6322986250315;3357,977807890938;115,2206062448478
C02;282,0;608,2552695829232;3357,9064322592117;115,1492306131211
C02;283,0;607,8944100496295;3357,8381176885105;115,08091604242011
C02;284,0;607,5490418535479;3357,7727357936947;115,01553414760428
C02;285,0;607,2185144810956;3357,710163425583;114,95296177949221
C02;286,0;606,9022039892194;3357,6502824650784;114,89308081898795
C02;287,0;606,5995119585632;3357,5929796249948;114,83577797890457
C02;288,0;606,3098644858837;3357,538146259308;114,78094461321759
C02;289,0;606,0327112143483;3357,48567817958;114,72847653348997
C02;290,0;605,7675244003889;3357,435475478308;114,67827383221768
C02;291,0;605,5137980158299;3357,387442358943;114,63024071285277
C02;292,0;605,271046884044;3357,341486972359;114,58428532626849
C02;293,0;605,0388058489339;3357,297521259529;114,54031961343863
C02;294,0;604,8166289755706;3357,2554608002;114,49825915410985
C02;295,0;604,6040887813616;3357,215224667344;114,45802302125347
C02;296,0;604,4007754966532;3357,1767352871802;114,41953364108969
C02;297,0;604,2062963537103;3357,139918304574;114,3827166584838
C02;298,0;604,0202749030503;3357,1047024536115;114,3475008075209
C02;299,0;603,8423503561398;3357,071019433162;114,3138177870713
C02;300,0;603,672176953497;3357,0388037872563;114,28160214116565
C02;301,0;603,5094233572747;3357,0079927900947;114,25079114400427
C02;302,0;603,3537720674267;3356,9785263355216;114,2213246894313
C02;303,0;603,2049188605941;3356,9503468308003;114,19314518470982
C02;304,0;603,0625722508743;3356,92339909453;114,16619744843972
C02;305,0;602,926452971665;3356,8976302585556;114,14042861246512
C02;306,0;602,7962934778025;3356,8729896737145;114,11578802762394
C02;307,0;602,6718374672406;3356,849428819287;114,09222717319646
C02;308,0;602,5528394215414;3356,826901216006;114,0696995699155
C02;309,0;602,4390641644763;3356,805362342495;114,04816069640464
C02;310,0;602,3302864380562;3356,7847695550067;114,0275679089164
C02;311,0;602,2262904953383;3356,7650820103363;114,0078803642461
C02;312,0;602,1268697093759;3356,746260591792;113,98905894570194
C02;313,0;602,0318261977012;3356,7282678381057;113,97106619201544
C02;314,0;601,9409704617519;3356,7110678751715;113,95386622908127
C02;315,0;601,8541210406764;3356,6946263505088;113,93742470441862
C02;316,0;601,7711041789661;3356,678910370341;113,92170872425058
C02;317,0;601,6917535073893;3356,663888439192;113,90668679310158
C02;318,0;601,615909736718;3356,6495304019068;113,89232875581635
C02;319,0;601,5434203637532;3356,6358073879983;113,87860574190768
C02;320,0;601,4741393891799;3356,6226917582335;113,86549011214301
C02;321,0;601,4079270467914;3356,6101570533747;113,85295540728407
C02;322,0;601,3446495436475;3356,598177944986;113,84097629889567
C02;323,0;601,2841788107386;3356,5867301882345;113,82952854214406
C02;324,0;601,2263922637517;3356,5757905765977;113,81858893050718
C02;325,0;601,1711725735422;3356,565336898413;113,80813525232257
C02;326,0;601,1184074459344;3356,5553478951915;113,79814624910125
C02;327,0;601,0679894104853;3356,545803221629;113,78860157553851
C02;328,0;601,019815617861;3356,536683407245;113,77948176115497
C02;329,0;600,973787645487;3356,5279698195945;113,77076817350421
C02;330,0;600,9298113111475;3356,5196446289756;113,76244298288508
C02;331,0;600,8877964942196;3356,5116907745896;113,75448912849936
C02;332,0;600,847656964241;3356,504091932088;113,74689028599795
C02;333,0;600,8093102165212;3356,4968324824504;113,73963083636019
C02;334,0;600,7726773145173;3356,4898974821444;113,73269583605386
C02;335,0;600,7376827387029;3356,483272634515;113,72607098842464
C02;336,0;600,7042542416757;3356,4769442623565;113,71974261626623
C02;337,0;600,6723227092515;3356,4708992816145;113,71369763552407
C02;338,0;600,6418220273066;3356,4651251761775;113,70792353008716
C02;339,0;600,6126889541389;3356,459609973715;113,70240832762461
C02;340,0;600,584862998125;3356,454342222515;113,6971405764249
C02;341,0;600,5582863004622;3356,449310969288;113,69210932319761
C02;342,0;600,532903522789;3356,4445057378894;113,6873040917988
C02;343,0;600,508661739488;3356,439916508933;113,68271486284281
C02;344,0;600,4855103344829;3356,4355337002553;113,67833205416484
C02;345,0;600,463400902346;3356,43134814819;113,6741465020995
C02;346,0;600,4422871535432;3356,4273510896332;113,6701494435427
C02;347,0;600,4221248236469;3356,4235341448552;113,66633249876469
C02;348,0;600,4028715863569;3356,4198893010343;113,66268765494398
C02;349,0;600,3844869701735;3356,416408896483;113,65920725039264
C02;350,0;600,3669322785731;3356,413085605535;113,65588395944472
C02;351,0;600,3501705135446;3356,409912424071;113,65271077798084
C02;352,0;600,334166302348;3356,406882655653;113,64968100956283
C02;353,0;600,3188858273626;3356,4039898982437;113,64678825215331
C02;354,0;600,3042967589009;3356,401228031487;113,6440263853965
C02;355,0;600,2903681908618;3356,3985912045273;113,64138955843674
C02;356,0;600,2770705791094;3356,3960738243436;113,63887217825302
C02;357,0;600,2643756824643;3356,3936705445785;113,63646889848796
C02;358,0;600,2522565061995;3356,3913762548414;113,63417460875083
C02;359,0;600,2406872479359;3356,3891860704657;113,6319844243752
C02;360,0;600,2296432458403;3356,3870953227024;113,62989367661224
C02;361,0;600,2191009290294;3356,3850995493317;113,62789790324149
C02;362,0;600,2090377700872;3356,3831944856724;113,62599283958207
C02;363,0;600,1994322396093;3356,381376055978;113,62417440988739
C02;364,0;600,1902637626896;3356,3796403651977;113,62243871910755
C02;365,0;600,1815126772668;3356,3779836910944;113,62078204500402
C02;366,0;600,1731601942558;3356,3764024766924;113,61920083060191
C02;367,0;600,1651883593863;3356,3748933230563;113,61769167696575
C02;368,0;600,1575800166792;3356,3734529823755;113,61625133628515
C02;369,0;600,1503187734919;3356,3720783513477;113,61487670525747
C02;370,0;600,1433889670657;3356,3707664648455;113,61356481875491
C02;371,0;600,1367756325129;3356,3695144898547;113,61231284376413
C02;372,0;600,1304644721836;3301,271536239742;113,61111807358695
C02;373,0;600,1244418263515;3155,8154730266688;113,60997792229112
C02;374,0;600,1186946451675;3040,0069199887007;113,6088899194005
C02;375,0;600,1132104618223;2946,0399527703307;113,60785170481475
C02;376,0;600,1079773668719;2868,5619138095017;113,60686102394868
C02;377,0;600,1029839836726;2806,4480768426633;113,60591572308192
C02;378,0;600,0982194448816;2756,4550813505293;113,60501374491017
C02;379,0;600,0936733699752;2716,087222289537;113,60415312428927
C02;380,0;600,089335843745;2683,4045887492553;113,60333198416413
C02;381,0;600,0851973957257;2656,8862166841795;113,6025485316744
C02;382,0;600,0812489805202;2635,330836616193;113,60180105442957
C02;383,0;600,0774819589788;2617,7837771973172;113,6010879169462
C02;384,0;600,0738880801994;2603,4823749168936;113,60040755724023
C02;385,0;600,0704594643126;2591,814686305094;113,59975848356811
C02;386,0;600,067188586018;2582,2879051276363;113,59913927130987
C02;387,0;600,0640682588383;2574,503958694137;113,59854855998854
C02;388,0;600,0610916200643;2568,1404833271445;113,59798505041981
C02;389,0;600,058252116356;2562,9358779971335;113,59744750198632
C02;390,0;600,0555434899763;2558,6774829570254;113,59693473003146
C02;391,0;600,0529597656265;2555,192176039387;113,59644560336724
C02;392,0;600,05049523786;2552,3388553660375;113,59597904189161
C02;393,0;600,0481444590486;2550,0024050045517;113,59553401431023
C02;394,0;600,045902227877;2548,088834014895;113,59510953595851
C02;395,0;600,0437635783442;2546,5213491799163;113,59470466671927
C02;396,0;600,0417237692473;2545,237174266178;113,5943185090321
C02;397,0;600,0397782741302;2544,184968624382;113,59395020599045
C02;398,0;600,0379227716742;2543,3227286279043;113,59359893952242
C02;399,0;600,036153136513;2542,616079228401;113,59326392865204
C02;400,0;600,0344654304527;2542,0368814824956;113,59294442783707
C02;401,0;600,0328558940803;2541,5620965173152;113,5926397253804
C02;402,0;600,0313209387431;2541,1728579717865;113,59234914191165
C02;403,0;600,0298571388821;2540,8537141597617;113,59207202893593
C02;404,0;600,0284612247067;2540,5920085658136;113,59180776744681
C02;405,0;600,0271300751921;2540,377373198411;113,59155576660093
C02;406,0;600,0258607113882;2540,2013140896443;113,5913154624512
C02;407,0;600,024650290026;2540,0568720807632;113,59108631673632
C02;408,0;600,0234960974063;2539,9383451509393;113,59086781572404
C02;409,0;600,0223955435619;2539,841061077602;113,59065946910582
C02;410,0;600,021346156678;2539,7611912741645;113,59046080894066
C02;411,0;600,0203455777615;2539,695598325979;113,59027138864602
C02;412,0;600,0193915555484;2539,6417111106052;113,59009078203343
C02;413,0;600,0184819416367;2539,597422502303;113,58991858238743
C02;414,0;600,0176146858373;2539,561005570086;113,58975440158534
C02;415,0;600,0167878317332;2539,531044921618;113,58959786925642
C02;416,0;600,0159995124347;2539,5063804527344;113,58944863197856
C02;417,0;600,0152479465273;2539,4860612589373;113,58930635251082
C02;418,0;600,014531434198;2539,4693078717246;113,5891707090605
C02;419,0;600,013848353537;2539,455481315128;113,58904139458268
C02;420,0;600,013197157004;2539,444057750071;113,58891811611146
C02;421,0;600,0125763680536;2539,434607696989;113,58880059412095
C02;422,0;600,0119845779109;2539,4267790098297;113,58868856191502
C02;423,0;600,0114204424929;2539,420282923759;113,58858176504437
C02;424,0;600,0108826794675;2539,414882621583;113,58847996074984
C02;425,0;600,0103700654454;2539,4103838640526;113,58838291743069
C02;426,0;600,0098814332969;2539,406627311367;113,58829041413681
C02;427,0;600,0094156695905;2539,4034822305402;113,58820224008372
C02;428,0;600,0089717121471;2539,4008413384577;113,5881181941895
C02;429,0;600,0085485477026;2539,3986165755646;113,5880380846325
C02;430,0;600,0081452096784;2539,396735642183;113,58796172842898
C02;431,0;600,0077607760502;2539,395139159824;113,58788895102987
C02;432,0;600,0073943673139;2539,393778344645;113,58781958593565
C02;433,0;600,0070451445436;2539,392613100624;113,5877534743287
C02;434,0;600,006712307537;2539,3916104567056;113,58769046472213
C02;435,0;600,0063950930448;2539,3907432857914;113,58763041262469
C02;436,0;600,0060927730798;2539,3899892547834;113,58757318022062
C02;437,0;600,005804653303;2539,38932996389;113,58751863606412
C02;438,0;600,0055300714829;2539,3887502411208;113,58746665478766
C02;439,0;600,0052683960238;2539,3882375639146;113,58741711682342
C02;440,0;600,0050190245618;2539,38778158498;113,58736990813748
C02;441,0;600,0047813826236;2539,3873737435424;113,58732491997593
C02;442,0;600,0045549223477;2539,3870069465843;113,58728204862265
C02;443,0;600,0043391212613;2539,3866753074644;113,587241195168
C02;444,0;600,0041334811148;2539,386373931556;113,58720226528803
C02;445,0;600,0039375267688;2539,386098740413;113,58716516903371
C02;446,0;600,0037508051313;2539,385846327535;113,58712982062987
C02;447,0;600,0035728841432;2539,3856138400492;113,58709613828313
C02;448,0;600,0034033518109;2539,38539888158;113,58706404399871
C02;449,0;600,0032418152823;2539,3851994325355;113,58703346340546
C02;450,0;600,0030878999646;2517,5590312537183;113,587004325589
C02;451,0;600,0029412486834;2485,694283736322;113,58697656293238
C02;452,0;600,0028015208794;2456,9564923866833;113,58695011096403
C02;453,0;600,0026683918413;2433,1143954192994;113,58692490821271
C02;454,0;600,0025415519757;2413,2459357409452;113,58690089606901
C02;455,0;600,0024207061078;2396,609230224244;113,58687801865322
C02;456,0;600,0023055728162;2382,6011305932666;113,58685622268925
C02;457,0;600,0021958837971;2370,741996035741;113,58683545738428
C02;458,0;600,0020913832573;2360,642656806991;113,58681567431398
C02;459,0;600,0019918273365;2351,976403530801;113,58679682731298
C02;460,0;600,0018969835545;2344,486656016875;113,58677887237026
C02;461,0;600,0018066302842;2337,9639029436776;113,58676176752947
C02;462,0;600,0017205562496;2332,2292254339955;113,58674547279374
C02;463,0;600,0016385600452;2327,1411729235124;113,58672995003492
C02;464,0;600,0015604496796;2322,5858938163087;113,58671516290696
C02;465,0;600,0014860421378;2318,4634963898484;113,58670107676316
C02;466,0;600,0014151629656;2280,8748697809033;113,5866876585775
C02;467,0;600,0013476458719;2217,152290706678;113,58667487686924
C02;468,0;600,0012833323493;2136,1212733399434;113,5866627016313
C02;469,0;600,0012220713134;2049,788503112264;113,58665110426172
C02;470,0;600,0011637187567;1964,2730281846807;113,5866400574984
C02;471,0;600,0011081374207;1882,420385117251;113,5866295353568
C02;472,0;600,0010551964813;1805,845904353945;113,58661951307052
C02;473,0;600,0010047712493;1735,3822254290933;113,58660996703458
C02;474,0;600,0009567428854;1671,2895775387167;113,5866008747514
C02;475,0;600,0009109981272;1613,507431607084;113,58659221477923
C02;476,0;600,0008674290299;1561,8346491881503;113,58658396668295
C02;477,0;600,000825932718;1514,5056319738062;113,58657611098711
C02;478,0;600,0007864111493;1471,6431754103558;113,58656862913128
C02;479,0;600,000748770889;1435,772846760197;113,58656150342728
C02;480,0;600,0007129228954;1405,5563490126224;113,58655471701853
C03;0,0;600,0;122,9351851851852;113,58641975308645
C03;1,0;602,0730252219284;123,35993141777077;113,97886560811429
C03;2,0;615,6917366914672;126,15029611192301;116,55703340390629
C03;3,0;650,1096337094854;133,20224701791417;123,07270956675148
C03;4,0;712,3864302716262;145,96226288142566;134,86237349205965
C03;5,0;807,6922804725331;165,48966678755903;152,90479066846797
C03;6,0;939,578770874094;196,5244960014714;177,87231443265648
C03;7,0;1110,2198372612952;231,5013439853043;210,17649408894135
C03;8,0;1320,6254897546692;274,70284537097297;250,00853535983208
C03;9,0;1570,830978959158;326,19810312111406;297,37511156201117
C03;10,0;1860,0638049961954;385,8760482312582;352,1299802030351
C03;11,0;2186,8907593063777;453,47760184437567;414,00181956786696
C03;12,0;2549,346994559396;621,1208464116855;482,61866303382175
C03;13,0;2945,048939510288;703,6576985131173;557,5292750609964
C03;14,0;3371,2927119421097;794,4981419905033;638,2217818152961
C03;15,0;3825,1395327745504;894,4668138643498;724,1398409730917
C03;16,0;4303,48950692258;1004,011740872113;814,6966092271856
C03;17,0;4803,145010566519;1123,265210166948;909,2867421752527
C03;18,0;5320,864809227682;1263,810460358029;1007,2966394506035
C03;19,0;5853,409925584;1401,9175915684198;1108,1131279904453
C03;20,0;6397,582179524259;1548,9668300481342;1211,1307580805135
C03;21,0;6950,256234804096;1704,484244595902;1315,7578701299403
C03;22,0;7508,405906163199;1867,8477915750902;1421,421574890011
C03;23,0;8069,125407273852;2038,3206994902648;1527,5717759181712
C03;24,0;8629,646152846582;2621,184634142074;1633,6843503963996
C03;25,0;9187,349667093044;2800,2762634985615;1739,2635928413492
C03;26,0;9739,777095054598;2983,814103609423;1843,8440157006141
C03;27,0;10284,635762599604;3170,879957818406;1946,9915912304057
C03;28,0;10819,8031847608;3360,434708038407;2048,3045103167033
C03;29,0;11343,328880145813;3551,6397783356415;2147,4135259625846
C03;30,0;11853,434311058632;3743,511359055922;2243,9819419525716
C03;31,0;12348,511234394355;3935,207408802776;2337,7053006593687
C03;32,0;12827,11871701698;4125,883331668583;2428,3108180229383
C03;33,0;13287,97904092603;4314,593571499276;2515,556608354733
C03;34,0;13729,972697810983;4500,6867841572;2599,2307367532926
C03;35,0;14152,132649350526;4683,398442843473;2679,1501325174804
C03;36,0;14553,638008623728;4862,015327717223;2755,1593929700134
C03;37,0;14933,807279066135;5041,02010366339;2827,1295035195067
C03;38,0;15292,09127034545;5214,821391923479;2894,956496559946
C03;39,0;15628,065795183416;5382,915200429661;2958,560068900927
C03;40,0;15941,424237360823;5544,818318088011;3017,882174811488
C03;41,0;16231,970068771821;5700,138470076714;3072,8856094184202
C03;42,0;16499,609382313687;5848,560398770029;3123,55259510241
C03;43,0;16744,343497492064;5989,910504303919;3169,8833816599954
C03;44,0;16966,26168678126;6123,8184966960225;3211,8948693257416
C03;45,0;17165,53406290655;6250,085452347084;3249,619262258678
C03;46,0;17342,404660219705;6368,533848796054;3283,1027587726635
C03;47,0;17497,18473713819;6479,034582952343;3312,40428341646
C03;48,0;17630,246321136627;6581,556741946066;3337,594264971555
C03;49,0;17742,016012947275;6680,262422912792;3358,7534635210177
C03;50,0;17832,969062381486;6770,648731274573;3375,9718489391125
C03;51,0;17903,623724468413;6852,793835959406;3389,3475324479773
C03;52,0;17954,535901368436;6926,795018045614;3398,9857522744924
C03;53,0;17986,294072708497;6992,672046482774;3404,997913908531
C03;54,0;17999,514514561488;7050,543171673278;3407,5006850045893
C03;55,0;17994,836805211777;7100,60722608857;3406,6151445751234
C03;56,0;17972,91961407818;7142,9606525327135;3402,465985788608
C03;57,0;17934,4367686707;7177,828347252456;3395,180771402362
C03;58,0;17880,07359320866;7205,420707020401;3384,889240623793
C03;59,0;17810,52351149829;7225,8983558444925;3371,722665998766
C03;60,0;17726,484905832207;7285,985541713202;3355,8132587676805
C03;61,0;17628,658223010345;7488,2054057728;3337,293621004254
C03;62,0;17517,74331807004;7698,526130350652;3316,2962427552143
C03;63,0;17394,437025935666;7869,730141970544;3292,9530423275946
C03;64,0;17259,430950937294;7987,358215004984;3267,3949478209584
C03;65,0;17113,40946398961;8105,83250677077;3239,7515179719435
C03;66,0;16957,04789715301;8223,684037586989;3210,150600365356
C03;67,0;16791,010925306102;8287,607447943385;3178,718025067465
C03;68,0;16615,95112473257;8315,700639519146;3145,577331751071
C03;69,0;16432,507698555106;8320,49989423772;3110,8495284065075
C03;70,0;16241,305359126802;8309,927170470792;3074,652879766382
C03;71,0;16042,953357708182;8289,837767448167;3037,1027236130485
C03;72,0;15838,044652008452;8263,1081798253;2998,3113131852633
C03;73,0;15627,155202447417;8327,99512256282;2958,387683953035
C03;74,0;15410,843388293562;8520,247892134457;2917,437543086315
C03;75,0;15189,649535149563;8712,737970216229;2875,5631800029546
C03;76,0;14964,09554558486;8643,371152767088;2832,863396443488
C03;77,0;14734,684625051783;8571,171644124992;2789,4334545841343
C03;78,0;14501,901095564177;8496,360386998143;2745,3650417641607
C03;79,0;14266,210289962448;8419,15271707561;2700,746250469126
C03;80,0;14028,058519934102;8339,758078505467;2655,661572276825
C03;81,0;13787,873111301904;8258,379784070905;2610,19190453772
C03;82,0;13546,062500431135;8175,214817028862;2564,414568625857
C03;83,0;13303,016385941182;8090,453671676891;2518,4033386595033
C03;84,0;13059,10593023406;8004,280229820592;2472,2284796526433
C03;85,0;12814,68400567164;7916,871670424595;2425,95679411897
C03;86,0;12570,085480544294;7828,39840984364;2379,651676208802
C03;87,0;12325,627540274778;7739,024070145529;2333,3731725164216
C03;88,0;12081,610039592584;7648,905473153762;2287,178048750444
C03;89,0;11838,315881694916;7558,192657953668;2241,119861513047
C03;90,0;11596,011420680552;7467,028919721019;2195,249034485008
C03;91,0;11354,946883802193;7375,550867846043;2149,6129383625944
C03;92,0;11115,356810331023;7283,888501437662;2104,255973939312
C03;93,0;10877,460504064298;7192,165300402474;2059,219657770442
C03;94,0;10641,462496732905;7100,498330399967;2014,5427099010508
C03;95,0;10407,553019780918;7008,998360079422;1970,2611431788955
C03;96,0;10175,908482193263;6917,769989104809;1926,4083537123272
C03;97,0;9946,691952241494;6826,911785571267;1883,015212069914
C03;98,0;9720,053641200731;6736,516431510691;1840,1101548532367
C03;99,0;9496,131387263933;6646,670875274069;1797,719276307034
C03;100,0;9275,051138042878;6557,456489664737;1755,8664196618006
C03;101,0;9056,927430198797;6468,949234779451;1714,5732679330054
C03;102,0;8841,86386489006;6381,21982459311;1673,8594339284155
C03;103,0;8629,9535778596;6294,333896398309;1633,7425492406844
C03;104,0;8421,279703111732;6208,352182282306;1594,2383520263274
C03;105,0;8215,915829246442;6123,330681891995;1555,3607733946892
C03;106,0;8013,926447629981;6039,3208358016855;1517,1220222514332
C03;107,0;7815,367391683663;5956,369698859346;1479,5326684606075
C03;108,0;7620,286266668487;5874,5201129442485;1442,6017242074772
C03;109,0;7428,722869432374;5793,8108786231105;1406,3367234611633
C03;110,0;7240,709597669003;5714,276925242542;1370,743799451722
C03;111,0;7056,271848313505;5635,949479043376;1335,8277600907081
C03;112,0;6875,4284047705205;5558,8562289271695;1301,5921612775967
C03;113,0;6698,191812734795;5483,021489546937;1268,0393780466347
C03;114,0;6524,568744423784;5408,466361433262;1235,1706735199793
C03;115,0;6354,560351096319;5335,208887903345;1202,986265643244
C03;116,0;6188,16260378078;5263,264208534331;1171,4853916889929
C03;117,0;6025,366622181742;5192,6447090137935;1140,6663705222857
C03;118,0;5866,158991774946;5123,3601672092855;1110,5266626301516
C03;119,0;5710,522069137749;5055,417895325889;1081,062927923906
C03;120,0;5558,434275595607;4988,822878045499;1052,271081329576
C03;121,0;5409,8703792953265;4923,577906564472;1024,1463461873798
C03;122,0;5264,801765842645;4859,683708467308;996,683305486322
C03;123,0;5123,196697665593;4797,139073393271;969,87595096445
C03;124,0;4985,020562286258;4735,940974470446;943,717730109356
C03;125,0;4850,2361097020075;4676,084685507757;918,2015910969815
C03;126,0;4718,803679093444;4617,563893950042;893,3200257098604
C03;127,0;4590,681415090194;4560,370809614416;869,0651102785451
C03;128,0;4465,825473837498;4504,4962692380495;845,4285446922204
C03;129,0;4344,190219116528;4449,9298368781365;822,4016895263701
C03;130,0;4225,728408779472;4396,659900214377;799,9756013369455
C03;131,0;4110,391371767103;4344,673762812682;778,1410661716708
C03;132,0;3998,1291759815035;4293,957732416428;756,8886313501611
C03;133,0;3888,89078729056;4244,497205337961;736,20863556516
C03;134,0;3782,6242199430408;4196,276747028942;716,0912373577356
C03;135,0;3679,2766786748284;4149,280168912903;696,5264420195007
C03;136,0;3578,794692786816;4103,490601567632;677,5041269750021
C03;137,0;3481,1242424748207;4058,890564348502;659,0140656973164
C03;138,0;3386,2108776900404;4015,462031546732;641,0459502096136
C03;139,0;3293,999829806812;3973,1864951788925;623,5894122250533
C03;140,0;3204,436116371253;3932,0450245057505;606,6340429768248
C03;141,0;3117,4646392012028;3892,0183223798576;590,1694117895197
C03;142,0;3033,0302761037456;3853,0867785221153;574,1850834422322
C03;143,0;2951,0779664722363;3815,2305198280874;558,6706343730003
C03;144,0;2871,5527910199085;3778,429457804836;543,6156677732232
C03;145,0;2794,400045901934;3742,6633332389238;529,0098276197683
C03;146,0;2719,5653114723345;3707,9117581955934;514,8428116913826
C03;147,0;2646,9945159163603;3674,154255448452;501,10438361498905
C03;148,0;2576,633993993015;3641,370295437843;487,78438398626986
C03;149,0;2508,430541116255;3609,5393308549355;474,8727406078211
C03;150,0;2442,3314629971082;3578,6408289470473;462,35947788693164
C03;151,0;2378,284621062581;3548,65430163819;450,234725433874
C03;152,0;2316,238473860795;3519,5593335569815;438,4887259003339
C03;153,0;2256,1421146551793;3491,3356080623116;427,1118420963987
C03;154,0;2197,9453054042197;3463,962931355069;416,09456342328195
C03;155,0;2141,598507316485;3437,421254762204;405,4275116577227
C03;156,0;2087,052908164406;3411,6906952772733;395,10144612276963
C03;157,0;2034,2604465335653;3386,7515544393605;385,1072682784376
C03;158,0;1983,1738331780914;3362,5843356300347;375,43602576450684
C03;159,0;1933,7465696461802;3339,169759865713;366,0789159265364
C03;160,0;1885,9329643337037;3316,48878016045;357,0272888549844
C03;161,0;1839,6881461175753;3294,5225945318707;348,2726499661469
C03;162,0;1794,9680757145454;3273,2526577205795;339,8066621525037
C03;163,0;1751,7295549051566;3252,6606916910655;331,62114752890704
C03;164,0;1709,9302337567458;3232,728694979774;323,70808879997816
C03;165,0;1669,528615973717;3213,438950953666;316,05963027296656
C03;166,0;1630,4840624977348;3194,7740350403474;308,66807853930885
C03;167,0;1592,7567934750691;3176,7168209884885;301,52590284706514
C03;168,0;1556,307888703065;3159,2504862150913;294,6257351854434
C03;169,0;1521,0992866625488;3142,3585162938757;287,9603701016208
C03;170,0;1487,0937822380297;3126,0247086369477;281,5227642691562
C03;171,0;1454,255023222701;3110,2331754197116;275,30603582634683
C03;172,0;1422,5475057005428;3094,9683457969704;269,30346350201324
C03;173,0;1391,9365683933447;3080,2149674560524;263,5084855453284
C03;174,0;1362,3883860560004;3065,9581075508413;257,914698475478
C03;175,0;1333,8699619992713;3052,1831530586505;252,5158556661376
C03;176,0;1306,3491198150364;3038,8758105999427;247,30586577897623
C03;177,0;1279,794494375194;3026,0221057591125;242,27879105964962
C03;178,0;1254,1755221714757;3013,6083819427145;237,42884550902588
C03;179,0;1229,4624310598824;3001,621298809815;232,75039294169648
C03;180,0;1205,6262294698342;2990,047830307431;228,23794494315234
C03;181,0;1182,6386951348168;2978,875262342433;223,88615873637616
C03;182,0;1160,4723633980225;2968,0911901196732;219,6898349679733
C03;183,0;1139,1005151433853;2957,6835151746154;215,64391542338922
C03;184,0;1118,4971643994177;2947,6404421272355;211,74348068018188
C03;185,0;1098,6370456604056;2937,9504751825903;207,98374770778935
C03;186,0;1079,4956009667771;2928,6024144020516;204,36006742170417
C03;187,0;1061,0489667838428;2919,5853517679166;200,86792219948035
C03;188,0;1043,2739607156248;2910,8886670628167;197,5029233655165
C03;189,0;1026,1480680880684;2902,5020235841694;194,26080865111675
C03;190,0;1009,6494284337069;2894,415363712719;191,13743963589133
C03;191,0;993,7568219076206;2886,6189043531244;188,12879917615356
C03;192,0;978,4496556625268;2879,1031322634512;185,2309888255777
C03;193,0;963,7079502088118;2871,8587992894477;182,44022625300767
C03;194,0;949,512325783498;2864,876917518447;179,75284266195618
C03;195,0;935,8439887503172;2858,1487543668427;177,16528021599362
C03;196,0;922,6847180514101;2851,665827614179;174,67408947390936
C03;197,0;910,0168517295458;2845,4199003960302;172,27592683822397
C03;198,0;897,8232735382501;2839,402976167051;169,96755202034302
C03;199,0;886,0873996557889;2833,6072936447677;167,7458255253721
C03;200,0;874,793165517595;2828,0253217439913;165,60770615935462
C03;201,0;863,9250127804395;2822,6497545109755;163,55024856144922
C03;202,0;853,4678764304288;2817,4735060658068;161,57060076333659
C03;203,0;843,4071720457692;2812,4897055608753;159,66600177792384
C03;204,0;833,7287832241556;2807,6916921626553;157,83377921921488
C03;205,0;824,4190491836107;2803,073010063464;156,0713469550166
C03;206,0;815,4647525446641;2798,6274035293254;154,37620279397498
C03;207,0;806,8531073008367;2794,34881198954;152,74592620825817
C03;208,0;798,5717469835557;2790,231365173097;151,17817609304944
C03;209,0;790,608713026839;2786,2693782965725;149,67068856385663
C03;210,0;782,9524433363216;2782,457347307755;148,2212747925068
C03;211,0;775,591761066525;2778,7899441888176;146,827818882563
C03;212,0;768,5158636095896;2775,2620123224633;145,48827578477426
C03;213,0;761,7143117981077;2771,8685619241046;144,20066925305534
C03;214,0;755,1770193241022;2768,604765542827;142,96308984138687
C03;215,0;748,8942423756862;2765,4659536335084;141,77369294192383
C03;216,0;742,8565694924317;2762,447610202225;140,6306968645086
C03;217,0;737,05491164003;2759,545368526738;139,53238095769746
C03;218,0;731,4804925043923;2756,755006953628;138,47708377133048
C03;219,0;726,1248390049553;2754,0724447733764;137,46320126059857
C03;220,0;720,9797720265932;2751,493738174466;136,4891850314953
C03;221,0;716,0373973691994;2749,015076277346;135,55354062747574
C03;222,0;711,2900969137004;2746,632777248928;134,6548258570885
C03;223,0;706,7305200029791;2744,3432844980716;133,7916491622924
C03;224,0;702,3515750359345;2742,1431629523395;132,96266802712174
C03;225,0;698,14642127266;2740,029095416162;132,16658742631913
C03;226,0;694,1084608485205;2737,9978790103837;131,40215831351466
C03;227,0;690,2313309947076;2736,046421693024;130,66817614849398
C03;228,0;686,5088964626866;2734,1717388609723;129,96347946306474
C03;229,0;682,9352421497834;2732,370950032199;129,2869484650017
C03;230,0;679,5046659230313;2730,64127560797;128,63750367952366
C03;231,0;676,211671638264;2728,9800337144625;128,0141046277335
C03;232,0;673,050962351342;2727,384637123041;127,4157485414305
C03;233,0;670,0174337183;2725,8525902484566;126,84146911368764
C03;234,0;667,1061675811204;2724,3814862240506;126,29033528456993
C03;235,0;664,3124257357725;2722,9690040530836;125,76145006135754
C03;236,0;661,6316438790972;2721,612905835156;125,2539493726262
C03;237,0;659,0594257310669;2720,311034066708;124,76700095552842
C03;238,0;656,591537328919;2719,061309014481;124,29980327561151
C03;239,0;654,2239014896237;2717,86172616082;123,85158447850377
C03;240,0;651,9525924371363;2716,710353719634;123,42160137279578
C03;241,0;649,7738305908658;2715,605330221808;123,00913844344161
C03;242,0;647,6839775117876;2714,544862168845;122,61350689500419
C03;243,0;645,6795310026337;2713,527221753463;122,23404372406857
C03;244,0;643,7571203585951;2712,550744645876;121,87011082014928
C03;245,0;641,9135017649933;2711,6138278444787;121,52109409442018
C03;246,0;640,145553838389;2710,714927589607;121,18640263559872
C03;247,0;638,4502733076251;2709,852557339084;120,86546789232112
C03;248,0;636,8247708313273;2709,02528580421;120,55774288135036
C03;249,0;635,2662669484166;2708,231735044894;120,26270142096519
C03;250,0;633,7720881582295;2707,4705786225836;119,97983738888458
C03;251,0;632,3396631268713;2706,740539809693;119,70866400409014
C03;252,0;630,9665190164808;2706,0403898541886;119,4487131319163
C03;253,0;629,6502779341192;2705,3689462980383;119,19953461178734
C03;254,0;628,3886534970526;2704,725071348219;118,96069560698834
C03;255,0;627,1794475112384;2704,107670298973;118,7317799758673
C03;256,0;626,0205467598837;2703,5156900040565;118,51238766387472
C03;257,0;624,9099198989904;2702,9481173976847;118,30213411585724
C03;258,0;623,8456144568614;2702,4039780629337;118,10064970803198
C03;259,0;622,8257539345939;2701,882334846357;117,90757919907885
C03;260,0;621,8485350046412;2701,382286517579;117,72258119979843
C03;261,0;620,9122248045866;2700,9029664726754;117,54532766079424
C03;262,0;620,0151583233225;2700,4435414801383;117,37550337764874
C03;263,0;619,1557358768947;2700,0032104682546;117,21280551307346
C03;264,0;618,3324206713237;2699,5812033527527;117,05694313552499
C03;265,0;617,5437364497753;2699,17677990358;116,90763677378928
C03;266,0;616,7882652215138;2698,789228649702;116,76461798704811
C03;267,0;616,0646450701257;2698,417865820821;116,62762894995252
C03;268,0;615,3715680385653;2698,0620343249584;116,49642205223913
C03;269,0;614,7077780886254;2697,7211027608396;116,3707595124362
C03;270,0;614,0720691325015;2697,3944644640665;116,25041300521771
C03;271,0;613,4632831341695;2697,081536586047;116,1351633019738
C03;272,0;612,8803082783579;2696,781759204726;116,02479992417764
C03;273,0;612,3220772049498;2696,4945944661285;115,91912080913872
C03;274,0;611,7875653067058;2696,219525755797;115,81793198774378
C03;275,0;611,275789088258;2695,9560568991815;115,72104727379669
C03;276,0;610,7858045843738;2695,7037113900983;115,62828796457883
C03;277,0;610,3167058355464;2695,462031646374;115,53948255226224
C03;278,0;609,867623419022;2695,2305782918265;115,45446644581715
C03;279,0;609,4377230334228;2695,008929463738;115,373081703066
C03;280,0;609,0262041351787;2694,7966801450198;115,29517677254552
C03;281,0;608,6322986250315;2694,593441520263;115,2206062448478
C03;282,0;608,2552695829232;2694,3988403549215;115,1492306131211
C03;283,0;607,8944100496295;2694,2125183968506;115,08091604242011
C03;284,0;607,5490418535479;2694,0341317995017;115,01553414760428
C03;285,0;607,2185144810956;2693,86335056603;114,95296177949221
C03;286,0;606,9022039892194;2693,6998580136487;114,89308081898795
C03;287,0;606,5995119585632;2693,543350257543;114,83577797890457
C03;288,0;606,3098644858837;2693,3935357136934;114,78094461321759
C03;289,0;606,0327112143483;2693,2501346199733;114,72847653348997
C03;290,0;605,7675244003889;2693,11287857491;114,67827383221768
C03;291,0;605,5137980158299;2692,9815100934948;114,63024071285277
C03;292,0;605,271046884044;2692,8557821794775;114,58428532626849
C03;293,0;605,0388058489339;2692,7354579135726;114,54031961343863
C03;294,0;604,8166289755706;2692,620310057026;114,49825915410985
C03;295,0;604,6040887813616;2692,5101206700224;114,45802302125347
C03;296,0;604,4007754966532;2692,404680744403;114,41953364108969
C03;297,0;604,2062963537103;2692,3037898502107;114,3827166584838
C03;298,0;604,0202749030503;2692,207255795569;114,3475008075209
C03;299,0;603,8423503561398;2692,1148942994196;114,3138177870713
C03;300,0;603,672176953497;2692,0265286766853;114,28160214116565
C03;301,0;603,5094233572747;2691,9419895353935;114,25079114400427
C03;302,0;603,3537720674267;2691,8611144853535;114,2213246894313
C03;303,0;603,2049188605941;2691,7837478579645;114,19314518470982
C03;304,0;603,0625722508743;2691,7097404367564;114,16619744843972
C03;305,0;602,926452971665;2691,6389491982864;114,14042861246512
C03;306,0;602,7962934778025;2691,5712370629976;114,11578802762394
C03;307,0;602,6718374672406;2691,5064726557057;114,09222717319646
C03;308,0;602,5528394215414;2691,4445300753378;114,0696995699155
C03;309,0;602,4390641644763;2691,3852886736026;114,04816069640464
C03;310,0;602,3302864380562;2691,328632842258;114,0275679089164
C03;311,0;602,2262904953383;2691,274451808656;114,0078803642461
C03;312,0;602,1268697093759;2691,222639439284;113,98905894570194
C03;313,0;602,0318261977012;2691,1730940509638;113,97106619201544
C03;314,0;601,9409704617519;2691,1257182294676;113,95386622908127
C03;315,0;601,8541210406764;2691,0804186552496;113,93742470441862
C03;316,0;601,7711041789661;2691,037105936036;113,92170872425058
C03;317,0;601,6917535073893;2690,995694446019;113,90668679310158
C03;318,0;601,615909736718;2690,9561021714;113,89232875581635
C03;319,0;601,5434203637532;2690,9182505620483;113,87860574190768
C03;320,0;601,4741393891799;2690,882064389047;113,86549011214301
C03;321,0;601,4079270467914;2690,8474716078945;113,85295540728407
C03;322,0;601,3446495436475;2690,81440322716;113,84097629889567
C03;323,0;601,2841788107386;2690,782793182368;113,82952854214406
C03;324,0;601,2263922637517;2690,752578214937;113,81858893050718
C03;325,0;601,1711725735422;2690,7236977559505;113,80813525232257
C03;326,0;601,1184074459344;2690,6960938145985;113,79814624910125
C03;327,0;601,0679894104853;2690,6697108711014;113,78860157553851
C03;328,0;601,019815617861;2690,644495773938;113,77948176115497
C03;329,0;600,973787645487;2690,6203976412253;113,77076817350421
C03;330,0;600,9298113111475;2690,59736776607;113,76244298288508
C03;331,0;600,8877964942196;2690,575359525764;113,75448912849936
C03;332,0;600,847656964241;2690,5543282946455;113,74689028599795
C03;333,0;600,8093102165212;2690,534231360507;113,73963083636019
C03;334,0;600,7726773145173;2690,515027844396;113,73269583605386
C03;335,0;600,7376827387029;2690,4966786236823;113,72607098842464
C03;336,0;600,7042542416757;2690,4791462582707;113,71974261626623
C03;337,0;600,6723227092515;2690,462394919813;113,71369763552407
C03;338,0;600,6418220273066;2690,4463903238284;113,70792353008716
C03;339,0;600,6126889541389;2690,431099664605;113,70240832762461
C03;340,0;600,584862998125;2690,416491552762;113,6971405764249
C03;341,0;600,5582863004622;2690,402535955393;113,69210932319761
C03;342,0;600,532903522789;2690,389204138658;113,6873040917988
C03;343,0;600,508661739488;2690,3764686127543;113,68271486284281
C03;344,0;600,4855103344829;2690,3643030791513;113,67833205416484
C03;345,0;600,463400902346;2690,3526823800075;113,6741465020995
C03;346,0;600,4422871535432;2690,3415824496856;113,6701494435427
C03;347,0;600,4221248236469;2690,3309802682725;113,66633249876469
C03;348,0;600,4028715863569;2690,320853817029;113,66268765494398
C03;349,0;600,3844869701735;2690,3111820356967;113,65920725039264
C03;350,0;600,3669322785731;2690,3019447815755;113,65588395944472
C03;351,0;600,3501705135446;2690,2931227903105;113,65271077798084
C03;352,0;600,334166302348;2690,2846976383116;113,64968100956283
C03;353,0;600,3188858273626;2690,276651706751;113,64678825215331
C03;354,0;600,3042967589009;2690,2689681470556;113,6440263853965
C03;355,0;600,2903681908618;2690,261630847859;113,64138955843674
C03;356,0;600,2770705791094;2690,254624403325;113,63887217825302
C03;357,0;600,2643756824643;2690,247934082815;113,63646889848796
C03;358,0;600,2522565061995;2690,2415458018204;113,63417460875083
C03;359,0;600,2406872479359;2690,2354460941265;113,6319844243752
C03;360,0;600,2296432458403;2690,2296220851445;113,62989367661224
C03;361,0;600,2191009290294;2690,224061466372;113,62789790324149
C03;362,0;600,2090377700872;2690,2187524709316;113,62599283958207
C03;363,0;600,1994322396093;2690,2136838501438;113,62417440988739
C03;364,0;600,1902637626896;2690,208844851093;113,62243871910755
C03;365,0;600,1815126772668;2690,204225195147;113,62078204500402
C03;366,0;600,1731601942558;2690,1998150573804;113,61920083060191
C03;367,0;600,1651883593863;2690,195605046884;113,61769167696575
C03;368,0;600,1575800166792;2690,1915861879015;113,61625133628515
C03;369,0;600,1503187734919;2690,187749901775;113,61487670525747
C03;370,0;600,1433889670657;2690,1840879896627;113,61356481875491
C03;371,0;600,1367756325129;2690,180592615984;113,61231284376413
C03;372,0;600,1304644721836;2690,1772562925858;113,61111807358695
C03;373,0;600,1244418263515;2690,174071863575;113,60997792229112
C03;374,0;600,1186946451675;2690,1710324908063;113,6088899194005
C03;375,0;600,1132104618223;2690,1681316399904;113,60785170481475
C03;376,0;600,1079773668719;2690,1653630673977;113,60686102394868
C03;377,0;600,1029839836726;2690,162720807134;113,60591572308192
C03;378,0;600,0982194448816;2690,160199158963;113,60501374491017
C03;379,0;600,0936733699752;2690,157792676656;113,60415312428927
C03;380,0;600,089335843745;2690,1554961568327;113,60333198416413
C03;381,0;600,0851973957257;2690,1533046283007;113,6025485316744
C03;382,0;600,0812489805202;2690,1512133418382;113,60180105442957
C03;383,0;600,0774819589788;2690,149217760431;113,6010879169462
C03;384,0;600,0738880801994;2690,1473135499214;113,60040755724023
C03;385,0;600,0704594643126;2690,1454965700714;113,59975848356811
C03;386,0;600,067188586018;2690,143762866003;113,59913927130987
C03;387,0;600,0640682588383;2690,1421086600208;113,59854855998854
C03;388,0;600,0610916200643;2690,140530343782;113,59798505041981
C03;389,0;600,058252116356;2690,139024470809;113,59744750198632
C03;390,0;600,0555434899763;2690,137587749327;113,59693473003146
C03;391,0;600,0529597656265;2690,136217035412;113,59644560336724
C03;392,0;600,05049523786;2690,1349093264434;113,59597904189161
C03;393,0;600,0481444590486;2690,133661754835;113,59553401431023
C03;394,0;600,045902227877;2690,132471582043;113,59510953595851
C03;395,0;600,0437635783442;2690,1313361928346;113,59470466671927
C03;396,0;600,0417237692473;2690,1302530898083;113,5943185090321
C03;397,0;600,0397782741302;2690,1292198881542;113,59395020599045
C03;398,0;600,0379227716742;2690,128234310643;113,59359893952242
C03;399,0;600,036153136513;2690,127294182835;113,59326392865204
C03;400,0;600,0344654304527;2690,126397428495;113,59294442783707
C03;401,0;600,0328558940803;2690,125542065218;113,5926397253804
C03;402,0;600,0313209387431;2690,1247262002394;113,59234914191165
C03;403,0;600,0298571388821;2690,1239480264317;113,59207202893593
C03;404,0;600,0284612247067;2690,1232058184764;113,59180776744681
C03;405,0;600,0271300751921;2690,1224979292074;113,59155576660093
C03;406,0;600,0258607113882;2690,1218227861123;113,5913154624512
C03;407,0;600,024650290026;2690,12117888799;113,59108631673632
C03;408,0;600,0234960974063;2690,120564801755;113,59086781572404
C03;409,0;600,0223955435619;2690,1199791593835;113,59065946910582
C03;410,0;600,021346156678;2690,119420654993;113,59046080894066
C03;411,0;600,0203455777615;2690,118888042057;113,59027138864602
C03;412,0;600,0193915555484;2690,1183801307297;113,59009078203343
C03;413,0;600,0184819416367;2690,1178957853076;113,58991858238743
C03;414,0;600,0176146858373;2690,117433921788;113,58975440158534
C03;415,0;600,0167878317332;2690,116993505545;113,58959786925642
C03;416,0;600,0159995124347;2690,116573549101;113,58944863197856
C03;417,0;600,0152479465273;2690,1161731100087;113,58930635251082
C03;418,0;600,014531434198;2690,115791288816;113,5891707090605
C03;419,0;600,013848353537;2690,115427227128;113,58904139458268
C03;420,0;600,013197157004;2690,11508010575;113,58891811611146
C03;421,0;600,0125763680536;2690,1147491429233;113,58880059412095
C03;422,0;600,0119845779109;2690,1144335926247;113,58868856191502
C03;423,0;600,0114204424929;2690,1141327429564;113,58858176504437
C03;424,0;600,0108826794675;2690,1138459146;113,58847996074984
C03;425,0;600,0103700654454;2690,113572459341;113,58838291743069
C03;426,0;600,0098814332969;2660,656514083535;113,58829041413681
C03;427,0;600,0094156695905;2596,7938171273518;113,58820224008372
C03;428,0;600,0089717121471;2566,5991320855915;113,5881181941895
C03;429,0;600,0085485477026;2552,342011982912;113,5880380846325
C03;430,0;600,0081452096784;2545,567387460555;113,58796172842898
C03;431,0;600,0077607760502;2542,3384820315327;113,58788895102987
C03;432,0;600,0073943673139;2540,7972450110997;113,58781958593565
C03;433,0;600,0070451445436;2540,0609981622256;113,5877534743287
C03;434,0;600,006712307537;2539,709110056678;113,58769046472213
C03;435,0;600,0063950930448;2539,5408336249357;113,58763041262469
C03;436,0;600,0060927730798;2539,460293475303;113,58757318022062
C03;437,0;600,005804653303;2539,4216844364137;113,58751863606412
C03;438,0;600,0055300714829;2539,403119049547;113,58746665478766
C03;439,0;600,0052683960238;2539,3941377077604;113,58741711682342
C03;440,0;600,0050190245618;2539,389741651208;113,58736990813748
C03;441,0;600,0047813826236;2539,3875417580934;113,58732491997593
C03;442,0;600,0045549223477;2539,386396042695;113,58728204862265
C03;443,0;600,0043391212613;2539,385758533496;113,587241195168
C03;444,0;600,0041334811148;2539,3853681046116;113,58720226528803
C03;445,0;600,0039375267688;2539,385099767932;113,58716516903371
C03;446,0;600,0037508051313;2539,3848936049935;113,58712982062987
C03;447,0;600,0035728841432;2539,3847208028888;113,58709613828313
C03;448,0;600,0034033518109;2539,3845674223367;113,58706404399871
C03;449,0;600,0032418152823;2539,3844266400465;113,58703346340546
C03;450,0;600,0030878999646;2476,5028564204736;113,587004325589
C03;451,0;600,0029412486834;2406,476823396806;113,58697656293238
C03;452,0;600,0028015208794;2364,9918122419863;113,58695011096403
C03;453,0;600,0026683918413;2343,723141913183;113,58692490821271
C03;454,0;600,0025415519757;2332,2602031643646;113,58690089606901
C03;455,0;600,0024207061078;2325,6104950237236;113,58687801865322
C03;456,0;600,0023055728162;2321,3205333428873;113,58685622268925
C03;457,0;600,0021958837971;2318,203617155482;113,58683545738428
C03;458,0;600,0020913832573;2315,671497837128;113,58681567431398
C03;459,0;600,0019918273365;2313,4029977312844;113,58679682731298
C03;460,0;600,0018969835545;2311,266580760277;113,58677887237026
C03;461,0;600,0018066302842;2309,1971579640644;113,58676176752947
C03;462,0;600,0017205562496;2307,1409804613904;113,58674547279374
C03;463,0;600,0016385600452;2305,0861972000807;113,58672995003492
C03;464,0;600,0015604496796;2303,033287718559;113,58671516290696
C03;465,0;600,0014860421378;2300,964206826589;113,58670107676316
C03;466,0;600,0014151629656;2202,4916769344104;113,5866876585775
C03;467,0;600,0013476458719;2061,662704379007;113,58667487686924
C03;468,0;600,0012833323493;1921,4802419421267;113,5866627016313
C03;469,0;600,0012220713134;1794,522098601387;113,58665110426172
C03;470,0;600,0011637187567;1688,1130211184177;113,5866400574984
C03;471,0;600,0011081374207;1599,379466719966;113,5866295353568
C03;472,0;600,0010551964813;1525,5643562336766;113,58661951307052
C03;473,0;600,0010047712493;1464,3330842024172;113,58660996703458
C03;474,0;600,0009567428854;1413,5915345890503;113,5866008747514
C03;475,0;600,0009109981272;1371,6280400831054;113,58659221477923
C03;476,0;600,0008674290299;1336,8013305514455;113,58658396668295
C03;477,0;600,000825932718;1308,3363015089365;113,58657611098711
C03;478,0;600,0007864111493;1286,9303448360436;113,58656862913128
C03;479,0;600,000748770889;1272,7320454661783;113,58656150342728
C03;480,0;600,0007129228954;1262,861121821394;113,58655471701853
C04;0,0;600,0;421,4501322380105;113,58641975308645
C04;1,0;602,0730252219284;420,04615824612716;113,97886560811429
C04;2,0;615,6917366914672;420,82840253913895;116,55703340390629
C04;3,0;650,1096337094854;425,4803130273867;123,07270956675148
C04;4,0;712,3864302716262;435,3268987733037;134,86237349205965
C04;5,0;807,6922804725331;451,4331479055998;152,90479066846797
C04;6,0;939,578770874094;474,4749794885428;177,87231443265648
C04;7,0;1110,2198372612952;506,6697293300607;210,17649408894135
C04;8,0;1320,6254897546692;546,3890720848169;250,00853535983208
C04;9,0;1570,830978959158;593,6438940291027;297,37511156201117
C04;10,0;1860,0638049961954;648,2941555639336;352,1299802030351
C04;11,0;2186,8907593063777;710,0925615606686;414,00181956786696
C04;12,0;2549,346994559396;778,6709226112098;482,61866303382175
C04;13,0;2945,048939510288;853,5815380215596;557,5292750609964
C04;14,0;3371,2927119421097;934,3157793925607;638,2217818152961
C04;15,0;3825,1395327745504;1020,3202242354544;724,1398409730917
C04;16,0;4303,48950692258;1111,0105969168137;814,6966092271856
C04;17,0;4803,145010566519;1205,7837505102393;909,2867421752527
C04;18,0;5320,864809227682;1304,0279014124121;1007,2966394506035
C04;19,0;5853,409925584;1405,131308701805;1108,1131279904453
C04;20,0;6397,582179524259;1508,4895720346526;1211,1307580805135
C04;21,0;6950,256234804096;1613,521211533566;1315,7578701299403
C04;22,0;7508,405906163199;1719,6605582097213;1421,421574890011
C04;23,0;8069,125407273852;1826,3599070872365;1527,5717759181712
C04;24,0;8629,646152846582;1933,0982883119052;1633,6843503963996
C04;25,0;9187,349667093044;2039,3959933034027;1739,2635928413492
C04;26,0;9739,777095054598;2144,7993971935825;1843,8440157006141
C04;27,0;10284,635762599604;2248,8458161892313;1946,9915912304057
C04;28,0;10819,8031847608;2351,132231281429;2048,3045103167033
C04;29,0;11343,328880145813;2451,2441019783664;2147,4135259625846
C04;30,0;11853,434311058632;2548,846520855638;2243,9819419525716
C04;31,0;12348,511234394355;2643,6719941094007;2337,7053006593687
C04;32,0;12827,11871701698;2735,445952067587;2428,3108180229383
C04;33,0;13287,97904092603;2823,925806556405;2515,556608354733
C04;34,0;13729,972697810983;2908,896353034655;2599,2307367532926
C04;35,0;14152,132649350526;2990,310013100774;2679,1501325174804
C04;36,0;14553,638008623728;3068,634403949488;2755,1593929700134
C04;37,0;14933,807279066135;3143,631156091891;2827,1295035195067
C04;38,0;15292,09127034545;3215,3261864460374;2894,956496559946
C04;39,0;15628,065795183416;3283,5075540167027;2958,560068900927
C04;40,0;15941,424237360823;3347,480322112058;3017,882174811488
C04;41,0;16231,970068771821;3407,5972534378875;3072,8856094184202
C04;42,0;16499,609382313687;3463,3029020195254;3123,55259510241
C04;43,0;16744,343497492064;3515,0686312487724;3169,8833816599954
C04;44,0;16966,26168678126;3562,6856174924105;3211,8948693257416
C04;45,0;17165,53406290655;3606,2793324994077;3249,619262258678
C04;46,0;17342,404660219705;3763,7926234153188;3283,1027587726635
C04;47,0;17497,18473713819;4024,442960684752;3312,40428341646
C04;48,0;17630,246321136627;4324,637334137248;3337,594264971555
C04;49,0;17742,016012947275;4629,452029440214;3358,7534635210177
C04;50,0;17832,969062381486;4927,663220406798;3375,9718489391125
C04;51,0;17903,623724468413;5204,726148930307;3389,3475324479773
C04;52,0;17954,535901368436;5464,955880849893;3398,9857522744924
C04;53,0;17986,294072708497;5691,317812210183;3404,997913908531
C04;54,0;17999,514514561488;5894,176307943022;3407,5006850045893
C04;55,0;17994,836805211777;6073,272874734106;3406,6151445751234
C04;56,0;17972,91961407818;6219,377173276423;3402,465985788608
C04;57,0;17934,4367686707;6333,137757931594;3395,180771402362
C04;58,0;17880,07359320866;6420,947198503039;3384,889240623793
C04;59,0;17810,52351149829;6488,167659758055;3371,722665998766
C04;60,0;17726,484905832207;6537,7334768492;3355,8132587676805
C04;61,0;17628,658223010345;6572,252455153688;3337,293621004254
C04;62,0;17517,74331807004;6559,053444401305;3316,2962427552143
C04;63,0;17394,437025935666;6535,710243973685;3292,9530423275946
C04;64,0;17259,430950937294;6510,152149467049;3267,3949478209584
C04;65,0;17113,40946398961;6482,508719618034;3239,7515179719435
C04;66,0;16957,04789715301;6452,907802011447;3210,150600365356
C04;67,0;16791,010925306102;6421,4752267135555;3178,718025067465
C04;68,0;16615,95112473257;6388,334533397161;3145,577331751071
C04;69,0;16432,507698555106;6353,606730052597;3110,8495284065075
C04;70,0;16241,305359126802;6317,410081412472;3074,652879766382
C04;71,0;16042,953357708182;6279,859925259139;3037,1027236130485
C04;72,0;15838,044652008452;6241,068514831353;2998,3113131852633
C04;73,0;15627,155202447417;6201,144885599126;2958,387683953035
C04;74,0;15410,843388293562;6160,1947447324055;2917,437543086315
C04;75,0;15189,649535149563;6118,320381649045;2875,5631800029546
C04;76,0;14964,09554558486;6075,620598089578;2832,863396443488
C04;77,0;14734,684625051783;6032,190656230225;2789,4334545841343
C04;78,0;14501,901095564177;5988,122243410251;2745,3650417641607
C04;79,0;14266,210289962448;5943,5034521152165;2700,746250469126
C04;80,0;14028,058519934102;5898,4187739229155;2655,661572276825
C04;81,0;13787,873111301904;5852,949106183811;2610,19190453772
C04;82,0;13546,062500431135;5807,171770271947;2564,414568625857
C04;83,0;13303,016385941182;5761,160540305594;2518,4033386595033
C04;84,0;13059,10593023406;5714,985681298734;2472,2284796526433
C04;85,0;12814,68400567164;5668,71399576506;2425,95679411897
C04;86,0;12570,085480544294;5622,408877854892;2379,651676208802
C04;87,0;12325,627540274778;5576,130374162512;2333,3731725164216
C04;88,0;12081,610039592584;5529,935250396535;2287,178048750444
C04;89,0;11838,315881694916;5483,877063159138;2241,119861513047
C04;90,0;11596,011420680552;5438,006236131098;2195,249034485008
C04;91,0;11354,946883802193;5392,370140008685;2149,6129383625944
C04;92,0;11115,356810331023;5347,013175585402;2104,255973939312
C04;93,0;10877,460504064298;5301,9768594165325;2059,219657770442
C04;94,0;10641,462496732905;5257,299911547141;2014,5427099010508
C04;95,0;10407,553019780918;5213,018344824986;1970,2611431788955
C04;96,0;10175,908482193263;5169,165555358418;1926,4083537123272
C04;97,0;9946,691952241494;5125,772413716004;1883,015212069914
C04;98,0;9720,053641200731;5082,867356499327;1840,1101548532367
C04;99,0;9496,131387263933;5040,476477953124;1797,719276307034
C04;100,0;9275,051138042878;4998,623621307891;1755,8664196618006
C04;101,0;9056,927430198797;8455,584960243663;1714,5732679330054
C04;102,0;8841,86386489006;14753,392037638036;1673,8594339284155
C04;103,0;8629,9535778596;14627,692024340646;1633,7425492406844
C04;104,0;8421,279703111732;14494,129589810113;1594,2383520263274
C04;105,0;8215,915829246442;14353,167240458999;1555,3607733946892
C04;106,0;8013,926447629981;14205,264200206035;1517,1220222514332
C04;107,0;7815,367391683663;14050,87503608123;1479,5326684606075
C04;108,0;7620,286266668487;13890,448414338494;1442,6017242074772
C04;109,0;7428,722869432374;13724,42598103149;1406,3367234611633
C04;110,0;7240,709597669003;13553,241360926584;1370,743799451722
C04;111,0;7056,271848313505;13377,319268596835;1335,8277600907081
C04;112,0;6875,4284047705205;13197,074725557386;1301,5921612775967
C04;113,0;6698,191812734795;13012,912377358309;1268,0393780466347
C04;114,0;6524,568744423784;12825,225904638466;1235,1706735199793
C04;115,0;6354,560351096319;12634,39752226193;1202,986265643244
C04;116,0;6188,16260378078;12440,797560796644;1171,4853916889929
C04;117,0;6025,366622181742;12244,784124755952;1140,6663705222857
C04;118,0;5866,158991774946;12046,702822196747;1110,5266626301516
C04;119,0;5710,522069137749;11846,886560455689;1081,062927923906
C04;120,0;5558,434275595607;11645,65540300099;1052,271081329576
C04;121,0;5409,8703792953265;11443,316482579648;1024,1463461873798
C04;122,0;5264,801765842645;11240,16396604909;996,683305486322
C04;123,0;5123,196697665593;11036,479066490874;969,87595096445
C04;124,0;4985,020562286258;10832,530098416655;943,717730109356
C04;125,0;4850,2361097020075;10628,57257208644;918,2015910969815
C04;126,0;4718,803679093444;10424,84932316914;893,3200257098604
C04;127,0;4590,681415090194;10221,590674180825;869,0651102785451
C04;128,0;4465,825473837498;10019,01462433902;845,4285446922204
C04;129,0;4344,190219116528;9817,327064669515;822,4016895263701
C04;130,0;4225,728408779472;9616,722015394645;799,9756013369455
C04;131,0;4110,391371767103;9417,381882819831;778,1410661716708
C04;132,0;3998,1291759815035;9219,477733115767;756,8886313501611
C04;133,0;3888,89078729056;9023,16958056944;736,20863556516
C04;134,0;3782,6242199430408;8828,606688044569;716,0912373577356
C04;135,0;3679,2766786748284;8635,927877554275;696,5264420195007
C04;136,0;3578,794692786816;8445,261849003351;677,5041269750021
C04;137,0;3481,1242424748207;8256,727505305254;659,0140656973164
C04;138,0;3386,2108776900404;8070,434282219977;641,0459502096136
C04;139,0;3293,999829806812;7886,482481393171;623,5894122250533
C04;140,0;3204,436116371253;7704,963605203943;606,6340429768248
C04;141,0;3117,4646392012028;7525,960692149828;590,1694117895197
C04;142,0;3033,0302761037456;7349,548651610734;574,1850834422322
C04;143,0;2951,0779664722363;7175,794596942755;558,6706343730003
C04;144,0;2871,5527910199085;7004,75817595269;543,6156677732232
C04;145,0;2794,400045901934;6836,491897900832;529,0098276197683
C04;146,0;2719,5653114723345;6671,041456268404;514,8428116913826
C04;147,0;2646,9945159163603;6508,446046610759;501,10438361498905
C04;148,0;2576,633993993015;6348,738678895099;487,78438398626986
C04;149,0;2508,430541116255;6191,946483795793;474,8727406078211
C04;150,0;2442,3314629971082;6038,0910124882375;462,35947788693164
C04;151,0;2378,284621062581;5887,18852954574;450,234725433874
C04;152,0;2316,238473860795;5739,2502986028485;438,4887259003339
C04;153,0;2256,1421146551793;5594,282860504195;427,1118420963987
C04;154,0;2197,9453054042197;5452,288303706686;416,09456342328195
C04;155,0;2141,598507316485;5313,264526751209;405,4275116577227
C04;156,0;2087,052908164406;5177,2054926616265;395,10144612276963
C04;157,0;2034,2604465335653;5044,10147516932;385,1072682784376
C04;158,0;1983,1738331780914;4913,939296696334;375,43602576450684
C04;159,0;1933,7465696461802;4786,702558063906;366,0789159265364
C04;160,0;1885,9329643337037;4662,3718599231925;357,0272888549844
C04;161,0;1839,6881461175753;4540,92501593115;348,2726499661469
C04;162,0;1794,9680757145454;4422,33725771995;339,8066621525037
C04;163,0;1751,7295549051566;4306,58143173043;331,62114752890704
C04;164,0;1709,9302337567458;4193,628187998817;323,70808879997816
C04;165,0;1669,528615973717;4083,4461610049366;316,05963027296656
C04;166,0;1630,4840624977348;3976,0021427044844;308,66807853930885
C04;167,0;1592,7567934750691;3871,2612478827446;301,52590284706514
C04;168,0;1556,307888703065;3769,1870719784033;294,6257351854434
C04;169,0;1521,0992866625488;3669,7418415368043;287,9603701016208
C04;170,0;1487,0937822380297;3572,886557461087;281,5227642691562
C04;171,0;1454,255023222701;3518,0632374724373;275,30603582634683
C04;172,0;1422,5475057005428;3512,0606651481035;269,30346350201324
C04;173,0;1391,9365683933447;3506,2656871914187;263,5084855453284
C04;174,0;1362,3883860560004;3500,6719001215683;257,914698475478
C04;175,0;1333,8699619992713;3495,273057312228;252,5158556661376
C04;176,0;1306,3491198150364;3490,0630674250665;247,30586577897623
C04;177,0;1279,794494375194;3485,03599270574;242,27879105964962
C04;178,0;1254,1755221714757;3480,1860471551163;237,42884550902588
C04;179,0;1229,4624310598824;3475,507594587787;232,75039294169648
C04;180,0;1205,6262294698342;3470,9951465892427;228,23794494315234
C04;181,0;1182,6386951348168;3466,6433603824667;223,88615873637616
C04;182,0;1160,4723633980225;3462,4470366140636;219,6898349679733
C04;183,0;1139,1005151433853;3458,4011170694794;215,64391542338922
C04;184,0;1118,4971643994177;3454,5006823262725;211,74348068018188
C04;185,0;1098,6370456604056;3450,74094935388;207,98374770778935
C04;186,0;1079,4956009667771;3447,1172690677945;204,36006742170417
C04;187,0;1061,0489667838428;3443,6251238455707;200,86792219948035
C04;188,0;1043,2739607156248;3440,2601250116068;197,5029233655165
C04;189,0;1026,1480680880684;3437,018010297207;194,26080865111675
C04;190,0;1009,6494284337069;3433,894641281982;191,13743963589133
C04;191,0;993,7568219076206;3430,886000822244;188,12879917615356
C04;192,0;978,4496556625268;3427,988190471668;185,2309888255777
C04;193,0;963,7079502088118;3425,197427899098;182,44022625300767
C04;194,0;949,512325783498;3422,5100443080464;179,75284266195618
C04;195,0;935,8439887503172;3419,922481862084;177,16528021599362
C04;196,0;922,6847180514101;3417,4312911199995;174,67408947390936
C04;197,0;910,0168517295458;3415,033128484314;172,27592683822397
C04;198,0;897,8232735382501;3412,7247536664336;169,96755202034302
C04;199,0;886,0873996557889;3410,5030271714627;167,7458255253721
C04;200,0;874,793165517595;3408,364907805445;165,60770615935462
C04;201,0;863,9250127804395;3406,3074502075397;163,55024856144922
C04;202,0;853,4678764304288;3404,327802409427;161,57060076333659
C04;203,0;843,4071720457692;3402,423203424014;159,66600177792384
C04;204,0;833,7287832241556;3400,590980865305;157,83377921921488
C04;205,0;824,4190491836107;3398,828548601107;156,0713469550166
C04;206,0;815,4647525446641;3397,1334044400655;154,37620279397498
C04;207,0;806,8531073008367;3395,5031278543483;152,74592620825817
C04;208,0;798,5717469835557;3393,9353777391398;151,17817609304944
C04;209,0;790,608713026839;3392,427890209947;149,67068856385663
C04;210,0;782,9524433363216;3390,978476438597;148,2212747925068
C04;211,0;775,591761066525;3389,5850205286533;146,827818882563
C04;212,0;768,5158636095896;3388,2454774308644;145,48827578477426
C04;213,0;761,7143117981077;3386,9578708991457;144,20066925305534
C04;214,0;755,1770193241022;3385,7202914874774;142,96308984138687
C04;215,0;748,8942423756862;3384,5308945880142;141,77369294192383
C04;216,0;742,8565694924317;3383,387898510599;140,6306968645086
C04;217,0;737,05491164003;3382,289582603788;139,53238095769746
C04;218,0;731,4804925043923;3381,234285417421;138,47708377133048
C04;219,0;726,1248390049553;3380,220402906689;137,46320126059857
C04;220,0;720,9797720265932;3379,2463866775856;136,4891850314953
C04;221,0;716,0373973691994;3378,310742273566;135,55354062747574
C04;222,0;711,2900969137004;3377,4120275031787;134,6548258570885
C04;223,0;706,7305200029791;3376,5488508083827;133,7916491622924
C04;224,0;702,3515750359345;3375,719869673212;132,96266802712174
C04;225,0;698,14642127266;3374,9237890724094;132,16658742631913
C04;226,0;694,1084608485205;3374,159359959605;131,40215831351466
C04;227,0;690,2313309947076;3373,425377794584;130,66817614849398
C04;228,0;686,5088964626866;3372,720681109155;129,96347946306474
C04;229,0;682,9352421497834;3372,044150111092;129,2869484650017
C04;230,0;679,5046659230313;3371,3947053256143;128,63750367952366
C04;231,0;676,211671638264;3370,771306273824;128,0141046277335
C04;232,0;673,050962351342;3370,1729501875207;127,4157485414305
C04;233,0;670,0174337183;3369,598670759778;126,84146911368764
C04;234,0;667,1061675811204;3369,0475369306605;126,29033528456993
C04;235,0;664,3124257357725;3368,518651707448;125,76145006135754
C04;236,0;661,6316438790972;3368,0111510187166;125,2539493726262
C04;237,0;659,0594257310669;3367,524202601619;124,76700095552842
C04;238,0;656,591537328919;3367,0570049217017;124,29980327561151
C04;239,0;654,2239014896237;3366,608786124594;123,85158447850377
C04;240,0;651,9525924371363;3366,1788030188864;123,42160137279578
C04;241,0;649,7738305908658;3365,766340089532;123,00913844344161
C04;242,0;647,6839775117876;3365,3707085410947;122,61350689500419
C04;243,0;645,6795310026337;3364,991245370159;122,23404372406857
C04;244,0;643,7571203585951;3364,62731246624;121,87011082014928
C04;245,0;641,9135017649933;3364,2782957405107;121,52109409442018
C04;246,0;640,145553838389;3363,943604281689;121,18640263559872
C04;247,0;638,4502733076251;3363,6226695384116;120,86546789232112
C04;248,0;636,8247708313273;3363,3149445274407;120,55774288135036
C04;249,0;635,2662669484166;3363,0199030670556;120,26270142096519
C04;250,0;633,7720881582295;3362,737039034975;119,97983738888458
C04;251,0;632,3396631268713;3362,4658656501806;119,70866400409014
C04;252,0;630,9665190164808;3362,205914778007;119,4487131319163
C04;253,0;629,6502779341192;3361,9567362578778;119,19953461178734
C04;254,0;628,3886534970526;3361,7178972530787;118,96069560698834
C04;255,0;627,1794475112384;3361,4889816219575;118,7317799758673
C04;256,0;626,0205467598837;3361,269589309965;118,51238766387472
C04;257,0;624,9099198989904;3361,0593357619478;118,30213411585724
C04;258,0;623,8456144568614;3360,8578513541224;118,10064970803198
C04;259,0;622,8257539345939;3360,6647808451694;117,90757919907885
C04;260,0;621,8485350046412;3360,4797828458886;117,72258119979843
C04;261,0;620,9122248045866;3360,3025293068845;117,54532766079424
C04;262,0;620,0151583233225;3360,132705023739;117,37550337764874
C04;263,0;619,1557358768947;3359,9700071591637;117,21280551307346
C04;264,0;618,3324206713237;3359,814144781615;117,05694313552499
C04;265,0;617,5437364497753;3359,6648384198797;116,90763677378928
C04;266,0;616,7882652215138;3359,5218196331384;116,76461798704811
C04;267,0;616,0646450701257;3359,384830596043;116,62762894995252
C04;268,0;615,3715680385653;3359,2536236983296;116,49642205223913
C04;269,0;614,7077780886254;3359,1279611585264;116,3707595124362
C04;270,0;614,0720691325015;3359,007614651308;116,25041300521771
C04;271,0;613,4632831341695;3358,8923649480644;116,1351633019738
C04;272,0;612,8803082783579;3358,782001570268;116,02479992417764
C04;273,0;612,3220772049498;3358,676322455229;115,91912080913872
C04;274,0;611,7875653067058;3358,575133633834;115,81793198774378
C04;275,0;611,275789088258;3358,478248919887;115,72104727379669
C04;276,0;610,7858045843738;3358,385489610669;115,62828796457883
C04;277,0;610,3167058355464;3358,2966841983525;115,53948255226224
C04;278,0;609,867623419022;3358,2116680919075;115,45446644581715
C04;279,0;609,4377230334228;3358,1302833491563;115,373081703066
C04;280,0;609,0262041351787;3358,0523784186357;115,29517677254552
C04;281,0;608,6322986250315;3357,977807890938;115,2206062448478
C04;282,0;608,2552695829232;3357,9064322592117;115,1492306131211
C04;283,0;607,8944100496295;3357,8381176885105;115,08091604242011
C04;284,0;607,5490418535479;3357,7727357936947;115,01553414760428
C04;285,0;607,2185144810956;3357,710163425583;114,95296177949221
C04;286,0;606,9022039892194;3357,6502824650784;114,89308081898795
C04;287,0;606,5995119585632;3357,5929796249948;114,83577797890457
C04;288,0;606,3098644858837;3357,538146259308;114,78094461321759
C04;289,0;606,0327112143483;3357,48567817958;114,72847653348997
C04;290,0;605,7675244003889;3357,435475478308;114,67827383221768
C04;291,0;605,5137980158299;3357,387442358943;114,63024071285277
C04;292,0;605,271046884044;3357,341486972359;114,58428532626849
C04;293,0;605,0388058489339;3357,297521259529;114,54031961343863
C04;294,0;604,8166289755706;3357,2554608002;114,49825915410985
C04;295,0;604,6040887813616;3357,215224667344;114,45802302125347
C04;296,0;604,4007754966532;3357,1767352871802;114,41953364108969
C04;297,0;604,2062963537103;3357,139918304574;114,3827166584838
C04;298,0;604,0202749030503;3357,1047024536115;114,3475008075209
C04;299,0;603,8423503561398;3357,071019433162;114,3138177870713
C04;300,0;603,672176953497;3357,0388037872563;114,28160214116565
C04;301,0;603,5094233572747;3357,0079927900947;114,25079114400427
C04;302,0;603,3537720674267;3356,9785263355216;114,2213246894313
C04;303,0;603,2049188605941;3356,9503468308003;114,19314518470982
C04;304,0;603,0625722508743;3356,92339909453;114,16619744843972
C04;305,0;602,926452971665;3356,8976302585556;114,14042861246512
C04;306,0;602,7962934778025;3356,8729896737145;114,11578802762394
C04;307,0;602,6718374672406;3356,849428819287;114,09222717319646
C04;308,0;602,5528394215414;3356,826901216006;114,0696995699155
C04;309,0;602,4390641644763;3356,805362342495;114,04816069640464
C04;310,0;602,3302864380562;3356,7847695550067;114,0275679089164
C04;311,0;602,2262904953383;3356,7650820103363;114,0078803642461
C04;312,0;602,1268697093759;3356,746260591792;113,98905894570194
C04;313,0;602,0318261977012;3356,7282678381057;113,97106619201544
C04;314,0;601,9409704617519;3356,7110678751715;113,95386622908127
C04;315,0;601,8541210406764;3356,6946263505088;113,93742470441862
C04;316,0;601,7711041789661;3356,678910370341;113,92170872425058
C04;317,0;601,6917535073893;3356,663888439192;113,90668679310158
C04;318,0;601,615909736718;3356,6495304019068;113,89232875581635
C04;319,0;601,5434203637532;3356,6358073879983;113,87860574190768
C04;320,0;601,4741393891799;3356,6226917582335;113,86549011214301
C04;321,0;601,4079270467914;3356,6101570533747;113,85295540728407
C04;322,0;601,3446495436475;3356,598177944986;113,84097629889567
C04;323,0;601,2841788107386;3356,5867301882345;113,82952854214406
C04;324,0;601,2263922637517;3356,5757905765977;113,81858893050718
C04;325,0;601,1711725735422;3356,565336898413;113,80813525232257
C04;326,0;601,1184074459344;3356,5553478951915;113,79814624910125
C04;327,0;601,0679894104853;3356,545803221629;113,78860157553851
C04;328,0;601,019815617861;3356,536683407245;113,77948176115497
C04;329,0;600,973787645487;3298,002526228557;113,77076817350421
C04;330,0;600,9298113111475;2788,8831764287524;113,76244298288508
C04;331,0;600,8877964942196;2392,050150740819;113,75448912849936
C04;332,0;600,847656964241;2079,273746187366;113,74689028599795
C04;333,0;600,8093102165212;1827,2839961604216;113,73963083636019
C04;334,0;600,7726773145173;1629,4087921364583;113,73269583605386
C04;335,0;600,7376827387029;1466,5799053149403;113,72607098842464
C04;336,0;600,7042542416757;1330,1390524893359;113,71974261626623
C04;337,0;600,6723227092515;1220,5472112633715;113,71369763552407
C04;338,0;600,6418220273066;1131,4481797201183;113,70792353008716
C04;339,0;600,6126889541389;1058,2271029346996;113,70240832762461
C04;340,0;600,584862998125;997,47413168112;113,6971405764249
C04;341,0;600,5582863004622;942,6454108346095;113,69210932319761
C04;342,0;600,532903522789;895,7932179056535;113,6873040917988
C04;343,0;600,508661739488;856,7187207945715;113,68271486284281
C04;344,0;600,4855103344829;823,8727631586636;113,67833205416484
C04;345,0;600,463400902346;796,065660100236;113,6741465020995
C04;346,0;600,4422871535432;772,372802776358;113,6701494435427
C04;347,0;600,4221248236469;752,0677142863801;113,66633249876469
C04;348,0;600,4028715863569;734,5738521973223;113,66268765494398
C04;349,0;600,3844869701735;719,4294272168736;113,65920725039264
C04;350,0;600,3669322785731;706,2613970801549;113,65588395944472
C04;351,0;600,3501705135446;694,7660185574804;113,65271077798084
C04;352,0;600,334166302348;684,6941472621331;113,64968100956283
C04;353,0;600,3188858273626;675,8400154648128;113,64678825215331
C04;354,0;600,3042967589009;668,0325857272406;113,6440263853965
C04;355,0;600,2903681908618;661,1288316578957;113,64138955843674
C04;356,0;600,2770705791094;655,0084741556997;113,63887217825302
C04;357,0;600,2643756824643;649,5698266760637;113,63646889848796
C04;358,0;600,2522565061995;644,726492532514;113,63417460875083
C04;359,0;600,2406872479359;640,4047218855162;113,6319844243752
C04;360,0;600,2296432458403;636,5412832245429;113,62989367661224
C04;361,0;600,2191009290294;633,0817388675143;113,62789790324149
C04;362,0;600,2090377700872;629,9790397861987;113,62599283958207
C04;363,0;600,1994322396093;627,192374372653;113,62417440988739
C04;364,0;600,1902637626896;624,6862203296919;113,62243871910755
C04;365,0;600,1815126772668;622,4295599410019;113,62078204500402
C04;366,0;600,1731601942558;620,3952274504384;113,61920083060191
C04;367,0;600,1651883593863;618,5593638076422;113,61769167696575
C04;368,0;600,1575800166792;616,9009590963198;113,61625133628515
C04;369,0;600,1503187734919;615,4014669057835;113,61487670525747
C04;370,0;600,1433889670657;614,044477998333;113,61356481875491
C04;371,0;600,1367756325129;612,8154430618492;113,61231284376413
C04;372,0;600,1304644721836;611,7014362669005;113,61111807358695
C04;373,0;600,1244418263515;610,6909528836859;113,60997792229112
C04;374,0;600,1186946451675;609,7737354420597;113,6088899194005
C04;375,0;600,1132104618223;608,9406239039448;113,60785170481475
C04;376,0;600,1079773668719;608,1834261124922;113,60686102394868
C04;377,0;600,1029839836726;607,494805426138;113,60591572308192
C04;378,0;600,0982194448816;606,8681829688428;113,60501374491017
C04;379,0;600,0936733699752;606,2976523547146;113,60415312428927
C04;380,0;600,089335843745;605,777905094694;113,60333198416413
C04;381,0;600,0851973957257;605,304165180261;113,6025485316744
C04;382,0;600,0812489805202;604,8721315759025;113,60180105442957
C04;383,0;600,0774819589788;604,4779275481301;113,6010879169462
C04;384,0;600,0738880801994;604,1180559214542;113,60040755724023
C04;385,0;600,0704594643126;603,7893594872917;113,59975848356811
C04;386,0;600,067188586018;603,4889859049712;113,59913927130987
C04;387,0;600,0640682588383;603,214356528933;113,59854855998854
C04;388,0;600,0610916200643;602,9631386760138;113,59798505041981
C04;389,0;600,058252116356;602,7332209140666;113,59744750198632
C04;390,0;600,0555434899763;602,5226910100574;113,59693473003146
C04;391,0;600,0529597656265;602,3298162242063;113,59644560336724
C04;392,0;600,05049523786;602,1530256777887;113,59597904189161
C04;393,0;600,0481444590486;601,9908945574355;113,59553401431023
C04;394,0;600,045902227877;601,8421299487526;113,59510953595851
C04;395,0;600,0437635783442;601,7055581179794;113,59470466671927
C04;396,0;600,0417237692473;601,5801130825886;113,5943185090321
C04;397,0;600,0397782741302;601,464826330951;113,59395020599045
C04;398,0;600,0379227716742;601,3588175677977;113,59359893952242
C04;399,0;600,036153136513;601,2612863766494;113,59326392865204
C04;400,0;600,0344654304527;601,1715047029162;113,59294442783707
C04;401,0;600,0328558940803;601,0888100723434;113,5926397253804
C04;402,0;600,0313209387431;601,0125994690355;113,59234914191165
C04;403,0;600,0298571388821;600,9423238056999;113,59207202893593
C04;404,0;600,0284612247067;600,877482926099;113,59180776744681
C04;405,0;600,0271300751921;600,817621086218;113,59155576660093
C04;406,0;600,0258607113882;600,7623228663477;113,5913154624512
C04;407,0;600,024650290026;600,7112094713701;113,59108631673632
C04;408,0;600,0234960974063;600,6639353809785;113,59086781572404
C04;409,0;600,0223955435619;600,6201853155558;113,59065946910582
C04;410,0;600,021346156678;600,5796714869647;113,59046080894066
C04;411,0;600,0203455777615;600,542131106624;113,59027138864602
C04;412,0;600,0193915555484;600,5073241260457;113,59009078203343
C04;413,0;600,0184819416367;600,4750311875308;113,58991858238743
C04;414,0;600,0176146858373;600,4450517648887;113,58975440158534
C04;415,0;600,0167878317332;600,4172024761097;113,58959786925642
C04;416,0;600,0159995124347;600,3913155516566;113,58944863197856
C04;417,0;600,0152479465273;600,3672374436462;113,58930635251082
C04;418,0;600,014531434198;600,3448275626597;113,5891707090605
C04;419,0;600,013848353537;600,3239571301602;113,58904139458268
C04;420,0;600,013197157004;600,3045081357061;113,58891811611146
C04;421,0;600,0125763680536;600,2863723891456;113,58880059412095
C04;422,0;600,0119845779109;600,269450658951;113,58868856191502
C04;423,0;600,0114204424929;600,2536518886783;113,58858176504437
C04;424,0;600,0108826794675;600,2388924843021;113,58847996074984
C04;425,0;600,0103700654454;600,2250956658611;113,58838291743069
C04;426,0;600,0098814332969;600,2121908774964;113,58829041413681
C04;427,0;600,0094156695905;600,2001132504638;113,58820224008372
C04;428,0;600,0089717121471;600,1888031142889;113,5881181941895
C04;429,0;600,0085485477026;600,1782055516053;113,5880380846325
C04;430,0;600,0081452096784;600,1682699927092;113,58796172842898
C04;431,0;600,0077607760502;600,1589498461774;113,58788895102987
C04;432,0;600,0073943673139;600,1502021622609;113,58781958593565
C04;433,0;600,0070451445436;600,1419873260743;113,5877534743287
C04;434,0;600,006712307537;600,1342687778643;113,58769046472213
C04;435,0;600,0063950930448;600,1270127579077;113,58763041262469
C04;436,0;600,0060927730798;600,1201880738004;113,58757318022062
C04;437,0;600,005804653303;600,113765888116;113,58751863606412
C04;438,0;600,0055300714829;600,107719524592;113,58746665478766
C04;439,0;600,0052683960238;600,1020242911907;113,58741711682342
C04;440,0;600,0050190245618;600,0966573184849;113,58736990813748
C04;441,0;600,0047813826236;600,0915974120342;113,58732491997593
C04;442,0;600,0045549223477;600,0868249174656;113,58728204862265
C04;443,0;600,0043391212613;600,0823215971373;113,587241195168
C04;444,0;600,0041334811148;600,0780705173609;113,58720226528803
C04;445,0;600,0039375267688;600,0740559452258;113,58716516903371
C04;446,0;600,0037508051313;600,0702632541771;113,58712982062987
C04;447,0;600,0035728841432;600,0666788375936;113,58709613828313
C04;448,0;600,0034033518109;600,0632900296185;113,58706404399871
C04;449,0;600,0032418152823;600,0600850326464;113,58703346340546
C04;450,0;600,0030878999646;600,0570528508473;113,587004325589
C04;451,0;600,0029412486834;600,0541832292239;113,58697656293238
C04;452,0;600,0028015208794;600,0514665976995;113,58695011096403
C04;453,0;600,0026683918413;600,0488940198087;113,58692490821271
C04;454,0;600,0025415519757;600,0464571455889;113,58690089606901
C04;455,0;600,0024207061078;600,0441481683024;113,58687801865322
C04;456,0;600,0023055728162;600,0419597846727;113,58685622268925
C04;457,0;600,0021958837971;600,0398851583149;113,58683545738428
C04;458,0;600,0020913832573;600,0379178860928;113,58681567431398
C04;459,0;600,0019918273365;600,036051967163;113,58679682731298
C04;460,0;600,0018969835545;600,0342817744622;113,58677887237026
C04;461,0;600,0018066302842;600,032602028435;113,58676176752947
C04;462,0;600,0017205562496;600,0310077728168;113,58674547279374
C04;463,0;600,0016385600452;600,029494352295;113,58672995003492
C04;464,0;600,0015604496796;600,0280573918942;113,58671516290696
C04;465,0;600,0014860421378;600,0266927779327;113,58670107676316
C04;466,0;600,0014151629656;600,0253966404393;113,5866876585775
C04;467,0;600,0013476458719;600,0241653368831;113,58667487686924
C04;468,0;600,0012833323493;600,0229954371265;113,5866627016313
C04;469,0;600,0012220713134;600,0218837095065;113,58665110426172
C04;470,0;600,0011637187567;600,0208271079262;113,5866400574984
C04;471,0;600,0011081374207;600,0198227599035;113,5866295353568
C04;472,0;600,0010551964813;600,018867955485;113,58661951307052
C04;473,0;600,0010047712493;600,0179601369535;113,58660996703458
C04;474,0;600,0009567428854;600,0170968892795;113,5866008747514
C04;475,0;600,0009109981272;600,0162759312402;113,58659221477923
C04;476,0;600,0008674290299;600,0154951071681;113,58658396668295
C04;477,0;600,000825932718;600,0147523792735;113,58657611098711
C04;478,0;600,0007864111493;600,0140458204964;113,58656862913128
C04;479,0;600,000748770889;600,0133736078479;113,58656150342728
C04;480,0;600,0007129228954;600,012734016205;113,58655471701853
C05;0,0;600,0;421,4501322380105;113,58641975308645
C05;1,0;602,0730252219284;420,04615824612716;113,97886560811429
C05;2,0;615,6917366914672;420,82840253913895;116,55703340390629
C05;3,0;650,1096337094854;425,4803130273867;123,07270956675148
C05;4,0;712,3864302716262;435,3268987733037;134,86237349205965
C05;5,0;807,6922804725331;451,4331479055998;152,90479066846797
C05;6,0;939,578770874094;474,4749794885428;177,87231443265648
C05;7,0;1110,2198372612952;506,6697293300607;210,17649408894135
C05;8,0;1320,6254897546692;546,3890720848169;250,00853535983208
C05;9,0;1570,830978959158;593,6438940291027;297,37511156201117
C05;10,0;1860,0638049961954;648,2941555639336;352,1299802030351
C05;11,0;2186,8907593063777;710,0925615606686;414,00181956786696
C05;12,0;2549,346994559396;778,6709226112098;482,61866303382175
C05;13,0;2945,048939510288;853,5815380215596;557,5292750609964
C05;14,0;3371,2927119421097;934,3157793925607;638,2217818152961
C05;15,0;3825,1395327745504;1020,3202242354544;724,1398409730917
C05;16,0;4303,48950692258;1111,030033378998;814,6966092271856
C05;17,0;4803,145010566519;1205,8491072877146;909,2867421752527
C05;18,0;5320,864809227682;1304,1639486702593;1007,2966394506035
C05;19,0;5853,409925584;1405,3597404699588;1108,1131279904453
C05;20,0;6397,582179524259;1508,8289493296484;1211,1307580805135
C05;21,0;6950,256234804096;1613,9794127735695;1315,7578701299403
C05;22,0;7508,405906163199;1720,2375348123862;1421,421574890011
C05;23,0;8069,125407273852;1827,052533956576;1527,5717759181712
C05;24,0;8629,646152846582;1933,8984526056793;1633,6843503963996
C05;25,0;9187,349667093044;2040,291332961477;1739,2635928413492
C05;26,0;9739,777095054598;2145,774205631076;1843,8440157006141
C05;27,0;10284,635762599604;2249,90052245653;1946,9915912304057
C05;28,0;10819,8031847608;2352,2125403015502;2048,3045103167033
C05;29,0;11343,328880145813;2452,354940958125;2147,4135259625846
C05;30,0;11853,434311058632;2550,019312621966;2243,9819419525716
C05;31,0;12348,511234394355;2644,8997169574654;2337,7053006593687
C05;32,0;12827,11871701698;2736,7197394011605;2428,3108180229383
C05;33,0;13287,97904092603;2825,2354858337662;2515,556608354733
C05;34,0;13729,972697810983;2910,5000027990873;2599,2307367532926
C05;35,0;14152,132649350526;2992,584209817745;2679,1501325174804
C05;36,0;14553,638008623728;3071,1289465227337;2755,1593929700134
C05;37,0;14933,807279066135;3146,2862520579743;2827,1295035195067
C05;38,0;15292,09127034545;3217,888807661831;2894,956496559946
C05;39,0;15628,065795183416;3285,3321671410044;2958,560068900927
C05;40,0;15941,424237360823;3348,6562019734097;3017,882174811488
C05;41,0;16231,970068771821;3407,8524222410565;3072,8856094184202
C05;42,0;16499,609382313687;3462,541770965878;3123,55259510241
C05;43,0;16744,343497492064;3513,049116335967;3169,8833816599954
C05;44,0;16966,26168678126;3559,072494678193;3211,8948693257416
C05;45,0;17165,53406290655;3600,8428559560057;3249,619262258678
C05;46,0;17342,404660219705;3638,332491094749;3283,1027587726635
C05;47,0;17497,18473713819;3695,686929286288;3312,40428341646
C05;48,0;17630,246321136627;3828,233246373033;3337,594264971555
C05;49,0;17742,016012947275;3980,5174421397596;3358,7534635210177
C05;50,0;17832,969062381486;4141,793741152037;3375,9718489391125
C05;51,0;17903,623724468413;4297,018439184482;3389,3475324479773
C05;52,0;17954,535901368436;4433,668533411885;3398,9857522744924
C05;53,0;17986,294072708497;4560,060356531496;3404,997913908531
C05;54,0;17999,514514561488;4674,451624816081;3407,5006850045893
C05;55,0;17994,836805211777;4776,051324424701;3406,6151445751234
C05;56,0;17972,91961407818;4861,501484889341;3402,465985788608
C05;57,0;17934,4367686707;4930,793489136356;3395,180771402362
C05;58,0;17880,07359320866;4988,639155549708;3384,889240623793
C05;59,0;17810,52351149829;5035,483114881772;3371,722665998766
C05;60,0;17726,484905832207;5071,968678410611;3355,8132587676805
C05;61,0;17628,658223010345;5098,848471192614;3337,293621004254
C05;62,0;17517,74331807004;5116,914639820903;3316,2962427552143
C05;63,0;17394,437025935666;5126,961889937594;3292,9530423275946
C05;64,0;17259,430950937294;5129,759957993119;3267,3949478209584
C05;65,0;17113,40946398961;5126,029563637186;3239,7515179719435
C05;66,0;16957,04789715301;5116,434202844297;3210,150600365356
C05;67,0;16791,010925306102;5101,577571292859;3178,718025067465
C05;68,0;16615,95112473257;5134,167584945156;3145,577331751071
C05;69,0;16432,507698555106;5244,26424277304;3110,8495284065075
C05;70,0;16241,305359126802;5436,308261601353;3074,652879766382
C05;71,0;16042,953357708182;5593,225579935304;3037,1027236130485
C05;72,0;15838,044652008452;5717,414032300962;2998,3113131852633
C05;73,0;15627,155202447417;5812,292439728302;2958,387683953035
C05;74,0;15410,843388293562;5877,747540571521;2917,437543086315
C05;75,0;15189,649535149563;5922,563301952898;2875,5631800029546
C05;76,0;14964,09554558486;5950,254997814249;2832,863396443488
C05;77,0;14734,684625051783;5963,592562928854;2789,4334545841343
C05;78,0;14501,901095564177;5964,999987638241;2745,3650417641607
C05;79,0;14266,210289962448;5943,5034521152165;2700,746250469126
C05;80,0;14028,058519934102;5898,4187739229155;2655,661572276825
C05;81,0;13787,873111301904;5852,949106183811;2610,19190453772
C05;82,0;13546,062500431135;5807,171770271947;2564,414568625857
C05;83,0;13303,016385941182;5761,160540305594;2518,4033386595033
C05;84,0;13059,10593023406;5714,985681298734;2472,2284796526433
C05;85,0;12814,68400567164;5668,71399576506;2425,95679411897
C05;86,0;12570,085480544294;5622,408877854892;2379,651676208802
C05;87,0;12325,627540274778;5576,130374162512;2333,3731725164216
C05;88,0;12081,610039592584;5529,935250396535;2287,178048750444
C05;89,0;11838,315881694916;5483,877063159138;2241,119861513047
C05;90,0;11596,011420680552;5438,006236131098;2195,249034485008
C05;91,0;11354,946883802193;5392,370140008685;2149,6129383625944
C05;92,0;11115,356810331023;5347,013175585402;2104,255973939312
C05;93,0;10877,460504064298;5301,9768594165325;2059,219657770442
C05;94,0;10641,462496732905;5257,299911547141;2014,5427099010508
C05;95,0;10407,553019780918;5213,018344824986;1970,2611431788955
C05;96,0;10175,908482193263;5169,165555358418;1926,4083537123272
C05;97,0;9946,691952241494;5125,772413716004;1883,015212069914
C05;98,0;9720,053641200731;5082,867356499327;1840,1101548532367
C05;99,0;9496,131387263933;5040,476477953124;1797,719276307034
C05;100,0;9275,051138042878;4998,623621307891;1755,8664196618006
C05;101,0;9056,927430198797;4957,330469579096;1714,5732679330054
C05;102,0;8841,86386489006;4916,616635574506;1673,8594339284155
C05;103,0;8629,9535778596;4876,499750886775;1633,7425492406844
C05;104,0;8421,279703111732;4836,995553672417;1594,2383520263274
C05;105,0;8215,915829246442;4798,117975040779;1555,3607733946892
C05;106,0;8013,926447629981;4759,879223897524;1517,1220222514332
C05;107,0;7815,367391683663;4722,289870106698;1479,5326684606075
C05;108,0;7620,286266668487;4685,358925853568;1442,6017242074772
C05;109,0;7428,722869432374;4649,093925107254;1406,3367234611633
C05;110,0;7240,709597669003;4613,501001097812;1370,743799451722
C05;111,0;7056,271848313505;4578,5849617367985;1335,8277600907081
C05;112,0;6875,4284047705205;4544,349362923687;1301,5921612775967
C05;113,0;6698,191812734795;4510,796579692726;1268,0393780466347
C05;114,0;6524,568744423784;4477,9278751660695;1235,1706735199793
C05;115,0;6354,560351096319;4445,743467289334;1202,986265643244
C05;116,0;6188,16260378078;4414,242593335083;1171,4853916889929
C05;117,0;6025,366622181742;4383,423572168376;1140,6663705222857
C05;118,0;5866,158991774946;4353,283864276242;1110,5266626301516
C05;119,0;5710,522069137749;4323,820129569996;1081,062927923906
C05;120,0;5558,434275595607;4295,028282975666;1052,271081329576
C05;121,0;5409,8703792953265;4266,90354783347;1024,1463461873798
C05;122,0;5264,801765842645;4239,440507132413;996,683305486322
C05;123,0;5123,196697665593;4212,6331526105405;969,87595096445
C05;124,0;4985,020562286258;4186,474931755446;943,717730109356
C05;125,0;4850,2361097020075;4160,958792743072;918,2015910969815
C05;126,0;4718,803679093444;4136,0772273559505;893,3200257098604
C05;127,0;4590,681415090194;4111,822311924636;869,0651102785451
C05;128,0;4465,825473837498;4088,1857463383108;845,4285446922204
C05;129,0;4344,190219116528;4065,1588911724602;822,4016895263701
C05;130,0;4225,728408779472;4042,732802983036;799,9756013369455
C05;131,0;4110,391371767103;4020,8982678177613;778,1410661716708
C05;132,0;3998,1291759815035;3999,6458329962516;756,8886313501611
C05;133,0;3888,89078729056;3978,9658372112503;736,20863556516
C05;134,0;3782,6242199430408;3958,848439003826;716,0912373577356
C05;135,0;3679,2766786748284;3939,283643665591;696,5264420195007
C05;136,0;3578,794692786816;3920,2613286210926;677,5041269750021
C05;137,0;3481,1242424748207;3901,7712673434066;659,0140656973164
C05;138,0;3386,2108776900404;3883,803151855704;641,0459502096136
C05;139,0;3293,999829806812;3866,3466138711437;623,5894122250533
C05;140,0;3204,436116371253;3849,391244622915;606,6340429768248
C05;141,0;3117,4646392012028;3832,9266134356103;590,1694117895197
C05;142,0;3033,0302761037456;3816,9422850883225;574,1850834422322
C05;143,0;2951,0779664722363;3801,4278360190906;558,6706343730003
C05;144,0;2871,5527910199085;3786,3728694193137;543,6156677732232
C05;145,0;2794,400045901934;3771,7670292658586;529,0098276197683
C05;146,0;2719,5653114723345;3757,600013337473;514,8428116913826
C05;147,0;2646,9945159163603;3743,861585261079;501,10438361498905
C05;148,0;2576,633993993015;3730,5415856323602;487,78438398626986
C05;149,0;2508,430541116255;3717,6299422539114;474,8727406078211
C05;150,0;2442,3314629971082;3705,116679533022;462,35947788693164
C05;151,0;2378,284621062581;3692,9919270799646;450,234725433874
C05;152,0;2316,238473860795;3681,2459275464244;438,4887259003339
C05;153,0;2256,1421146551793;3669,869043742489;427,1118420963987
C05;154,0;2197,9453054042197;3658,8517650693725;416,09456342328195
C05;155,0;2141,598507316485;3648,184713303813;405,4275116577227
C05;156,0;2087,052908164406;3637,85864776886;395,10144612276963
C05;157,0;2034,2604465335653;3627,864469924528;385,1072682784376
C05;158,0;1983,1738331780914;3618,193227410597;375,43602576450684
C05;159,0;1933,7465696461802;3608,836117572627;366,0789159265364
C05;160,0;1885,9329643337037;3599,7844905010747;357,0272888549844
C05;161,0;1839,6881461175753;3591,0298516122375;348,2726499661469
C05;162,0;1794,9680757145454;3582,563863798594;339,8066621525037
C05;163,0;1751,7295549051566;3574,3783491749973;331,62114752890704
C05;164,0;1709,9302337567458;3566,4652904460686;323,70808879997816
C05;165,0;1669,528615973717;3558,8168319190568;316,05963027296656
C05;166,0;1630,4840624977348;3551,425280185399;308,66807853930885
C05;167,0;1592,7567934750691;3544,2831044931554;301,52590284706514
C05;168,0;1556,307888703065;3537,3829368315337;294,6257351854434
C05;169,0;1521,0992866625488;3530,717571747711;287,9603701016208
C05;170,0;1487,0937822380297;3524,2799659152465;281,5227642691562
C05;171,0;1454,255023222701;3518,0632374724373;275,30603582634683
C05;172,0;1422,5475057005428;3512,0606651481035;269,30346350201324
C05;173,0;1391,9365683933447;3506,2656871914187;263,5084855453284
C05;174,0;1362,3883860560004;3500,6719001215683;257,914698475478
C05;175,0;1333,8699619992713;3495,273057312228;252,5158556661376
C05;176,0;1306,3491198150364;3490,0630674250665;247,30586577897623
C05;177,0;1279,794494375194;3485,03599270574;242,27879105964962
C05;178,0;1254,1755221714757;3480,1860471551163;237,42884550902588
C05;179,0;1229,4624310598824;3475,507594587787;232,75039294169648
C05;180,0;1205,6262294698342;3470,9951465892427;228,23794494315234
C05;181,0;1182,6386951348168;3466,6433603824667;223,88615873637616
C05;182,0;1160,4723633980225;3462,4470366140636;219,6898349679733
C05;183,0;1139,1005151433853;3458,4011170694794;215,64391542338922
C05;184,0;1118,4971643994177;3454,5006823262725;211,74348068018188
C05;185,0;1098,6370456604056;3450,74094935388;207,98374770778935
C05;186,0;1079,4956009667771;3447,1172690677945;204,36006742170417
C05;187,0;1061,0489667838428;3443,6251238455707;200,86792219948035
C05;188,0;1043,2739607156248;3440,2601250116068;197,5029233655165
C05;189,0;1026,1480680880684;3437,018010297207;194,26080865111675
C05;190,0;1009,6494284337069;3433,894641281982;191,13743963589133
C05;191,0;993,7568219076206;3430,886000822244;188,12879917615356
C05;192,0;978,4496556625268;3427,988190471668;185,2309888255777
C05;193,0;963,7079502088118;3425,197427899098;182,44022625300767
C05;194,0;949,512325783498;3422,5100443080464;179,75284266195618
C05;195,0;935,8439887503172;3419,922481862084;177,16528021599362
C05;196,0;922,6847180514101;3417,4312911199995;174,67408947390936
C05;197,0;910,0168517295458;3415,033128484314;172,27592683822397
C05;198,0;897,8232735382501;3412,7247536664336;169,96755202034302
C05;199,0;886,0873996557889;3410,5030271714627;167,7458255253721
C05;200,0;874,793165517595;3408,364907805445;165,60770615935462
C05;201,0;863,9250127804395;3406,3074502075397;163,55024856144922
C05;202,0;853,4678764304288;3404,327802409427;161,57060076333659
C05;203,0;843,4071720457692;3402,423203424014;159,66600177792384
C05;204,0;833,7287832241556;3400,590980865305;157,83377921921488
C05;205,0;824,4190491836107;3398,828548601107;156,0713469550166
C05;206,0;815,4647525446641;3397,1334044400655;154,37620279397498
C05;207,0;806,8531073008367;3395,5031278543483;152,74592620825817
C05;208,0;798,5717469835557;3393,9353777391398;151,17817609304944
C05;209,0;790,608713026839;3392,427890209947;149,67068856385663
C05;210,0;782,9524433363216;3390,978476438597;148,2212747925068
C05;211,0;775,591761066525;3389,5850205286533;146,827818882563
C05;212,0;768,5158636095896;3388,2454774308644;145,48827578477426
C05;213,0;761,7143117981077;3386,9578708991457;144,20066925305534
C05;214,0;755,1770193241022;3385,7202914874774;142,96308984138687
C05;215,0;748,8942423756862;3384,5308945880142;141,77369294192383
C05;216,0;742,8565694924317;3383,387898510599;140,6306968645086
C05;217,0;737,05491164003;3382,289582603788;139,53238095769746
C05;218,0;731,4804925043923;3381,234285417421;138,47708377133048
C05;219,0;726,1248390049553;3380,220402906689;137,46320126059857
C05;220,0;720,9797720265932;3379,2463866775856;136,4891850314953
C05;221,0;716,0373973691994;3378,310742273566;135,55354062747574
C05;222,0;711,2900969137004;3377,4120275031787;134,6548258570885
C05;223,0;706,7305200029791;3376,5488508083827;133,7916491622924
C05;224,0;702,3515750359345;3375,719869673212;132,96266802712174
C05;225,0;698,14642127266;3374,9237890724094;132,16658742631913
C05;226,0;694,1084608485205;3374,159359959605;131,40215831351466
C05;227,0;690,2313309947076;3373,425377794584;130,66817614849398
C05;228,0;686,5088964626866;3372,720681109155;129,96347946306474
C05;229,0;682,9352421497834;3372,044150111092;129,2869484650017
C05;230,0;679,5046659230313;3371,3947053256143;128,63750367952366
C05;231,0;676,211671638264;3370,771306273824;128,0141046277335
C05;232,0;673,050962351342;3370,1729501875207;127,4157485414305
C05;233,0;670,0174337183;3363,4770025899356;126,84146911368764
C05;234,0;667,1061675811204;3354,0659218069695;126,29033528456993
C05;235,0;664,3124257357725;3346,3902151818515;125,76145006135754
C05;236,0;661,6316438790972;3340,1141465496244;125,2539493726262
C05;237,0;659,0594257310669;3334,9683159188116;124,76700095552842
C05;238,0;656,591537328919;3330,7362555008485;124,29980327561151
C05;239,0;654,2239014896237;3327,2438283768993;123,85158447850377
C05;240,0;651,9525924371363;3324,350812362408;123,42160137279578
C05;241,0;649,7738305908658;3321,9441979426974;123,00913844344161
C05;242,0;647,6839775117876;3319,9328375670557;122,61350689500419
C05;243,0;645,6795310026337;3318,2431648764077;122,23404372406857
C05;244,0;643,7571203585951;3316,8157640451072;121,87011082014928
C05;245,0;641,9135017649933;3315,602616557399;121,52109409442018
C05;246,0;640,145553838389;3314,564889116619;121,18640263559872
C05;247,0;638,4502733076251;3313,6711546656443;120,86546789232112
C05;248,0;636,8247708313273;3312,8959606223857;120,55774288135036
C05;249,0;635,2662669484166;3312,2186758381936;120,26270142096519
C05;250,0;633,7720881582295;3311,6225615395433;119,97983738888458
C05;251,0;632,3396631268713;3311,094022422376;119,70866400409014
C05;252,0;630,9665190164808;3310,622002749566;119,4487131319163
C05;253,0;629,6502779341192;3310,1974992279634;119,19953461178734
C05;254,0;628,3886534970526;3309,813167979908;118,96069560698834
C05;255,0;627,1794475112384;3309,4630073601434;118,7317799758673
C05;256,0;626,0205467598837;3309,1421019279537;118,51238766387472
C05;257,0;624,9099198989904;3308,846415742512;118,30213411585724
C05;258,0;623,8456144568614;3308,5726254472843;118,10064970803198
C05;259,0;622,8257539345939;3308,31798545815;117,90757919907885
C05;260,0;621,8485350046412;3308,0802190583504;117,72258119979843
C05;261,0;620,9122248045866;3307,857430402342;117,54532766079424
C05;262,0;620,0151583233225;3307,6480333968566;117,37550337764874
C05;263,0;619,1557358768947;3307,450694206311;117,21280551307346
C05;264,0;618,3324206713237;3307,264284757869;117,05694313552499
C05;265,0;617,5437364497753;3307,087845127922;116,90763677378928
C05;266,0;616,7882652215138;3306,9205531004745;116,76461798704811
C05;267,0;616,0646450701257;3306,761699517577;116,62762894995252
C05;268,0;615,3715680385653;3306,610668307968;116,49642205223913
C05;269,0;614,7077780886254;3306,4669202948667;116,3707595124362
C05;270,0;614,0720691325015;3306,329980057009;116,25041300521771
C05;271,0;613,4632831341695;3306,1994252569702;116,1351633019738
C05;272,0;612,8803082783579;3306,0748779635574;116,02479992417764
C05;273,0;612,3220772049498;3305,955997586394;115,91912080913872
C05;274,0;611,7875653067058;3305,842475114093;115,81793198774378
C05;275,0;611,275789088258;3305,7340284070374;115,72104727379669
C05;276,0;610,7858045843738;3305,630398343528;115,62828796457883
C05;277,0;610,3167058355464;3305,5313456569033;115,53948255226224
C05;278,0;609,867623419022;3305,4366483323447;115,45446644581715
C05;279,0;609,4377230334228;3305,346099457402;115,373081703066
C05;280,0;609,0262041351787;3305,2595054406106;115,29517677254552
C05;281,0;608,6322986250315;3305,176684528933;115,2206062448478
C05;282,0;608,2552695829232;3305,0974655681953;115,1492306131211
C05;283,0;607,8944100496295;3305,0216869611972;115,08091604242011
C05;284,0;607,5490418535479;3304,949195787082;115,01553414760428
C05;285,0;607,2185144810956;3304,8798470522306;114,95296177949221
C05;286,0;606,9022039892194;3304,8135030489398;114,89308081898795
C05;287,0;606,5995119585632;3304,7500328023884;114,83577797890457
C05;288,0;606,3098644858837;3304,689311590247;114,78094461321759
C05;289,0;606,0327112143483;3304,63122052227;114,72847653348997
C05;290,0;605,7675244003889;3304,575646169519;114,67827383221768
C05;291,0;605,5137980158299;3304,522480234827;114,63024071285277
C05;292,0;605,271046884044;3304,471619257818;114,58428532626849
C05;293,0;605,0388058489339;3304,4229643487947;114,54031961343863
C05;294,0;604,8166289755706;3304,376420947146;114,49825915410985
C05;295,0;604,6040887813616;3304,3318986004915;114,45802302125347
C05;296,0;604,4007754966532;3304,2893107616123;114,41953364108969
C05;297,0;604,2062963537103;3304,2485746006846;114,3827166584838
C05;298,0;604,0202749030503;3304,209610830803;114,3475008075209
C05;299,0;603,8423503561398;3304,172343545118;114,3138177870713
C05;300,0;603,672176953497;3304,1367000642276;114,28160214116565
C05;301,0;603,5094233572747;3304,102610792631;114,25079114400427
C05;302,0;603,3537720674267;3304,0700090833566;114,2213246894313
C05;303,0;603,2049188605941;3304,038831109914;114,19314518470982
C05;304,0;603,0625722508743;3304,0090157449026;114,16619744843972
C05;305,0;602,926452971665;3303,980504444718;114,14042861246512
C05;306,0;602,7962934778025;3303,953241139851;114,11578802762394
C05;307,0;602,6718374672406;3303,9271721303826;114,09222717319646
C05;308,0;602,5528394215414;3303,9022459862877;114,0696995699155
C05;309,0;602,4390641644763;3303,8784134522207;114,04816069640464
C05;310,0;602,3302864380562;3303,8556273565378;114,0275679089164
C05;311,0;602,2262904953383;3303,833842524292;114,0078803642461
C05;312,0;602,1268697093759;3303,81301569394;113,98905894570194
C05;313,0;602,0318261977012;3303,79310543765;113,97106619201544
C05;314,0;601,9409704617519;3303,774072084919;113,95386622908127
C05;315,0;601,8541210406764;3303,7558776494416;113,93742470441862
C05;316,0;601,7711041789661;3303,738485758966;113,92170872425058
C05;317,0;601,6917535073893;3303,7218615881184;113,90668679310158
C05;318,0;601,615909736718;3303,7059717939583;113,89232875581635
C05;319,0;601,5434203637532;3303,6907844541975;113,87860574190768
C05;320,0;601,4741393891799;3303,6762690079668;113,86549011214301
C05;321,0;601,4079270467914;3303,662396198998;113,85295540728407
C05;322,0;601,3446495436475;3303,649138021136;113,84097629889567
C05;323,0;601,2841788107386;3303,636467666084;113,82952854214406
C05;324,0;601,2263922637517;3303,6243594732773;113,81858893050718
C05;325,0;601,1711725735422;3303,6127888818223;113,80813525232257
C05;326,0;601,1184074459344;3303,6017323844;113,79814624910125
C05;327,0;601,0679894104853;3303,591167483026;113,78860157553851
C05;328,0;601,019815617861;3303,5810726466616;113,77948176115497
C05;329,0;600,973787645487;3303,5714272705522;113,77076817350421
C05;330,0;600,9298113111475;3303,562211637208;113,76244298288508
C05;331,0;600,8877964942196;3303,5534068790184;113,75448912849936
C05;332,0;600,847656964241;3303,544994942393;113,74689028599795
C05;333,0;600,8093102165212;3303,536958553365;113,73963083636019
C05;334,0;600,7726773145173;3303,529281184629;113,73269583605386
C05;335,0;600,7376827387029;3303,5219470239153;113,72607098842464
C05;336,0;600,7042542416757;3303,5149409437186;113,71974261626623
C05;337,0;600,6723227092515;3303,5082484721993;113,71369763552407
C05;338,0;600,6418220273066;3303,5018557653657;113,70792353008716
C05;339,0;600,6126889541389;3303,495749580367;113,70240832762461
C05;340,0;600,584862998125;3303,4899172499004;113,6971405764249
C05;341,0;600,5582863004622;3303,484346657692;113,69210932319761
C05;342,0;600,532903522789;3303,4790262149845;113,6873040917988
C05;343,0;600,508661739488;3303,473944838016;113,68271486284281
C05;344,0;600,4855103344829;3303,469091926426;113,67833205416484
C05;345,0;600,463400902346;3303,4644573425785;113,6741465020995
C05;346,0;600,4422871535432;3303,460031391731;113,6701494435427
C05;347,0;600,4221248236469;3303,4558048030517;113,66633249876469
C05;348,0;600,4028715863569;3303,4517687114117;113,66268765494398
C05;349,0;600,3844869701735;3303,4479146399635;113,65920725039264
C05;350,0;600,3669322785731;3303,4442344834415;113,65588395944472
C05;351,0;600,3501705135446;3303,4407204921577;113,65271077798084
C05;352,0;600,334166302348;3303,437365256681;113,64968100956283
C05;353,0;600,3188858273626;3303,434161693157;113,64678825215331
C05;354,0;600,3042967589009;3303,4311030292597;113,6440263853965
C05;355,0;600,2903681908618;3303,42818279072;113,64138955843674
C05;356,0;600,2770705791094;3303,4253947884245;113,63887217825302
C05;357,0;600,2643756824643;3303,422733106087;113,63646889848796
C05;358,0;600,2522565061995;3303,420192088409;113,63417460875083
C05;359,0;600,2406872479359;3303,417766329759;113,6319844243752
C05;360,0;600,2296432458403;3303,415450663344;113,62989367661224
C05;361,0;600,2191009290294;3303,4132401508036;113,62789790324149
C05;362,0;600,2090377700872;3303,4111300723093;113,62599283958207
C05;363,0;600,1994322396093;3303,40911591702;113,62417440988739
C05;364,0;600,1902637626896;3303,407193373989;113,62243871910755
C05;365,0;600,1815126772668;3303,4053583234463;113,62078204500402
C05;366,0;600,1731601942558;3303,4036068284454;113,61920083060191
C05;367,0;600,1651883593863;3303,4019351268876;113,61769167696575
C05;368,0;600,1575800166792;3303,400339623855;113,61625133628515
C05;369,0;600,1503187734919;3303,3988168843293;113,61487670525747
C05;370,0;600,1433889670657;3303,3973636261494;113,61356481875491
C05;371,0;600,1367756325129;3303,3959767133383;113,61231284376413
C05;372,0;600,1304644721836;3303,394653149677;113,61111807358695
C05;373,0;600,1244418263515;3303,3933900725724;113,60997792229112
C05;374,0;600,1186946451675;3303,392184747182;113,6088899194005
C05;375,0;600,1132104618223;3303,391034560801;113,60785170481475
C05;376,0;600,1079773668719;3303,389937017476;113,60686102394868
C05;377,0;600,1029839836726;3303,388889732871;113,60591572308192
C05;378,0;600,0982194448816;3303,3878904293506;113,60501374491017
C05;379,0;600,0936733699752;3303,3869369312533;113,60415312428927
C05;380,0;600,089335843745;3303,3860271604167;113,60333198416413
C05;381,0;600,0851973957257;3303,3851591318476;113,6025485316744
C05;382,0;600,0812489805202;3303,3843309496037;113,60180105442957
C05;383,0;600,0774819589788;3303,3835408028704;113,6010879169462
C05;384,0;600,0738880801994;3303,3827869621714;113,60040755724023
C05;385,0;600,0704594643126;3303,3820677757694;113,59975848356811
C05;386,0;600,067188586018;3303,3813816662237;113,59913927130987
C05;387,0;600,0640682588383;3303,380727127088;113,59854855998854
C05;388,0;600,0610916200643;3303,38010271976;113,59798505041981
C05;389,0;600,058252116356;3303,379507070457;113,59744750198632
C05;390,0;600,0555434899763;3303,3789388673445;113,59693473003146
C05;391,0;600,0529597656265;3303,3783968577736;113,59644560336724
C05;392,0;600,05049523786;3303,3778798456456;113,59597904189161
C05;393,0;600,0481444590486;3303,377386688882;113,59553401431023
C05;394,0;600,045902227877;3303,376916297039;113,59510953595851
C05;395,0;600,0437635783442;3303,3764676289707;113,59470466671927
C05;396,0;600,0417237692473;3303,376039690655;113,5943185090321
C05;397,0;600,0397782741302;3303,3756315330656;113,59395020599045
C05;398,0;600,0379227716742;3303,375242250183;113,59359893952242
C05;399,0;600,036153136513;3303,3748709770466;113,59326392865204
C05;400,0;600,0344654304527;3289,167755332628;113,59294442783707
C05;401,0;600,0328558940803;3241,073287148609;113,5926397253804
C05;402,0;600,0313209387431;3179,401443253365;113,59234914191165
C05;403,0;600,0298571388821;3115,1298942164517;113,59207202893593
C05;404,0;600,0284612247067;3053,8971149227823;113,59180776744681
C05;405,0;600,0271300751921;2998,320355072314;113,59155576660093
C05;406,0;600,0258607113882;2948,2523323440073;113,5913154624512
C05;407,0;600,024650290026;2904,4311440792435;113,59108631673632
C05;408,0;600,0234960974063;2867,345065347164;113,59086781572404
C05;409,0;600,0223955435619;2836,2359265806126;113,59065946910582
C05;410,0;600,021346156678;2810,3086765903754;113,59046080894066
C05;411,0;600,0203455777615;2788,804013149975;113,59027138864602
C05;412,0;600,0193915555484;2771,0325232215;113,59009078203343
C05;413,0;600,0184819416367;2756,3806905234374;113,58991858238743
C05;414,0;600,0176146858373;2744,32759299556;113,58975440158534
C05;415,0;600,0167878317332;2734,4325342649604;113,58959786925642
C05;416,0;600,0159995124347;2726,3218111851093;113,58944863197856
C05;417,0;600,0152479465273;2719,681645633776;113,58930635251082
C05;418,0;600,014531434198;2714,2504535369635;113,5891707090605
C05;419,0;600,013848353537;2709,8113107647323;113,58904139458268
C05;420,0;600,013197157004;2706,1850372863264;113,58891811611146
C05;421,0;600,0125763680536;2703,2240711587465;113,58880059412095
C05;422,0;600,0119845779109;2700,807165700331;113,58868856191502
C05;423,0;600,0114204424929;2698,8348706681154;113,58858176504437
C05;424,0;600,0108826794675;2697,225723935337;113,58847996074984
C05;425,0;600,0103700654454;2695,9130676084305;113,58838291743069
C05;426,0;600,0098814332969;2694,8424019261342;113,58829041413681
C05;427,0;600,0094156695905;2693,969195850232;113,58820224008372
C05;428,0;600,0089717121471;2693,2570816112;113,5881181941895
C05;429,0;600,0085485477026;2692,676369695908;113,5880380846325
C05;430,0;600,0081452096784;2689,493050461782;113,58796172842898
C05;431,0;600,0077607760502;2680,186996330054;113,58788895102987
C05;432,0;600,0073943673139;2667,6860958127436;113,58781958593565
C05;433,0;600,0070451445436;2653,4096110924174;113,5877534743287
C05;434,0;600,006712307537;2638,8849843437174;113,58769046472213
C05;435,0;600,0063950930448;2624,9871268535326;113,58763041262469
C05;436,0;600,0060927730798;2612,244293354574;113,58757318022062
C05;437,0;600,005804653303;2600,887937255185;113,58751863606412
C05;438,0;600,0055300714829;2590,9723950587163;113,58746665478766
C05;439,0;600,0052683960238;2582,4422904512685;113,58741711682342
C05;440,0;600,0050190245618;2575,1846781736713;113,58736990813748
C05;441,0;600,0047813826236;2569,0608763345963;113,58732491997593
C05;442,0;600,0045549223477;2563,9264535249445;113,58728204862265
C05;443,0;600,0043391212613;2559,6425411962905;113,587241195168
C05;444,0;600,0041334811148;2556,081771782202;113,58720226528803
C05;445,0;600,0039375267688;2553,1308125749174;113,58716516903371
C05;446,0;600,0037508051313;2550,6908908595874;113,58712982062987
C05;447,0;600,0035728841432;2548,677183989254;113,58709613828313
C05;448,0;600,0034033518109;2547,0176313293277;113,58706404399871
C05;449,0;600,0032418152823;2545,65150544716;113,58703346340546
C05;450,0;600,0030878999646;2544,5279413704193;113,587004325589
C05;451,0;600,0029412486834;2543,6045339923035;113,58697656293238
C05;452,0;600,0028015208794;2542,8460589674846;113,58695011096403
C05;453,0;600,0026683918413;2542,2233393059273;113,58692490821271
C05;454,0;600,0025415519757;2536,2044022651603;113,58690089606901
C05;455,0;600,0024207061078;2523,854420739338;113,58687801865322
C05;456,0;600,0023055728162;2506,9627450981557;113,58685622268925
C05;457,0;600,0021958837971;2487,690079741531;113,58683545738428
C05;458,0;600,0020913832573;2467,765302045845;113,58681567431398
C05;459,0;600,0019918273365;2448,370782547098;113,58679682731298
C05;460,0;600,0018969835545;2430,211015825194;113,58677887237026
C05;461,0;600,0018066302842;2413,6416120820886;113,58676176752947
C05;462,0;600,0017205562496;2398,783495277693;113,58674547279374
C05;463,0;600,0016385600452;2385,609525609508;113,58672995003492
C05;464,0;600,0015604496796;2374,0100251057115;113,58671516290696
C05;465,0;600,0014860421378;2363,834330542553;113,58670107676316
C05;466,0;600,0014151629656;2354,9157200675695;113,5866876585775
C05;467,0;600,0013476458719;2347,088876246882;113,58667487686924
C05;468,0;600,0012833323493;2340,1991644459886;113,5866627016313
C05;469,0;600,0012220713134;2334,10556572414;113,58665110426172
C05;470,0;600,0011637187567;2321,5358635243033;113,5866400574984
C05;471,0;600,0011081374207;2298,254830655733;113,5866295353568
C05;472,0;600,0010551964813;2262,9705611399177;113,58661951307052
C05;473,0;600,0010047712493;2216,8341903249984;113,58660996703458
C05;474,0;600,0009567428854;2159,6074368119807;113,5866008747514
C05;475,0;600,0009109981272;2096,013316437953;113,58659221477923
C05;476,0;600,0008674290299;2029,6547782513885;113,58658396668295
C05;477,0;600,000825932718;1962,7649305664984;113,58657611098711
C05;478,0;600,0007864111493;1896,9586882164883;113,58656862913128
C05;479,0;600,000748770889;1833,4068523550818;113,58656150342728
C05;480,0;600,0007129228954;1772,968870626377;113,58655471701853
