dist_km;x;y;cota_m;area_km2;cota_talvegue_m;municipio
0,0;435920,6530532915;6782838,517499063;71,5;12778,0908203125;71,3076923076923;Bento Gonçalves
0,040498506495142694;435892,01601009024;6782867,1545422645;71,5;12778,103515625;71,28571428571429;Bento Gonçalves
0,08099701299028539;435863,37896688905;6782895,791585466;71,5;12778,1298828125;71,26666666666667;Bento Gonçalves
0,12149551948542808;435834,74192368786;6782924,428628667;71,5;12778,2548828125;71,25;Bento Gonçalves
0,16199402598057078;435806,1048804867;6782953,065671868;71,5;12778,337890625;71,23529411764706;Bento Gonçalves
0,20249253247571347;435777,4678372855;6782981,702715069;71,5;12778,4208984375;71,22222222222223;Bento Gonçalves
0,24299103897085617;435748,83079408424;6783010,33975827;71,5;12778,5947265625;71,21052631578948;Bento Gonçalves
0,28348954546599886;435720,19375088305;6783038,976801472;71,5;12778,615234375;71,2;Bento Gonçalves
0,32398805196114155;435691,55670768186;6783067,613844673;71,5;12778,7138671875;71,19047619047619;Bento Gonçalves
0,36448655845628425;435662,9196644806;6783096,2508878745;71,5;12778,75390625;71,18181818181819;Bento Gonçalves
0,40498506495142694;435634,2826212794;6783124,887931075;71,5;12778,830078125;71,17391304347827;Bento Gonçalves
0,44548357144656964;435605,6455780782;6783153,524974276;71,5;12778,8583984375;71,16666666666667;Bento Gonçalves
0,48598207794171233;435577,00853487704;6783182,162017478;71,5;12778,9453125;71,16;Bento Gonçalves
0,526480584436855;435548,37149167585;6783210,799060679;71,5;12778,9853515625;71,14;Bento Gonçalves
0,5669790909319977;435519,7344484746;6783239,43610388;71,5;12779,2021484375;71,1;Bento Gonçalves
0,6074775974271404;435491,0974052734;6783268,073147082;71,0;12779,2451171875;71,06;Bento Gonçalves
0,6479761039222831;435462,4603620722;6783296,710190282;71,0;12779,2578125;71,02;Bento Gonçalves
0,6884746104174257;435433,82331887103;6783325,347233484;71,0;12779,3271484375;70,98;Bento Gonçalves
0,7289731169125685;435405,18627566984;6783353,984276685;71,0;12779,376953125;70,94;Bento Gonçalves
0,7694716234077111;435376,5492324686;6783382,621319886;71,0;12779,5458984375;70,9;Bento Gonçalves
0,8099701299028539;435347,9121892674;6783411,258363088;71,0;12779,578125;70,86;Bento Gonçalves
0,8504686363979965;435319,2751460662;6783439,895406289;71,0;12779,6162109375;70,84;Bento Gonçalves
0,8909671428931393;435290,63810286496;6783468,532449489;71,0;12779,6376953125;70,82;Bento Gonçalves
0,9314656493882819;435262,0010596638;6783497,169492691;71,0;12779,7578125;70,8;Bento Gonçalves
0,9719641558834247;435233,3640164626;6783525,806535892;71,0;12779,85546875;70,78;Bento Gonçalves
1,0124626623785673;435204,7269732614;6783554,443579094;71,0;12779,9658203125;70,76;Bento Gonçalves
1,05296116887371;435176,0899300602;6783583,080622295;71,0;12779,990234375;70,74;Bento Gonçalves
1,0934596753688526;435147,45288685896;6783611,717665496;71,0;12780,0322265625;70,72;Bento Gonçalves
1,1339581818639954;435118,81584365777;6783640,354708697;71,0;12780,0400390625;70,68;Cotiporã
1,174456688359138;435090,1788004566;6783668,991751898;71,0;12780,109375;70,64;Cotiporã
1,2149551948542807;435061,5417572553;6783697,628795099;71,0;12780,134765625;70,6;Cotiporã
1,2554537013494234;435032,90471405414;6783726,265838301;71,0;12780,16796875;70,56;Cotiporã
1,2959522078445662;435004,26767085295;6783754,902881502;71,0;12780,216796875;70,52;Cotiporã
1,3364507143397089;434975,63062765176;6783783,539924703;70,5;12780,2236328125;70,48;Cotiporã
1,3650877575409128;434946,99358445057;6783783,539924703;70,5;12780,224609375;70,44;Cotiporã
1,393724800742117;434918,3565412493;6783783,539924703;70,5;12780,2255859375;70,4;Cotiporã
1,422361843943321;434889,7194980481;6783783,539924703;70,5;12780,2255859375;70,36;Bento Gonçalves
1,450998887144525;434861,08245484694;6783783,539924703;70,5;12780,4970703125;70,32;Bento Gonçalves
1,4796359303457292;434832,4454116457;6783783,539924703;70,5;12780,5673828125;70,26;Bento Gonçalves
1,5201344368408718;434803,8083684445;6783812,176967904;70,5;12780,7470703125;70,22;Bento Gonçalves
1,5606329433360144;434775,1713252433;6783840,814011105;70,5;12780,7626953125;70,18;Bento Gonçalves
1,5892699865372186;434746,5342820421;6783840,814011105;70,5;12780,775390625;70,14;Bento Gonçalves
1,6179070297384226;434717,89723884093;6783840,814011105;70,5;12780,77734375;70,1;Bento Gonçalves
1,6465440729396266;434689,2601956397;6783840,814011105;70,5;12780,7802734375;70,06;Bento Gonçalves
1,6870425794347694;434660,6231524385;6783869,451054307;70,5;12780,8291015625;70,02;Bento Gonçalves
1,7156796226359734;434631,9861092373;6783869,451054307;70,5;12780,8310546875;69,98;Bento Gonçalves
1,7443166658371774;434603,3490660361;6783869,451054307;70,5;12780,8349609375;69,94;Bento Gonçalves
1,7729537090383816;434574,7120228349;6783869,451054307;70,0;12780,8759765625;69,9;Bento Gonçalves
1,8134522155335242;434546,0749796337;6783898,088097508;70,0;12780,97265625;69,86;Bento Gonçalves
1,8420892587347282;434517,4379364325;6783898,088097508;70,0;12780,978515625;69,82;Bento Gonçalves
1,8707263019359324;434488,8008932313;6783898,088097508;70,0;12780,9970703125;69,78;Bento Gonçalves
1,8993633451371363;434460,16385003005;6783898,088097508;70,0;12781,01171875;69,74;Bento Gonçalves
1,939861851632279;434431,52680682886;6783926,725140709;70,0;12781,048828125;69,7;Bento Gonçalves
1,9684988948334832;434402,88976362767;6783926,725140709;70,0;12781,05078125;69,68;Bento Gonçalves
1,9971359380346871;434374,2527204265;6783926,725140709;70,0;12781,052734375;69,66;Bento Gonçalves
2,025772981235891;434345,6156772253;6783926,725140709;70,0;12781,0673828125;69,64;Bento Gonçalves
2,0544100244370953;434316,97863402404;6783926,725140709;70,0;12781,0888671875;69,62;Bento Gonçalves
2,083047067638299;434288,34159082285;6783926,725140709;69,5;12781,0908203125;69,58;Bento Gonçalves
2,1116841108395032;434259,70454762166;6783926,725140709;69,5;12781,0927734375;69,54;Bento Gonçalves
2,1403211540407074;434231,0675044204;6783926,725140709;69,5;12781,09765625;69,5;Bento Gonçalves
2,1689581972419116;434202,4304612192;6783926,725140709;69,5;12781,1083984375;69,46;Bento Gonçalves
2,1975952404431154;434173,79341801803;6783926,725140709;69,5;12781,1103515625;69,42;Bento Gonçalves
2,2262322836443196;434145,15637481684;6783926,725140709;69,5;12781,111328125;69,38;Bento Gonçalves
2,2548693268455238;434116,51933161565;6783926,725140709;69,5;12781,111328125;69,36;Bento Gonçalves
2,2835063700467275;434087,8822884144;6783926,725140709;69,5;12781,4072265625;69,34;Bento Gonçalves
2,3240048765418706;434059,2452452132;6783898,088097508;69,5;12781,4443359375;69,32;Bento Gonçalves
2,364503383037013;434030,608202012;6783869,451054307;69,5;12781,453125;69,3;Bento Gonçalves
2,4050018895321554;434001,9711588108;6783840,814011105;69,5;12781,474609375;69,28;Bento Gonçalves
2,445500396027298;433973,3341156096;6783812,176967904;69,5;12781,5224609375;69,26;Bento Gonçalves
2,474137439228502;433973,3341156096;6783783,539924703;69,5;12781,525390625;69,24;Bento Gonçalves
2,514635945723645;433944,6970724084;6783754,902881502;69,5;12781,5625;69,22;Bento Gonçalves
2,5551344522187875;433916,0600292072;6783726,265838301;69,5;12781,59375;69,2;Bento Gonçalves
2,5837714954199913;433916,0600292072;6783697,628795099;69,5;12781,5966796875;69,18;Bento Gonçalves
2,6124085386211955;433916,0600292072;6783668,991751898;69,5;12781,677734375;69,16;Bento Gonçalves
2,6410455818223997;433916,0600292072;6783640,354708697;69,5;12781,6923828125;69,12;Bento Gonçalves
2,6815440883175423;433887,422986006;6783611,717665496;69,5;12781,71484375;69,08;Bento Gonçalves
2,722042594812685;433858,78594280477;6783583,080622295;69,0;12782,130859375;69,04;Bento Gonçalves
2,750679638013889;433858,78594280477;6783554,443579094;69,0;12782,1328125;69,0;Bento Gonçalves
2,779316681215093;433858,78594280477;6783525,806535892;69,0;12782,1357421875;68,96;Bento Gonçalves
2,807953724416297;433858,78594280477;6783497,169492691;69,0;12782,2216796875;68,92;Bento Gonçalves
2,8365907676175013;433858,78594280477;6783468,532449489;69,0;12782,271484375;68,88;Bento Gonçalves
2,8770892741126435;433830,1488996036;6783439,895406289;69,0;12782,28515625;68,84;Bento Gonçalves
2,917587780607786;433801,5118564024;6783411,258363088;69,0;12782,3037109375;68,82;Bento Gonçalves
2,9462248238089903;433801,5118564024;6783382,621319886;69,0;12782,3056640625;68,8;Bento Gonçalves
2,974861867010194;433801,5118564024;6783353,984276685;69,0;12782,345703125;68,78;Bento Gonçalves
3,0034989102113983;433801,5118564024;6783325,347233484;69,0;12782,359375;68,76;Bento Gonçalves
3,0321359534126024;433801,5118564024;6783296,710190282;69,0;12782,36328125;68,74;Bento Gonçalves
3,060772996613806;433801,5118564024;6783268,073147082;69,0;12782,3857421875;68,72;Bento Gonçalves
3,0894100398150104;433801,5118564024;6783239,43610388;69,0;12782,41015625;68,7;Bento Gonçalves
3,129908546310153;433772,8748132012;6783210,799060679;69,0;12782,431640625;68,68;Bento Gonçalves
3,1585455895113568;433772,8748132012;6783182,162017478;69,0;12782,4453125;68,66;Bento Gonçalves
3,187182632712561;433772,8748132012;6783153,524974276;69,0;12782,447265625;68,64;Bento Gonçalves
3,215819675913765;433772,8748132012;6783124,887931075;69,0;12782,4619140625;68,62;Bento Gonçalves
3,256318182408908;433744,23777;6783096,2508878745;68,5;12782,552734375;68,6;Bento Gonçalves
3,2968166889040504;433715,60072679876;6783067,613844673;68,5;12782,59765625;68,58;Bento Gonçalves
3,325453732105254;433715,60072679876;6783038,976801472;68,5;12782,611328125;68,54;Bento Gonçalves
3,3540907753064584;433715,60072679876;6783010,33975827;68,5;12782,6142578125;68,5;Bento Gonçalves
3,3827278185076626;433715,60072679876;6782981,702715069;68,5;12782,6884765625;68,46;Bento Gonçalves
3,4113648617088668;433715,60072679876;6782953,065671868;68,5;12782,6904296875;68,42;Bento Gonçalves
3,4400019049100705;433715,60072679876;6782924,428628667;68,5;12782,693359375;68,4;Bento Gonçalves
3,4686389481112747;433715,60072679876;6782895,791585466;68,5;12782,6962890625;68,38;Bento Gonçalves
3,497275991312479;433715,60072679876;6782867,1545422645;68,5;12782,69921875;68,36;Bento Gonçalves
3,5259130345136827;433715,60072679876;6782838,517499063;68,5;12782,7490234375;68,34;Bento Gonçalves
3,554550077714887;433715,60072679876;6782809,880455862;68,5;12782,75;68,32;Bento Gonçalves
3,583187120916091;433715,60072679876;6782781,243412661;68,5;12782,7822265625;68,3;Bento Gonçalves
3,611824164117295;433715,60072679876;6782752,60636946;68,5;12782,7841796875;68,28;Bento Gonçalves
3,640461207318499;433715,60072679876;6782723,969326259;68,5;12782,78515625;68,26;Bento Gonçalves
3,669098250519703;433715,60072679876;6782695,332283057;68,5;12782,822265625;68,24;Bento Gonçalves
3,697735293720907;433715,60072679876;6782666,695239856;68,5;12782,8232421875;68,22;Bento Gonçalves
3,726372336922111;433715,60072679876;6782638,058196655;68,5;12782,8232421875;68,2;Bento Gonçalves
3,7550093801233153;433715,60072679876;6782609,421153454;68,5;12782,82421875;68,18;Bento Gonçalves
3,783646423324519;433715,60072679876;6782580,784110253;68,5;12782,8251953125;68,16;Bento Gonçalves
3,8122834665257233;433715,60072679876;6782552,147067051;68,5;12782,826171875;68,14;Bento Gonçalves
3,8409205097269274;433715,60072679876;6782523,51002385;68,5;12782,8271484375;68,12;Bento Gonçalves
3,869557552928131;433715,60072679876;6782494,872980649;68,0;12782,828125;68,1;Bento Gonçalves
3,8981945961293354;433715,60072679876;6782466,235937447;68,0;12782,828125;68,06;Bento Gonçalves
3,9268316393305396;433715,60072679876;6782437,598894247;68,0;12782,8291015625;68,02;Bento Gonçalves
3,9554686825317433;433715,60072679876;6782408,9618510455;68,0;12782,8310546875;67,98;Bento Gonçalves
3,9841057257329475;433715,60072679876;6782380,324807844;68,0;12782,83203125;67,94;Bento Gonçalves
4,012742768934151;433715,60072679876;6782351,687764643;68,0;12782,8330078125;67,9;Bento Gonçalves
4,0413798121353555;433715,60072679876;6782323,050721441;68,0;12782,8330078125;67,88;Bento Gonçalves
4,07001685533656;433715,60072679876;6782294,41367824;68,0;12782,833984375;67,86;Bento Gonçalves
4,098653898537764;433715,60072679876;6782265,77663504;68,0;12782,8349609375;67,84;Bento Gonçalves
4,127290941738967;433715,60072679876;6782237,139591838;68,0;12782,8359375;67,82;Bento Gonçalves
4,155927984940171;433715,60072679876;6782208,502548637;68,0;12782,8369140625;67,8;Bento Gonçalves
4,184565028141375;433715,60072679876;6782179,8655054355;68,0;12782,8369140625;67,78;Bento Gonçalves
4,213202071342578;433715,60072679876;6782151,228462234;68,0;12799,369140625;67,76;Bento Gonçalves
4,241839114543782;433715,60072679876;6782122,591419033;68,0;12799,3701171875;67,74;Bento Gonçalves
4,2704761577449855;433715,60072679876;6782093,954375832;68,0;12799,37109375;67,72;Bento Gonçalves
4,299113200946189;433715,60072679876;6782065,317332631;68,0;12799,3720703125;67,7;Bento Gonçalves
4,327750244147393;433715,60072679876;6782036,68028943;68,0;12799,373046875;67,68;Bento Gonçalves
4,356387287348596;433715,60072679876;6782008,043246228;68,0;12799,3740234375;67,66;Bento Gonçalves
4,3850243305498;433715,60072679876;6781979,406203027;68,0;12799,3740234375;67,64;Bento Gonçalves
4,413661373751004;433715,60072679876;6781950,769159826;68,0;12799,4189453125;67,6;Monte Belo do Sul
4,454159880246146;433686,96368359757;6781922,132116625;67,5;12799,5078125;67,56;Monte Belo do Sul
4,482796923447349;433686,96368359757;6781893,495073424;67,5;12799,509765625;67,52;Monte Belo do Sul
4,511433966648553;433686,96368359757;6781864,858030222;67,5;12799,51171875;67,48;Monte Belo do Sul
4,540071009849757;433686,96368359757;6781836,220987021;67,5;12799,5166015625;67,44;Monte Belo do Sul
4,56870805305096;433686,96368359757;6781807,58394382;67,5;12799,53515625;67,4;Monte Belo do Sul
4,609206559546102;433658,3266403964;6781778,946900619;67,5;12799,6083984375;67,36;Monte Belo do Sul
4,649705066041245;433629,68959719513;6781750,309857418;67,5;12799,951171875;67,34;Monte Belo do Sul
4,6902035725363875;433601,05255399394;6781721,672814216;67,5;12800,8857421875;67,32;Monte Belo do Sul
4,718840615737591;433601,05255399394;6781693,035771015;67,5;12800,90234375;67,3;Monte Belo do Sul
4,759339122232734;433572,41551079275;6781664,398727814;67,5;12800,94921875;67,28;Cotiporã
4,787976165433937;433572,41551079275;6781635,761684612;67,5;12800,9521484375;67,26;Cotiporã
4,828474671929079;433543,77846759156;6781607,124641412;67,5;12801,3994140625;67,24;Cotiporã
4,8689731784242225;433515,1414243904;6781578,487598211;67,5;12801,43359375;67,22;Cotiporã
4,909471684919365;433486,5043811891;6781549,850555009;67,5;12801,4873046875;67,2;Cotiporã
4,949970191414507;433457,86733798793;6781521,213511808;67,5;12801,5869140625;67,18;Cotiporã
4,99046869790965;433429,23029478674;6781492,5764686065;67,5;12801,70703125;67,16;Cotiporã
5,030967204404792;433400,5932515855;6781463,939425405;67,5;12801,7666015625;67,14;Cotiporã
5,071465710899934;433371,9562083843;6781435,302382205;67,5;12801,7841796875;67,12;Cotiporã
5,111964217395077;433343,3191651831;6781406,665339003;67,0;12801,8251953125;67,1;Cotiporã
5,15246272389022;433314,6821219819;6781378,028295802;67,0;12801,9091796875;67,08;Cotiporã
5,181099767091423;433286,04507878073;6781378,028295802;67,0;12801,9140625;67,06;Cotiporã
5,221598273586565;433257,4080355795;6781349,391252601;67,0;12801,97265625;67,04;Cotiporã
5,262096780081708;433228,7709923783;6781320,754209399;67,0;12802,0146484375;67,02;Cotiporã
5,30259528657685;433200,1339491771;6781292,117166198;67,0;12802,03515625;67,0;Cotiporã
5,343093793071993;433171,49690597586;6781263,480122997;67,0;12802,0537109375;67,0;Cotiporã
5,383592299567136;433142,85986277467;6781234,843079796;67,0;12802,10546875;67,0;Cotiporã
5,424090806062278;433114,2228195735;6781206,206036595;67,0;12802,125;67,0;Cotiporã
5,46458931255742;433085,5857763723;6781177,568993393;67,44999694824219;12802,16015625;67,0;Cotiporã
5,505087819052563;433056,9487331711;6781148,931950192;67,0;12802,1875;67,0;Cotiporã
5,5337248622537665;433028,31168996985;6781148,931950192;67,0;12802,193359375;66,98;Cotiporã
5,56236190545497;432999,67464676866;6781148,931950192;67,0;12802,1953125;66,96;Cotiporã
5,590998948656173;432971,03760356747;6781148,931950192;67,0;12802,1962890625;66,94;Cotiporã
5,619635991857377;432942,4005603663;6781148,931950192;67,0;12802,197265625;66,92;Cotiporã
5,648273035058581;432913,7635171651;6781148,931950192;67,0;12802,1982421875;66,9;Cotiporã
5,676910078259784;432885,12647396384;6781148,931950192;67,0;12802,19921875;66,88;Cotiporã
5,705547121460988;432856,48943076265;6781148,931950192;67,0;12802,19921875;66,86;Cotiporã
5,734184164662191;432827,85238756146;6781148,931950192;67,0;12802,2001953125;66,84;Cotiporã
5,762821207863395;432799,2153443602;6781148,931950192;67,0;12802,201171875;66,82;Cotiporã
5,791458251064599;432770,578301159;6781148,931950192;67,0;12802,2021484375;66,8;Cotiporã
5,820095294265802;432741,94125795783;6781148,931950192;67,0;12802,5869140625;66,78;Cotiporã
5,8487323374670055;432713,30421475664;6781148,931950192;67,0;12802,5986328125;66,76;Cotiporã
5,87736938066821;432684,66717155545;6781148,931950192;67,0;12802,6142578125;66,74;Cotiporã
5,906006423869413;432656,0301283542;6781148,931950192;67,38999938964844;12802,65234375;66,72;Cotiporã
5,934643467070616;432627,393085153;6781148,931950192;67,61000061035156;12802,65625;66,7;Cotiporã
5,9632805102718205;432598,7560419518;6781148,931950192;67,69999694824219;12802,662109375;66,68;Cotiporã
5,991917553473024;432570,1189987506;6781148,931950192;67,61000061035156;12802,673828125;66,66;Cotiporã
6,020554596674227;432541,4819555494;6781148,931950192;67,83999633789062;12802,7021484375;66,64;Cotiporã
6,06105310316937;432512,8449123482;6781120,2949069915;67,0;12802,73046875;66,62;Cotiporã
6,0896901463705735;432484,207869147;6781120,2949069915;66,5;12802,7529296875;66,6;Cotiporã
6,118327189571777;432455,5708259458;6781120,2949069915;66,5;12802,7802734375;66,58;Cotiporã
6,146964232772981;432426,93378274457;6781120,2949069915;66,5;12802,7919921875;66,56;Cotiporã
6,175601275974184;432398,2967395434;6781120,2949069915;66,5;12802,83984375;66,54;Cotiporã
6,204238319175388;432369,6596963422;6781120,2949069915;66,5;12802,841796875;66,52;Cotiporã
6,232875362376592;432341,02265314094;6781120,2949069915;66,5;12802,8427734375;66,5;Cotiporã
6,261512405577795;432312,38560993975;6781120,2949069915;66,5;12802,84375;66,5;Cotiporã
6,290149448778998;432283,74856673856;6781120,2949069915;66,5;12802,876953125;66,5;Cotiporã
6,318786491980203;432255,1115235374;6781120,2949069915;66,5;12802,93359375;66,5;Cotiporã
6,359284998475345;432226,4744803362;6781091,65786379;66,5;12802,96875;66,5;Cotiporã
6,387922041676548;432197,83743713493;6781091,65786379;66,5;12803,0302734375;66,5;Cotiporã
6,416559084877752;432169,20039393374;6781091,65786379;66,5;12803,03125;66,5;Cotiporã
6,445196128078956;432140,56335073255;6781091,65786379;66,5;12803,033203125;66,5;Cotiporã
6,473833171280159;432111,92630753136;6781091,65786379;66,5;12803,03515625;66,5;Cotiporã
6,502470214481363;432083,2892643302;6781091,65786379;66,5;12803,0361328125;66,5;Cotiporã
6,531107257682566;432054,6522211289;6781091,65786379;66,5;12803,0556640625;66,5;Cotiporã
6,55974430088377;432026,01517792774;6781091,65786379;66,5;12803,056640625;66,5;Santa Tereza
6,588381344084974;431997,37813472655;6781091,65786379;66,5;12803,0595703125;66,5;Santa Tereza
6,617018387286177;431968,7410915253;6781091,65786379;66,5;12803,0615234375;66,5;Santa Tereza
6,6456554304873805;431940,1040483241;6781091,65786379;66,5;12803,0625;66,48640014648437;Santa Tereza
6,674292473688585;431911,4670051229;6781091,65786379;66,5;12803,0634765625;66,47280029296876;Santa Tereza
6,702929516889788;431882,8299619217;6781091,65786379;66,5;12803,064453125;66,45920043945313;Santa Tereza
6,731566560090991;431854,19291872054;6781091,65786379;66,5;12803,064453125;66,4456005859375;Santa Tereza
6,7602036032921955;431825,5558755193;6781091,65786379;66,5;12803,0654296875;66,43200073242187;Santa Tereza
6,788840646493399;431796,9188323181;6781091,65786379;66,5;12803,06640625;66,41840087890625;Santa Tereza
6,817477689694602;431768,2817891169;6781091,65786379;66,5;12803,068359375;66,40480102539063;Santa Tereza
6,846114732895806;431739,64474591566;6781091,65786379;66,5;12824,12109375;66,391201171875;Santa Tereza
6,87475177609701;431711,0077027145;6781091,65786379;66,5;12824,123046875;66,37760131835938;Santa Tereza
6,903388819298213;431682,3706595133;6781091,65786379;66,5;12824,1455078125;66,36400146484375;Santa Tereza
6,932025862499417;431653,7336163121;6781091,65786379;66,94999694824219;12824,1494140625;66,34400146484376;Santa Tereza
6,96066290570062;431625,0965731109;6781091,65786379;66,94999694824219;12824,1533203125;66,32400146484375;Santa Tereza
6,989299948901824;431596,45952990965;6781091,65786379;66,94999694824219;12824,18359375;66,30400146484375;Santa Tereza
7,017936992103028;431567,82248670846;6781091,65786379;66,5;12824,185546875;66,28400146484375;Santa Tereza
7,046574035304231;431539,1854435073;6781091,65786379;66,5;12824,2275390625;66,26400146484374;Santa Tereza
7,0752110785054345;431510,548400306;6781091,65786379;66,5;12824,232421875;66,24400146484375;Santa Tereza
7,103848121706639;431481,91135710484;6781091,65786379;66,66999816894531;12824,236328125;66,22400146484375;Santa Tereza
7,132485164907842;431453,27431390365;6781091,65786379;66,97000122070312;12824,275390625;66,20400146484376;Santa Tereza
7,172983671402984;431424,63727070246;6781120,2949069915;66,97000122070312;12824,4375;66,18400146484375;Santa Tereza
7,2016207146041875;431396,00022750127;6781120,2949069915;66,16000366210938;12824,541015625;66,16400146484375;Santa Tereza
7,242119221099331;431367,3631843;6781148,931950192;66,5;12824,5732421875;66,14400146484375;Santa Tereza
7,270756264300534;431338,7261410988;6781148,931950192;66,5;12824,5751953125;66,12400146484374;Santa Tereza
7,299393307501737;431310,08909789764;6781148,931950192;66,5;12824,578125;66,10400146484375;Santa Tereza
7,328030350702941;431281,45205469645;6781148,931950192;66,68000030517578;12824,5908203125;66,08400146484375;Santa Tereza
7,356667393904145;431252,81501149526;6781148,931950192;66,86000061035156;12824,5966796875;66,06400146484376;Santa Tereza
7,397165900399287;431224,177968294;6781177,568993393;66,5;12824,7236328125;66,05760131835937;Santa Tereza
7,425802943600491;431195,5409250928;6781177,568993393;66,5;12824,748046875;66,051201171875;Santa Tereza
7,466301450095633;431166,90388189163;6781206,206036595;66,5;12824,89453125;66,04480102539063;Santa Tereza
7,5067999565907755;431138,2668386904;6781234,843079796;66,5;12824,94140625;66,03840087890624;Santa Tereza
7,547298463085919;431109,6297954892;6781263,480122997;66,0;12825,0029296875;66,03200073242188;Santa Tereza
7,587796969581061;431080,992752288;6781292,117166198;66,0;12825,056640625;66,0256005859375;Cotiporã
7,628295476076203;431052,3557090868;6781320,754209399;66,0;12825,091796875;66,01920043945313;Cotiporã
7,668793982571346;431023,7186658856;6781349,391252601;66,0;12825,11328125;65,99280029296875;Cotiporã
7,709292489066488;430995,0816226844;6781378,028295802;66,0;12825,1923828125;65,96640014648438;Cotiporã
7,74979099556163;430966,4445794832;6781406,665339003;66,0;12825,2158203125;65,94;Cotiporã
7,790289502056773;430937,807536282;6781435,302382205;66,0;12825,310546875;65,92;Cotiporã
7,830788008551916;430909,17049308075;6781463,939425405;66,0;12825,3486328125;65,9;Cotiporã
7,871286515047058;430880,53344987956;6781492,5764686065;66,0;12825,3583984375;65,88;Cotiporã
7,899923558248261;430880,53344987956;6781521,213511808;66,0;12825,3798828125;65,86;Cotiporã
7,940422064743404;430851,89640667837;6781549,850555009;66,0;12825,4794921875;65,84;Cotiporã
7,9809205712385465;430823,2593634772;6781578,487598211;66,0;12825,4892578125;65,82;Cotiporã
8,02141907773369;430794,622320276;6781607,124641412;66,0;12825,5263671875;65,8;Cotiporã
8,050056120934892;430794,622320276;6781635,761684612;66,0;12825,533203125;65,76;Cotiporã
8,090554627430034;430765,98527707474;6781664,398727814;66,0;12825,5498046875;65,72;Cotiporã
8,131053133925178;430737,34823387355;6781693,035771015;66,0;12825,56640625;65,68;Cotiporã
8,17155164042032;430708,71119067236;6781721,672814216;66,0;12825,646484375;65,64;Cotiporã
8,212050146915463;430680,0741474711;6781750,309857418;66,0;12825,6591796875;65,6;Cotiporã
8,252548653410607;430651,4371042699;6781778,946900619;66,0;12825,6943359375;65,56;Cotiporã
8,293047159905749;430622,80006106873;6781807,58394382;66,0;12825,7431640625;65,52;Cotiporã
8,333545666400893;430594,16301786754;6781836,220987021;66,0;12825,8037109375;65,46;Cotiporã
8,374044172896037;430565,52597466635;6781864,858030222;66,0;15393,9267578125;65,4;São Valentim do Sul
8,414542679391179;430536,8889314651;6781893,495073424;65,5;15393,982421875;65,34;São Valentim do Sul
8,443179722592383;430536,8889314651;6781922,132116625;65,5;15393,9873046875;65,28;São Valentim do Sul
8,483678229087527;430508,2518882639;6781950,769159826;65,5;15394,01171875;65,22;São Valentim do Sul
8,512315272288731;430508,2518882639;6781979,406203027;65,5;15394,015625;65,16;São Valentim do Sul
8,540952315489935;430508,2518882639;6782008,043246228;65,5;15394,0205078125;65,1;São Valentim do Sul
8,58145082198508;430479,6148450627;6782036,68028943;65,5;15394,025390625;65,04;São Valentim do Sul
8,610087865186284;430479,6148450627;6782065,317332631;65,5;15394,0283203125;65,0;São Valentim do Sul
8,638724908387488;430479,6148450627;6782093,954375832;65,5;15394,033203125;64,96;São Valentim do Sul
8,679223414882632;430450,97780186153;6782122,591419033;65,5;15394,12109375;64,9;São Valentim do Sul
8,707860458083836;430450,97780186153;6782151,228462234;65,5;15394,12109375;64,84;São Valentim do Sul
8,74835896457898;430422,34075866034;6782179,8655054355;65,0;15394,1494140625;64,78;São Valentim do Sul
8,776996007780184;430422,34075866034;6782208,502548637;65,0;15394,1513671875;64,72;São Valentim do Sul
8,817494514275328;430393,7037154591;6782237,139591838;65,0;15394,2802734375;64,66;São Valentim do Sul
8,846131557476532;430393,7037154591;6782265,77663504;65,0;15394,2841796875;64,6;São Valentim do Sul
8,874768600677736;430393,7037154591;6782294,41367824;65,0;15394,2978515625;64,54;São Valentim do Sul
8,91526710717288;430365,0666722579;6782323,050721441;65,0;15394,310546875;64,48;São Valentim do Sul
8,955765613668023;430336,4296290567;6782351,687764643;65,0;15394,3828125;64,44;São Valentim do Sul
8,996264120163167;430307,79258585547;6782380,324807844;64,5;15394,4248046875;64,38;São Valentim do Sul
9,02490116336437;430307,79258585547;6782408,9618510455;64,5;15394,4267578125;64,32;São Valentim do Sul
9,053538206565575;430307,79258585547;6782437,598894247;64,5;15394,4287109375;64,26;São Valentim do Sul
9,082175249766781;430307,79258585547;6782466,235937447;64,5;15394,4287109375;64,2;São Valentim do Sul
9,110812292967985;430307,79258585547;6782494,872980649;64,5;15394,4287109375;64,14;São Valentim do Sul
9,13944933616919;430307,79258585547;6782523,51002385;64,5;15394,46484375;64,08;São Valentim do Sul
9,168086379370394;430307,79258585547;6782552,147067051;64,5;15394,470703125;64,04;São Valentim do Sul
9,196723422571598;430307,79258585547;6782580,784110253;64,5;15394,4970703125;64,0;São Valentim do Sul
9,237221929066742;430279,1555426543;6782609,421153454;64,5;15394,552734375;63,94;São Valentim do Sul
9,265858972267946;430279,1555426543;6782638,058196655;64,5;15394,556640625;63,88;São Valentim do Sul
9,29449601546915;430279,1555426543;6782666,695239856;64,0;15394,5595703125;63,82;São Valentim do Sul
9,323133058670356;430279,1555426543;6782695,332283057;64,0;15394,5732421875;63,76;São Valentim do Sul
9,35177010187156;430279,1555426543;6782723,969326259;64,91999816894531;15394,587890625;63,7;São Valentim do Sul
9,392268608366702;430250,5184994531;6782752,60636946;64,0;15394,6015625;63,64;São Valentim do Sul
9,432767114861846;430221,8814562519;6782781,243412661;64,0;15394,7353515625;63,58;São Valentim do Sul
9,46140415806305;430221,8814562519;6782809,880455862;64,0;15394,7568359375;63,5;São Valentim do Sul
9,490041201264255;430221,8814562519;6782838,517499063;64,0;15394,7568359375;63,44;São Valentim do Sul
9,51867824446546;430221,8814562519;6782867,1545422645;64,0;15394,7666015625;63,38;São Valentim do Sul
9,559176750960603;430193,2444130507;6782895,791585466;64,0;15394,8583984375;63,32;São Valentim do Sul
9,599675257455747;430164,60736984946;6782924,428628667;63,5;15394,9013671875;63,26;São Valentim do Sul
9,628312300656951;430135,97032664827;6782924,428628667;63,5;15394,9033203125;63,2;São Valentim do Sul
9,656949343858155;430107,3332834471;6782924,428628667;63,5;15394,9892578125;63,14;São Valentim do Sul
9,6974478503533;430078,69624024583;6782953,065671868;63,5;15395,03515625;63,08;São Valentim do Sul
9,737946356848443;430050,05919704464;6782981,702715069;63,5;15395,0888671875;63,02;São Valentim do Sul
9,778444863343585;430021,42215384345;6783010,33975827;63,5;15395,1298828125;62,96;São Valentim do Sul
9,81894336983873;429992,78511064226;6783038,976801472;63,5;15395,140625;62,92;São Valentim do Sul
9,859441876333873;429964,14806744107;6783067,613844673;63,5;15395,1923828125;62,88;São Valentim do Sul
9,899940382829016;429935,5110242398;6783096,2508878745;63,0;15395,208984375;62,84;São Valentim do Sul
9,94043888932416;429906,87398103863;6783124,887931075;63,0;15395,2587890625;62,8;São Valentim do Sul
9,980937395819304;429878,23693783744;6783153,524974276;63,0;15395,271484375;62,76;São Valentim do Sul
10,009574439020508;429849,5998946362;6783153,524974276;63,0;15395,283203125;62,72;São Valentim do Sul
10,05007294551565;429820,962851435;6783182,162017478;63,0;15395,33984375;62,68;São Valentim do Sul
10,078709988716856;429792,3258082338;6783182,162017478;63,0;15395,34765625;62,64;São Valentim do Sul
10,10734703191806;429763,6887650326;6783182,162017478;63,0;15395,34765625;62,62;São Valentim do Sul
10,135984075119264;429735,05172183143;6783182,162017478;62,5;15395,35546875;62,6;São Valentim do Sul
10,164621118320468;429706,4146786302;6783182,162017478;62,5;15395,3642578125;62,58;São Valentim do Sul
10,205119624815612;429677,777635429;6783210,799060679;62,5;15395,3916015625;62,56;São Valentim do Sul
10,233756668016817;429649,1405922278;6783210,799060679;62,5;15395,392578125;62,54;São Valentim do Sul
10,26239371121802;429620,5035490266;6783210,799060679;62,5;15395,4052734375;62,5;São Valentim do Sul
10,291030754419225;429591,8665058254;6783210,799060679;62,5;15395,40625;62,46;São Valentim do Sul
10,31966779762043;429563,2294626242;6783210,799060679;62,5;15395,7177734375;62,44;São Valentim do Sul
10,360166304115573;429534,592419423;6783182,162017478;62,5;15395,759765625;62,42;Santa Tereza
10,400664810610717;429505,9553762218;6783153,524974276;62,5;15395,767578125;62,4;Santa Tereza
10,44116331710586;429477,31833302055;6783124,887931075;62,5;15395,779296875;62,38;Santa Tereza
10,481661823601003;429448,68128981936;6783096,2508878745;62,5;15395,80859375;62,36;Santa Tereza
10,522160330096147;429420,04424661817;6783067,613844673;62,5;15395,8876953125;62,34;Santa Tereza
10,56265883659129;429391,407203417;6783038,976801472;62,5;15395,9306640625;62,32;Santa Tereza
10,603157343086433;429362,7701602158;6783010,33975827;62,5;15395,9697265625;62,3;Santa Tereza
10,643655849581577;429334,13311701454;6782981,702715069;62,5;15395,9853515625;62,28;Santa Tereza
10,68415435607672;429305,49607381335;6782953,065671868;62,5;15396,02734375;62,26;Santa Tereza
10,724652862571864;429276,85903061216;6782924,428628667;62,5;15396,166015625;62,24;Santa Tereza
10,765151369067008;429248,2219874109;6782895,791585466;62,5;15396,2001953125;62,22;Santa Tereza
10,793788412268212;429248,2219874109;6782867,1545422645;62,5;15396,236328125;62,2;Santa Tereza
10,834286918763356;429219,5849442097;6782838,517499063;62,5;15396,3115234375;62,18;Santa Tereza
10,86292396196456;429219,5849442097;6782809,880455862;62,5;15396,3154296875;62,16;Santa Tereza
10,891561005165764;429219,5849442097;6782781,243412661;62,5;15396,318359375;62,14;Santa Tereza
10,932059511660908;429190,94790100853;6782752,60636946;62,5;15396,59375;62,12;Santa Tereza
10,960696554862112;429190,94790100853;6782723,969326259;62,0;15396,595703125;62,1;Santa Tereza
10,989333598063316;429190,94790100853;6782695,332283057;62,0;15396,6103515625;62,08;Santa Tereza
11,01797064126452;429190,94790100853;6782666,695239856;62,0;15396,6123046875;62,06;Santa Tereza
11,046607684465725;429190,94790100853;6782638,058196655;62,540000915527344;15396,6162109375;62,04;Santa Tereza
11,07524472766693;429190,94790100853;6782609,421153454;62,83000183105469;15396,669921875;62,02;Santa Tereza
11,103881770868135;429190,94790100853;6782580,784110253;62,880001068115234;15396,669921875;62,0;Santa Tereza
11,144380277363277;429162,31085780734;6782552,147067051;62,0;15396,689453125;62,0;Santa Tereza
11,173017320564483;429162,31085780734;6782523,51002385;62,0;15396,7275390625;62,0;Santa Tereza
11,213515827059625;429133,67381460615;6782494,872980649;62,0;15396,7509765625;62,0;Santa Tereza
11,24215287026083;429133,67381460615;6782466,235937447;62,0;15396,77734375;62,0;Santa Tereza
11,270789913462036;429133,67381460615;6782437,598894247;62,0;15396,80078125;62,0;Santa Tereza
11,311288419957178;429105,0367714049;6782408,9618510455;62,0;15396,822265625;62,0;Santa Tereza
11,339925463158382;429105,0367714049;6782380,324807844;62,0;15396,8232421875;62,0;Santa Tereza
11,368562506359588;429105,0367714049;6782351,687764643;62,0;15396,8310546875;62,0;Santa Tereza
11,397199549560792;429105,0367714049;6782323,050721441;62,810001373291016;15396,8330078125;62,0;Santa Tereza
11,437698056055934;429076,3997282037;6782294,41367824;62,0;15397,9091796875;62,0;Santa Tereza
11,46633509925714;429076,3997282037;6782265,77663504;62,0;15397,912109375;62,0;Santa Tereza
11,506833605752282;429047,7626850025;6782237,139591838;62,0;15397,92578125;62,0;Santa Tereza
11,535470648953487;429047,7626850025;6782208,502548637;62,0;15397,9267578125;62,0;Santa Tereza
11,564107692154693;429047,7626850025;6782179,8655054355;62,0;15397,9287109375;62,0;Santa Tereza
11,592744735355897;429047,7626850025;6782151,228462234;62,0;15397,9873046875;62,0;Santa Tereza
11,621381778557101;429047,7626850025;6782122,591419033;62,0;15398,0009765625;62,0;Santa Tereza
11,650018821758305;429047,7626850025;6782093,954375832;62,0;15398,0087890625;62,0;Santa Tereza
11,67865586495951;429047,7626850025;6782065,317332631;62,0;15398,0302734375;62,0;Santa Tereza
11,707292908160714;429047,7626850025;6782036,68028943;62,0;15398,033203125;62,0;Santa Tereza
11,73592995136192;429047,7626850025;6782008,043246228;62,0;15398,041015625;62,0;Santa Tereza
11,764566994563124;429047,7626850025;6781979,406203027;62,0;15398,0439453125;62,0;Santa Tereza
11,793204037764328;429047,7626850025;6781950,769159826;62,0;15398,046875;62,0;Santa Tereza
11,821841080965532;429047,7626850025;6781922,132116625;62,0;15398,076171875;62,0;Santa Tereza
11,850478124166736;429047,7626850025;6781893,495073424;62,0;15398,0859375;62,0;Santa Tereza
11,879115167367942;429047,7626850025;6781864,858030222;62,0;15398,1005859375;62,0;Santa Tereza
11,907752210569146;429047,7626850025;6781836,220987021;62,0;15398,107421875;62,0;Santa Tereza
11,93638925377035;429047,7626850025;6781807,58394382;62,0;15398,109375;62,0;Santa Tereza
11,965026296971555;429047,7626850025;6781778,946900619;62,0;15398,109375;62,0;Santa Tereza
11,993663340172759;429047,7626850025;6781750,309857418;62,0;15398,111328125;62,0;Santa Tereza
12,022300383373963;429047,7626850025;6781721,672814216;62,0;15398,1123046875;61,98;Santa Tereza
12,05093742657517;429047,7626850025;6781693,035771015;62,0;15398,1123046875;61,96;Santa Tereza
12,079574469776373;429047,7626850025;6781664,398727814;62,0;15398,1123046875;61,94;Santa Tereza
12,108211512977578;429047,7626850025;6781635,761684612;62,0;15398,1142578125;61,92;Santa Tereza
12,136848556178782;429047,7626850025;6781607,124641412;62,0;15398,115234375;61,9;Santa Tereza
12,165485599379986;429047,7626850025;6781578,487598211;62,0;15398,115234375;61,88;Santa Tereza
12,19412264258119;429047,7626850025;6781549,850555009;62,0;15398,115234375;61,86;Santa Tereza
12,222759685782396;429047,7626850025;6781521,213511808;62,0;15398,1171875;61,84;Santa Tereza
12,2513967289836;429047,7626850025;6781492,5764686065;62,0;15398,119140625;61,82;Santa Tereza
12,280033772184805;429047,7626850025;6781463,939425405;62,0;15398,119140625;61,8;Santa Tereza
12,308670815386009;429047,7626850025;6781435,302382205;62,0;15398,119140625;61,78;Santa Tereza
12,337307858587213;429047,7626850025;6781406,665339003;62,0;15398,1201171875;61,76;Santa Tereza
12,365944901788419;429047,7626850025;6781378,028295802;62,0;15398,1220703125;61,74;Santa Tereza
12,394581944989623;429047,7626850025;6781349,391252601;62,0;15398,1220703125;61,72;Santa Tereza
12,423218988190827;429047,7626850025;6781320,754209399;62,0;15398,1220703125;61,7;Santa Tereza
12,451856031392031;429047,7626850025;6781292,117166198;62,0;15398,123046875;61,68;Santa Tereza
12,480493074593236;429047,7626850025;6781263,480122997;62,0;15398,1259765625;61,66;Santa Tereza
12,50913011779444;429047,7626850025;6781234,843079796;62,0;15398,1259765625;61,64;Santa Tereza
12,537767160995646;429047,7626850025;6781206,206036595;62,0;15411,626953125;61,62;Santa Tereza
12,56640420419685;429047,7626850025;6781177,568993393;61,5;15411,6298828125;61,6;São Valentim do Sul
12,595041247398054;429047,7626850025;6781148,931950192;61,5;15411,771484375;61,58;São Valentim do Sul
12,635539753893198;429076,3997282037;6781120,2949069915;61,5;15412,109375;61,56;São Valentim do Sul
12,67603826038834;429105,0367714049;6781091,65786379;61,5;15412,1123046875;61,54;São Valentim do Sul
12,704675303589545;429105,0367714049;6781063,020820589;61,5;15412,2041015625;61,52;São Valentim do Sul
12,745173810084689;429133,67381460615;6781034,383777387;61,5;15412,3837890625;61,5;São Valentim do Sul
12,773810853285893;429133,67381460615;6781005,746734186;61,5;15412,3984375;61,5;São Valentim do Sul
12,814309359781037;429162,31085780734;6780977,109690985;61,5;15412,42578125;61,5;São Valentim do Sul
12,85480786627618;429190,94790100853;6780948,472647784;61,5;15412,4501953125;61,5;São Valentim do Sul
12,895306372771323;429219,5849442097;6780919,835604583;61,5;15412,564453125;61,5;São Valentim do Sul
12,935804879266467;429248,2219874109;6780891,198561382;61,5;15412,6083984375;61,5;São Valentim do Sul
12,97630338576161;429276,85903061216;6780862,56151818;61,5;15412,6513671875;61,5;São Valentim do Sul
13,004940428962815;429276,85903061216;6780833,924474979;61,5;15412,7490234375;61,5;São Valentim do Sul
13,045438935457957;429305,49607381335;6780805,287431777;61,5;15412,7734375;61,5;São Valentim do Sul
13,074075978659163;429305,49607381335;6780776,650388577;61,5;15412,8251953125;61,5;São Valentim do Sul
13,114574485154305;429334,13311701454;6780748,013345376;61,5;15412,896484375;61,5;São Valentim do Sul
13,15507299164945;429362,7701602158;6780719,376302174;61,5;15412,9638671875;61,5;São Valentim do Sul
13,195571498144593;429391,407203417;6780690,739258973;61,5;15412,97265625;61,5;São Valentim do Sul
13,224208541345797;429391,407203417;6780662,102215772;61,5;15413,046875;61,5;São Valentim do Sul
13,26470704784094;429420,04424661817;6780633,46517257;61,5;15413,060546875;61,5;São Valentim do Sul
13,293344091042146;429420,04424661817;6780604,82812937;61,5;15413,09375;61,5;São Valentim do Sul
13,333842597537288;429448,68128981936;6780576,191086168;61,5;15413,1826171875;61,5;São Valentim do Sul
13,374341104032432;429477,31833302055;6780547,554042967;61,5;15413,2919921875;61,5;São Valentim do Sul
13,414839610527576;429505,9553762218;6780518,916999766;61,5;15413,2998046875;61,5;São Valentim do Sul
13,44347665372878;429505,9553762218;6780490,279956564;61,5;15413,30859375;61,5;São Valentim do Sul
13,483975160223922;429534,592419423;6780461,642913363;61,5;15413,3359375;61,5;São Valentim do Sul
13,524473666719066;429563,2294626242;6780433,0058701625;61,5;15413,41015625;61,5;São Valentim do Sul
13,56497217321421;429591,8665058254;6780404,368826961;61,5;15413,5;61,5;São Valentim do Sul
13,605470679709352;429620,5035490266;6780375,73178376;61,5;15413,537109375;61,5;São Valentim do Sul
13,645969186204496;429649,1405922278;6780347,094740558;61,5;15413,54296875;61,5;Santa Tereza
13,68646769269964;429677,777635429;6780318,457697357;61,5;15413,599609375;61,5;Santa Tereza
13,726966199194782;429706,4146786302;6780289,820654157;61,5;15413,8203125;61,5;Santa Tereza
13,767464705689926;429735,05172183143;6780261,183610955;61,5;15413,923828125;61,5;Santa Tereza
13,80796321218507;429763,6887650326;6780232,546567754;61,5;15413,9296875;61,5;Santa Tereza
13,848461718680213;429792,3258082338;6780203,9095245525;61,5;15413,9990234375;61,5;Santa Tereza
13,888960225175357;429820,962851435;6780175,272481351;61,5;15414,03515625;61,5;Santa Tereza
13,9294587316705;429849,5998946362;6780146,63543815;61,5;15414,0615234375;61,5;Santa Tereza
13,969957238165643;429878,23693783744;6780117,998394949;61,5;15414,123046875;61,5;Santa Tereza
14,010455744660787;429906,87398103863;6780089,361351748;61,5;15414,1318359375;61,5;Santa Tereza
14,05095425115593;429935,5110242398;6780060,724308547;61,5;15414,1591796875;61,5;Santa Tereza
14,091452757651073;429964,14806744107;6780032,087265345;61,5;15414,294921875;61,5;Santa Tereza
14,131951264146217;429992,78511064226;6780003,450222144;61,5;15414,330078125;61,5;Santa Tereza
14,17244977064136;430021,42215384345;6779974,813178943;61,5;15414,365234375;61,5;Santa Tereza
14,212948277136503;430050,05919704464;6779946,176135742;61,5;15414,3984375;61,5;Santa Tereza
14,253446783631647;430078,69624024583;6779917,539092541;61,5;15414,494140625;61,5;Santa Tereza
14,293945290126791;430107,3332834471;6779888,902049339;61,5;15414,5048828125;61,5;Santa Tereza
14,334443796621933;430135,97032664827;6779860,265006138;61,5;15414,5615234375;61,5;Santa Tereza
14,374942303117077;430164,60736984946;6779831,627962937;61,5;15415,595703125;61,5;Santa Tereza
14,415440809612221;430193,2444130507;6779802,990919735;61,5;15415,6123046875;61,5;Santa Tereza
14,455939316107363;430221,8814562519;6779774,353876535;61,5;15415,6455078125;61,5;Santa Tereza
14,496437822602507;430250,5184994531;6779745,7168333335;61,5;15417,669921875;61,5;Santa Tereza
14,536936329097651;430279,1555426543;6779717,079790132;61,5;15417,6806640625;61,5;Santa Tereza
14,577434835592793;430307,79258585547;6779688,442746931;61,5;15417,689453125;61,5;Santa Tereza
14,617933342087937;430336,4296290567;6779659,805703729;61,5;15417,7587890625;61,5;Santa Tereza
14,658431848583081;430365,0666722579;6779631,168660528;61,5;15417,767578125;61,5;Santa Tereza
14,698930355078224;430393,7037154591;6779602,531617328;61,5;15417,8359375;61,5;Santa Tereza
14,739428861573368;430422,34075866034;6779573,894574126;61,5;15417,8466796875;61,5;Santa Tereza
14,768065904774572;430422,34075866034;6779545,257530925;61,5;15417,8603515625;61,5;Santa Tereza
14,808564411269716;430450,97780186153;6779516,6204877235;61,5;15417,8662109375;61,5;Santa Tereza
14,84906291776486;430479,6148450627;6779487,983444522;61,5;15417,96875;61,5;São Valentim do Sul
14,889561424260002;430508,2518882639;6779459,346401322;61,5;15418,0107421875;61,48;São Valentim do Sul
14,930059930755146;430536,8889314651;6779430,70935812;61,5;15418,046875;61,46;São Valentim do Sul
14,97055843725029;430565,52597466635;6779402,072314919;61,5;15418,1162109375;61,44;São Valentim do Sul
15,011056943745432;430594,16301786754;6779373,435271718;61,5;15418,125;61,42;São Valentim do Sul
15,039693986946636;430594,16301786754;6779344,798228516;61,5;15418,1337890625;61,4;São Valentim do Sul
15,08019249344178;430622,80006106873;6779316,161185315;61,5;15418,2060546875;61,38;São Valentim do Sul
15,120690999936924;430651,4371042699;6779287,524142114;61,5;15418,2177734375;61,36;Santa Tereza
15,149328043138128;430651,4371042699;6779258,887098913;61,5;15418,2197265625;61,34;Santa Tereza
15,177965086339333;430651,4371042699;6779230,250055712;61,5;15418,2373046875;61,32;São Valentim do Sul
15,218463592834476;430680,0741474711;6779201,61301251;61,5;15418,435546875;61,3;Santa Tereza
15,258962099329619;430708,71119067236;6779172,975969309;61,5;15418,45703125;61,28;Santa Tereza
15,287599142530825;430708,71119067236;6779144,338926108;61,5;15418,478515625;61,26;Santa Tereza
15,316236185732029;430708,71119067236;6779115,701882907;61,5;15418,4794921875;61,24;Santa Tereza
15,344873228933233;430708,71119067236;6779087,064839706;61,5;15418,4814453125;61,22;Santa Tereza
15,373510272134437;430708,71119067236;6779058,427796504;61,5;15418,482421875;61,2;Santa Tereza
15,402147315335641;430708,71119067236;6779029,790753303;61,5;15418,482421875;61,18;Santa Tereza
15,430784358536846;430708,71119067236;6779001,153710102;61,5;15420,5908203125;61,16;Santa Tereza
15,47128286503199;430680,0741474711;6778972,5166669;61,90999984741211;15420,6171875;61,14;São Valentim do Sul
15,511781371527134;430651,4371042699;6778943,8796237;61,5;15420,6484375;61,12;São Valentim do Sul
15,552279878022276;430622,80006106873;6778915,242580499;61,0;15420,677734375;61,1;São Valentim do Sul
15,580916921223482;430594,16301786754;6778915,242580499;61,0;15420,6787109375;61,08;São Valentim do Sul
15,609553964424686;430565,52597466635;6778915,242580499;61,66999816894531;15420,6845703125;61,06;São Valentim do Sul
15,650052470919828;430536,8889314651;6778886,605537297;61,68000030517578;15420,7275390625;61,04;São Valentim do Sul
15,678689514121034;430508,2518882639;6778886,605537297;61,72999954223633;15420,771484375;61,02;São Valentim do Sul
15,719188020616176;430479,6148450627;6778857,968494096;61,0;15420,8017578125;61,0;São Valentim do Sul
15,75968652711132;430450,97780186153;6778829,3314508945;61,0;15420,83984375;61,0;São Valentim do Sul
15,788323570312524;430422,34075866034;6778829,3314508945;61,0;15420,841796875;61,0;São Valentim do Sul
15,816960613513729;430393,7037154591;6778829,3314508945;61,0;15420,8427734375;60,98;São Valentim do Sul
15,845597656714933;430365,0666722579;6778829,3314508945;61,0;15420,8447265625;60,96;São Valentim do Sul
15,874234699916139;430336,4296290567;6778829,3314508945;61,0;15420,8447265625;60,94;São Valentim do Sul
15,902871743117343;430307,79258585547;6778829,3314508945;61,0;15420,896484375;60,92;São Valentim do Sul
15,943370249612487;430279,1555426543;6778800,694407693;61,0;15420,943359375;60,9;São Valentim do Sul
15,98386875610763;430250,5184994531;6778772,057364493;61,0;15420,9765625;60,88;São Valentim do Sul
16,024367262602773;430221,8814562519;6778743,420321291;61,0;15421,193359375;60,86;São Valentim do Sul
16,064865769097917;430193,2444130507;6778714,78327809;61,0;15421,220703125;60,84;São Valentim do Sul
16,10536427559306;430164,60736984946;6778686,146234889;61,0;15421,37109375;60,82;São Valentim do Sul
16,1458627820882;430135,97032664827;6778657,509191687;61,0;15421,3876953125;60,8;Santa Tereza
16,186361288583345;430107,3332834471;6778628,872148487;61,0;15422,7294921875;60,78;Santa Tereza
16,22685979507849;430078,69624024583;6778600,235105285;61,0;15422,75;60,76;Santa Tereza
16,267358301573633;430050,05919704464;6778571,598062084;61,0;15422,7744140625;60,74;Santa Tereza
16,307856808068777;430021,42215384345;6778542,961018883;61,0;15422,8193359375;60,72;Santa Tereza
16,34835531456392;429992,78511064226;6778514,323975681;61,0;15422,9345703125;60,7;Santa Tereza
16,38885382105906;429964,14806744107;6778485,68693248;61,0;15422,9677734375;60,68;Santa Tereza
16,429352327554206;429935,5110242398;6778457,0498892795;61,0;15422,98046875;60,66;Santa Tereza
16,46985083404935;429906,87398103863;6778428,412846078;61,0;15423,0234375;60,64;Santa Tereza
16,510349340544494;429878,23693783744;6778399,775802877;61,0;15423,078125;60,62;Santa Tereza
16,550847847039638;429849,5998946362;6778371,138759675;60,5;15423,10546875;60,6;Santa Tereza
16,579484890240842;429849,5998946362;6778342,501716474;60,5;15423,10546875;60,58;Santa Tereza
16,608121933442046;429849,5998946362;6778313,864673273;60,5;15423,107421875;60,56;Santa Tereza
16,63675897664325;429849,5998946362;6778285,227630072;60,5;15423,154296875;60,54;Santa Tereza
16,665396019844454;429849,5998946362;6778256,590586871;60,5;15423,1591796875;60,52;Santa Tereza
16,7058945263396;429820,962851435;6778227,95354367;60,5;15423,203125;60,5;Santa Tereza
16,746393032834742;429792,3258082338;6778199,316500468;60,5;15423,22265625;60,5;Santa Tereza
16,786891539329886;429763,6887650326;6778170,679457267;60,5;15423,3310546875;60,5;Santa Tereza
16,81552858253109;429763,6887650326;6778142,042414065;60,5;15423,35546875;60,5;Santa Tereza
16,856027089026234;429735,05172183143;6778113,405370865;60,5;15423,3876953125;60,5;Santa Tereza
16,896525595521375;429706,4146786302;6778084,768327664;60,5;15423,4326171875;60,5;Santa Tereza
16,92516263872258;429706,4146786302;6778056,131284462;60,5;15423,4365234375;60,5;Santa Tereza
16,965661145217723;429677,777635429;6778027,494241261;60,5;15423,458984375;60,5;Santa Tereza
16,994298188418927;429677,777635429;6777998,85719806;60,5;15423,4619140625;60,5;Santa Tereza
17,02293523162013;429677,777635429;6777970,220154858;60,5;15423,4619140625;60,48;Santa Tereza
17,05157227482134;429677,777635429;6777941,583111658;60,5;15423,5576171875;60,46;Santa Tereza
17,09207078131648;429649,1405922278;6777912,946068456;60,5;15423,7255859375;60,44;Santa Tereza
17,120707824517684;429649,1405922278;6777884,309025255;60,5;15423,7265625;60,42;Santa Tereza
17,161206331012828;429620,5035490266;6777855,671982054;60,5;15423,7587890625;60,4;Santa Tereza
17,189843374214032;429620,5035490266;6777827,034938852;60,5;15423,775390625;60,38;Santa Tereza
17,230341880709176;429591,8665058254;6777798,397895652;60,5;15423,8193359375;60,36;Santa Tereza
17,25897892391038;429591,8665058254;6777769,7608524505;60,5;15423,822265625;60,34;Santa Tereza
17,287615967111584;429591,8665058254;6777741,123809249;60,5;15423,8271484375;60,32;Santa Tereza
17,31625301031279;429591,8665058254;6777712,486766048;60,5;15423,83203125;60,3;Santa Tereza
17,356751516807932;429563,2294626242;6777683,849722846;60,5;15423,994140625;60,28;Santa Tereza
17,397250023303076;429534,592419423;6777655,212679645;60,5;15424,0068359375;60,26;Santa Tereza
17,42588706650428;429534,592419423;6777626,575636445;60,5;15424,0068359375;60,24;Santa Tereza
17,466385572999425;429505,9553762218;6777597,938593243;60,5;15424,029296875;60,22;Santa Tereza
17,50688407949457;429477,31833302055;6777569,301550042;60,5;15431,9853515625;60,2;Santa Tereza
17,547382585989713;429448,68128981936;6777540,6645068405;60,5;15432,017578125;60,18;Santa Tereza
17,587881092484857;429420,04424661817;6777512,027463639;60,5;15432,03125;60,16;Santa Tereza
17,628379598979997;429391,407203417;6777483,390420438;60,5;15432,048828125;60,14;Santa Tereza
17,66887810547514;429362,7701602158;6777454,753377237;60,5;15432,1103515625;60,12;Santa Tereza
17,709376611970285;429334,13311701454;6777426,116334036;60,0;15432,1572265625;60,1;Santa Tereza
17,74987511846543;429305,49607381335;6777397,479290835;60,0;15432,2119140625;60,08;Santa Tereza
17,790373624960573;429276,85903061216;6777368,842247633;60,0;15432,224609375;60,06;Santa Tereza
17,830872131455717;429248,2219874109;6777340,205204432;60,0;15432,2578125;60,04;Santa Tereza
17,871370637950857;429219,5849442097;6777311,5681612305;60,0;15432,3720703125;60,02;Santa Tereza
17,911869144446;429190,94790100853;6777282,93111803;60,0;15432,4052734375;60,0;Santa Tereza
17,952367650941145;429162,31085780734;6777254,294074829;60,0;15432,427734375;60,0;Santa Tereza
17,99286615743629;429133,67381460615;6777225,657031627;60,0;15432,4404296875;59,98;Santa Tereza
18,033364663931433;429105,0367714049;6777197,019988426;60,0;15432,5244140625;59,96;Santa Tereza
18,073863170426577;429076,3997282037;6777168,382945225;60,0;15432,5419921875;59,94;Santa Tereza
18,114361676921718;429047,7626850025;6777139,745902023;60,0;15432,5849609375;59,92;São Valentim do Sul
18,15486018341686;429019,1256418013;6777111,108858823;60,0;15432,6123046875;59,9;São Valentim do Sul
18,195358689912005;428990,4885986001;6777082,4718156215;60,0;15432,6943359375;59,88;São Valentim do Sul
18,23585719640715;428961,8515553989;6777053,83477242;60,0;15432,7646484375;59,86;São Valentim do Sul
18,264494239608354;428933,2145121977;6777053,83477242;60,959999084472656;15432,7724609375;59,84;São Valentim do Sul
18,304992746103498;428904,5774689965;6777025,197729219;60,0;15432,8056640625;59,82;São Valentim do Sul
18,34549125259864;428875,94042579527;6776996,560686017;60,0;15432,8232421875;59,8;São Valentim do Sul
18,374128295799846;428847,3033825941;6776996,560686017;60,04999923706055;15432,828125;59,78;São Valentim do Sul
18,41462680229499;428818,6663393929;6776967,923642817;60,0;15432,8603515625;59,76;São Valentim do Sul
18,45512530879013;428790,0292961917;6776939,286599616;60,0;15432,9375;59,74;São Valentim do Sul
18,495623815285274;428761,3922529905;6776910,649556414;60,0;15432,958984375;59,72;São Valentim do Sul
18,536122321780418;428732,75520978926;6776882,012513213;60,0;15432,9775390625;59,7;São Valentim do Sul
18,564759364981622;428704,1181665881;6776882,012513213;60,0;15432,9833984375;59,68;São Valentim do Sul
18,605257871476766;428675,4811233869;6776853,3754700115;60,0;15433,0078125;59,66;São Valentim do Sul
18,63389491467797;428646,84408018563;6776853,3754700115;60,0;15433,015625;59,64;São Valentim do Sul
18,674393421173114;428618,20703698444;6776824,73842681;60,0;15433,0478515625;59,62;São Valentim do Sul
18,71489192766826;428589,56999378325;6776796,10138361;59,5;15433,0732421875;59,6;São Valentim do Sul
18,743528970869463;428560,93295058206;6776796,10138361;59,5;15433,078125;59,58;São Valentim do Sul
18,772166014070667;428532,2959073809;6776796,10138361;59,5;15433,0810546875;59,56;São Valentim do Sul
18,81266452056581;428503,6588641796;6776767,464340408;59,5;15433,08984375;59,54;São Valentim do Sul
18,853163027060955;428475,02182097844;6776738,827297207;59,5;15433,0986328125;59,52;São Valentim do Sul
18,893661533556095;428446,38477777725;6776710,190254006;59,5;15435,599609375;59,5;Santa Tereza
18,9222985767573;428417,747734576;6776710,190254006;59,5;15435,6025390625;59,5;São Valentim do Sul
18,962797083252443;428389,1106913748;6776681,553210804;59,5;15435,611328125;59,5;Santa Tereza
18,991434126453647;428360,4736481736;6776681,553210804;59,5;15435,6142578125;59,5;Santa Tereza
19,02007116965485;428331,8366049724;6776681,553210804;59,5;15435,6162109375;59,5;São Valentim do Sul
19,04870821285606;428303,19956177124;6776681,553210804;59,5;15446,1591796875;59,5;São Valentim do Sul
19,077345256057264;428274,56251857;6776681,553210804;59,5;15446,162109375;59,5;São Valentim do Sul
19,105982299258468;428245,9254753688;6776681,553210804;59,5;15446,162109375;59,5;São Valentim do Sul
19,134619342459672;428217,2884321676;6776681,553210804;59,5;15446,1640625;59,5;São Valentim do Sul
19,163256385660876;428188,65138896636;6776681,553210804;59,5;15446,1650390625;59,5;Muçum
19,19189342886208;428160,0143457652;6776681,553210804;59,5;15446,1787109375;59,5;Muçum
19,220530472063285;428131,377302564;6776681,553210804;59,5;15446,189453125;59,5;Muçum
19,26102897855843;428102,7402593628;6776652,916167603;59,5;15446,21875;59,48;Muçum
19,289666021759633;428074,1032161616;6776652,916167603;59,5;15446,2197265625;59,46;Muçum
19,318303064960837;428045,46617296035;6776652,916167603;59,5;15446,22265625;59,44;Muçum
19,34694010816204;428016,82912975916;6776652,916167603;59,5;15446,224609375;59,42;Muçum
19,375577151363245;427988,192086558;6776652,916167603;59,5;15446,224609375;59,4;Muçum
19,40421419456445;427959,5550433568;6776652,916167603;59,5;15446,224609375;59,38;Muçum
19,432851237765654;427930,9180001556;6776652,916167603;59,5;15446,2265625;59,36;Muçum
19,46148828096686;427902,28095695435;6776652,916167603;59,5;15446,2275390625;59,34;Muçum
19,490125324168066;427873,64391375316;6776652,916167603;59,5;15446,2275390625;59,32;Muçum
19,51876236736927;427845,00687055197;6776652,916167603;59,5;15446,2275390625;59,3;Muçum
19,547399410570474;427816,3698273507;6776652,916167603;59,5;15446,23046875;59,28;Muçum
19,57603645377168;427787,7327841495;6776652,916167603;59,5;15446,2314453125;59,26;Muçum
19,604673496972882;427759,09574094834;6776652,916167603;59,5;15446,2314453125;59,24;Muçum
19,633310540174087;427730,45869774715;6776652,916167603;59,5;15446,2314453125;59,22;Muçum
19,66194758337529;427701,82165454596;6776652,916167603;59,5;15446,2333984375;59,2;Muçum
19,690584626576495;427673,1846113447;6776652,916167603;59,5;15446,2353515625;59,18;Muçum
19,7192216697777;427644,5475681435;6776652,916167603;59,5;15446,2353515625;59,16;Muçum
19,747858712978903;427615,91052494233;6776652,916167603;59,5;15446,2353515625;59,14;Muçum
19,776495756180108;427587,2734817411;6776652,916167603;59,5;15446,236328125;59,12;Muçum
19,805132799381315;427558,6364385399;6776652,916167603;59,0;15446,23828125;59,1;Muçum
19,83376984258252;427529,9993953387;6776652,916167603;59,0;15446,23828125;59,08;Muçum
19,862406885783724;427501,3623521375;6776652,916167603;59,0;15446,23828125;59,06;Muçum
19,891043928984928;427472,7253089363;6776652,916167603;59,0;15446,2392578125;59,04;Muçum
19,919680972186132;427444,0882657351;6776652,916167603;59,0;15446,2412109375;59,02;Muçum
19,948318015387336;427415,4512225339;6776652,916167603;59,0;15446,2412109375;59,0;Muçum
19,97695505858854;427386,8141793327;6776652,916167603;59,0;15446,2412109375;59,0;Muçum
20,005592101789745;427358,17713613145;6776652,916167603;59,0;15446,2431640625;59,0;Muçum
20,03422914499095;427329,54009293026;6776652,916167603;59,0;15446,244140625;59,0;Muçum
20,062866188192153;427300,90304972907;6776652,916167603;59,0;15446,244140625;59,0;Muçum
20,091503231393357;427272,2660065279;6776652,916167603;59,0;15448,0380859375;59,0;Muçum
20,120140274594565;427243,6289633267;6776652,916167603;59,0;15448,130859375;59,0;Muçum
20,14877731779577;427214,99192012544;6776652,916167603;59,0;15448,130859375;59,0;Muçum
20,177414360996973;427186,35487692425;6776652,916167603;59,0;15448,1376953125;59,0;Muçum
20,206051404198178;427157,71783372306;6776652,916167603;59,0;15448,1572265625;59,0;Muçum
20,24654991069332;427129,08079052187;6776681,553210804;59,0;15448,7275390625;59,0;Muçum
20,275186953894526;427100,4437473207;6776681,553210804;59,0;15448,732421875;58,98;Muçum
20,30382399709573;427071,80670411943;6776681,553210804;59,0;15448,7373046875;58,96;Muçum
20,332461040296934;427043,16966091824;6776681,553210804;59,0;15448,7392578125;58,94;Muçum
20,36109808349814;427014,53261771705;6776681,553210804;59,0;15448,7412109375;58,92;Muçum
20,389735126699343;426985,8955745158;6776681,553210804;59,0;15448,7490234375;58,9;Muçum
20,418372169900547;426957,2585313146;6776681,553210804;59,0;15448,7763671875;58,88;Muçum
20,44700921310175;426928,6214881134;6776681,553210804;59,0;15448,7919921875;58,86;Muçum
20,475646256302955;426899,98444491223;6776681,553210804;59,0;15448,794921875;58,84;Muçum
20,50428329950416;426871,34740171104;6776681,553210804;59,0;15448,7958984375;58,82;Muçum
20,532920342705367;426842,7103585098;6776681,553210804;59,0;15448,7958984375;58,8;Muçum
20,56155738590657;426814,0733153086;6776681,553210804;59,0;15448,828125;58,78;Muçum
20,590194429107775;426785,4362721074;6776681,553210804;59,0;15448,8291015625;58,76;Muçum
20,61883147230898;426756,79922890617;6776681,553210804;59,0;15448,8388671875;58,74;Muçum
20,647468515510184;426728,162185705;6776681,553210804;59,0;15448,8388671875;58,72;Muçum
20,676105558711388;426699,5251425038;6776681,553210804;59,0;15448,8388671875;58,7;Muçum
20,704742601912592;426670,8880993026;6776681,553210804;59,0;15448,8408203125;58,68;Muçum
20,733379645113796;426642,2510561014;6776681,553210804;59,0;15448,841796875;58,66;Muçum
20,762016688315;426613,61401290016;6776681,553210804;59,0;15448,841796875;58,64;Muçum
20,790653731516205;426584,97696969897;6776681,553210804;59,0;15448,841796875;58,62;Muçum
20,81929077471741;426556,3399264978;6776681,553210804;58,5;15451,2431640625;58,6;Muçum
20,847927817918613;426556,3399264978;6776652,916167603;58,5;15451,2451171875;58,58;Muçum
20,87656486111982;426556,3399264978;6776624,279124402;58,5;15451,2470703125;58,56;Muçum
20,905201904321025;426556,3399264978;6776595,642081201;58,5;15451,2470703125;58,54;Muçum
20,93383894752223;426556,3399264978;6776567,005038;58,5;15451,2470703125;58,52;Muçum
20,962475990723433;426556,3399264978;6776538,367994798;58,5;15451,283203125;58,5;Muçum
20,991113033924638;426556,3399264978;6776509,730951597;58,83000183105469;15451,466796875;58,5;Muçum
21,03161154041978;426527,70288329653;6776481,093908396;58,5;15451,4970703125;58,5;Muçum
21,072110046914926;426499,06584009534;6776452,456865195;58,5;15451,5185546875;58,48;Muçum
21,10074709011613;426499,06584009534;6776423,819821994;58,5;15451,53125;58,46;Santa Tereza
21,141245596611274;426470,42879689415;6776395,182778792;58,5;15451,5390625;58,44;Santa Tereza
21,169882639812478;426470,42879689415;6776366,545735591;58,5;15451,5400390625;58,42;Santa Tereza
21,198519683013682;426470,42879689415;6776337,90869239;58,5;15451,5458984375;58,4;Santa Tereza
21,227156726214886;426470,42879689415;6776309,271649188;58,5;15451,548828125;58,38;Santa Tereza
21,25579376941609;426470,42879689415;6776280,634605988;58,5;15451,55078125;58,36;Santa Tereza
21,284430812617295;426470,42879689415;6776251,997562787;58,5;15451,5517578125;58,34;Santa Tereza
21,3130678558185;426470,42879689415;6776223,360519585;58,5;15451,5517578125;58,32;Santa Tereza
21,341704899019703;426470,42879689415;6776194,723476384;58,5;15451,5517578125;58,3;Santa Tereza
21,370341942220907;426470,42879689415;6776166,0864331825;58,5;15451,5537109375;58,28;Santa Tereza
21,39897898542211;426470,42879689415;6776137,449389982;58,5;15451,5556640625;58,26;Santa Tereza
21,427616028623316;426470,42879689415;6776108,812346781;58,5;15451,5556640625;58,24;Santa Tereza
21,45625307182452;426470,42879689415;6776080,175303579;58,5;15451,5556640625;58,22;Santa Tereza
21,484890115025728;426470,42879689415;6776051,538260378;58,5;15451,556640625;58,2;Santa Tereza
21,513527158226932;426470,42879689415;6776022,901217177;58,5;15451,55859375;58,18;Muçum
21,542164201428136;426470,42879689415;6775994,264173975;58,5;15454,7734375;58,16;Muçum
21,57080124462934;426470,42879689415;6775965,627130775;58,5;15454,7734375;58,12;Muçum
21,599438287830544;426470,42879689415;6775936,990087573;58,5;15454,8134765625;58,08;Muçum
21,63993679432569;426499,06584009534;6775908,353044372;58,0;15454,841796875;58,04;Muçum
21,680435300820832;426527,70288329653;6775879,716001171;58,0;15455,8662109375;58,0;Santa Tereza
21,720933807315973;426556,3399264978;6775851,078957969;58,0;15455,8818359375;57,96;Santa Tereza
21,761432313811117;426584,97696969897;6775822,441914768;58,0;15455,9775390625;57,92;Santa Tereza
21,79006935701232;426584,97696969897;6775793,8048715675;58,0;15455,9775390625;57,88;Santa Tereza
21,818706400213525;426584,97696969897;6775765,167828366;58,0;15455,978515625;57,84;Santa Tereza
21,847343443414733;426584,97696969897;6775736,530785165;58,0;15455,98046875;57,82;Santa Tereza
21,875980486615937;426584,97696969897;6775707,893741963;58,54999923706055;15456,001953125;57,8;Muçum
21,916478993111078;426613,61401290016;6775679,256698762;58,0;15456,0234375;57,78;Santa Tereza
21,945116036312285;426613,61401290016;6775650,619655561;58,0;15456,041015625;57,76;Santa Tereza
21,97375307951349;426613,61401290016;6775621,98261236;58,0;15456,0595703125;57,74;Muçum
22,002390122714694;426613,61401290016;6775593,345569159;58,689998626708984;15456,1064453125;57,72;Muçum
22,042888629209838;426642,2510561014;6775564,708525958;58,0;15456,1396484375;57,7;Santa Tereza
22,071525672411042;426642,2510561014;6775536,071482756;58,0;15456,171875;57,68;Muçum
22,100162715612246;426642,2510561014;6775507,434439555;58,0;15456,201171875;57,66;Muçum
22,14066122210739;426670,8880993026;6775478,797396353;58,0;15456,4462890625;57,62;Santa Tereza
22,169298265308594;426670,8880993026;6775450,160353153;58,0;15456,455078125;57,58;Muçum
22,209796771803735;426699,5251425038;6775421,523309952;57,5;15456,4794921875;57,54;Santa Tereza
22,238433815004942;426699,5251425038;6775392,88626675;57,5;15456,501953125;57,5;Muçum
22,267070858206147;426699,5251425038;6775364,249223549;57,5;15456,5810546875;57,46;Muçum
22,29570790140735;426699,5251425038;6775335,612180348;57,5;15456,595703125;57,42;Muçum
22,324344944608555;426699,5251425038;6775306,975137147;57,5;15456,5966796875;57,38;Muçum
22,35298198780976;426699,5251425038;6775278,338093946;57,5;15456,599609375;57,34;Muçum
22,381619031010963;426699,5251425038;6775249,701050744;57,5;15456,6044921875;57,32;Muçum
22,410256074212167;426699,5251425038;6775221,064007543;57,5;15456,61328125;57,3;Muçum
22,43889311741337;426699,5251425038;6775192,426964342;57,5;15456,8447265625;57,28;Muçum
22,467530160614576;426699,5251425038;6775163,78992114;57,5;15456,849609375;57,26;Muçum
22,50802866710972;426728,162185705;6775135,15287794;57,5;15456,8720703125;57,24;Muçum
22,536665710310924;426728,162185705;6775106,5158347385;57,5;15456,8857421875;57,22;Muçum
22,565302753512128;426728,162185705;6775077,878791537;57,5;15456,888671875;57,2;Muçum
22,593939796713332;426728,162185705;6775049,241748336;57,5;15456,890625;57,18;Muçum
22,622576839914537;426728,162185705;6775020,604705134;57,5;15456,8994140625;57,16;Muçum
22,66307534640968;426756,79922890617;6774991,967661933;57,5;15456,9130859375;57,14;Muçum
22,691712389610885;426756,79922890617;6774963,330618733;57,5;15456,9541015625;57,12;Muçum
22,72034943281209;426756,79922890617;6774934,693575531;57,0;15456,9775390625;57,08;Muçum
22,748986476013297;426756,79922890617;6774906,05653233;57,0;15456,9833984375;57,04;Muçum
22,7776235192145;426756,79922890617;6774877,4194891285;57,0;15457,033203125;57,0;Muçum
22,806260562415705;426756,79922890617;6774848,782445927;57,0;15457,03515625;56,96;Muçum
22,83489760561691;426756,79922890617;6774820,145402726;57,0;15457,0732421875;56,92;Muçum
22,863534648818113;426756,79922890617;6774791,508359525;57,0;15457,125;56,88;Muçum
22,904033155313257;426785,4362721074;6774762,871316324;57,0;15457,2890625;56,86;Muçum
22,93267019851446;426785,4362721074;6774734,234273123;57,0;15457,2919921875;56,84;Muçum
22,961307241715666;426785,4362721074;6774705,597229921;57,0;15457,2919921875;56,82;Muçum
22,98994428491687;426785,4362721074;6774676,96018672;57,0;15457,3291015625;56,8;Muçum
23,018581328118074;426785,4362721074;6774648,3231435185;57,0;15457,3349609375;56,78;Muçum
23,059079834613218;426814,0733153086;6774619,686100318;57,0;15457,427734375;56,76;Muçum
23,087716877814422;426814,0733153086;6774591,049057117;57,0;15457,462890625;56,74;Muçum
23,128215384309566;426842,7103585098;6774562,412013915;57,0;15457,6142578125;56,72;Muçum
23,15685242751077;426842,7103585098;6774533,774970714;57,0;15457,626953125;56,7;Muçum
23,197350934005915;426871,34740171104;6774505,137927513;57,0;15457,7861328125;56,68;Muçum
23,23784944050106;426899,98444491223;6774476,500884312;57,0;15457,8779296875;56,66;Muçum
23,266486483702263;426899,98444491223;6774447,863841111;57,810001373291016;15459,0869140625;56,62;Muçum
23,306984990197403;426928,6214881134;6774419,2267979095;57,16999816894531;15459,1240234375;56,58;Muçum
23,347483496692547;426957,2585313146;6774390,589754708;56,5;15459,2314453125;56,54;Muçum
23,37612053989375;426957,2585313146;6774361,952711507;56,5;15459,2412109375;56,5;Muçum
23,416619046388895;426985,8955745158;6774333,315668305;56,5;15459,244140625;56,46;Muçum
23,4452560895901;426985,8955745158;6774304,678625105;56,5;15459,2490234375;56,42;Muçum
23,473893132791304;426985,8955745158;6774276,041581904;56,779998779296875;15459,2607421875;56,38;Muçum
23,514391639286448;427014,53261771705;6774247,404538702;56,5;15459,59765625;56,34;Muçum
23,543028682487652;427014,53261771705;6774218,767495501;56,5;15459,7802734375;56,32;Muçum
23,583527188982796;427043,16966091824;6774190,1304522995;56,5;15459,7890625;56,3;Muçum
23,612164232184;427043,16966091824;6774161,493409098;56,5;15459,7939453125;56,28;Muçum
23,640801275385204;427043,16966091824;6774132,856365898;56,5;15459,798828125;56,26;Muçum
23,66943831858641;427043,16966091824;6774104,219322696;56,5;15459,8740234375;56,24;Muçum
23,709936825081552;427071,80670411943;6774075,582279495;56,5;15459,9404296875;56,22;Muçum
23,738573868282757;427071,80670411943;6774046,945236294;56,5;15460,1171875;56,2;Muçum
23,7790723747779;427100,4437473207;6774018,308193092;56,5;15460,1298828125;56,16;Muçum
23,807709417979105;427100,4437473207;6773989,671149891;56,5;15460,1337890625;56,12;Muçum
23,83634646118031;427100,4437473207;6773961,03410669;56,5;15460,134765625;56,08;Muçum
23,864983504381513;427100,4437473207;6773932,397063489;56,5;15460,177734375;56,04;Muçum
23,89362054758272;427100,4437473207;6773903,760020288;56,0;15460,18359375;56,0;Muçum
23,93411905407786;427129,08079052187;6773875,122977086;56,0;15460,23046875;55,96;Muçum
23,962756097279065;427129,08079052187;6773846,485933885;56,0;15460,302734375;55,92;Muçum
23,991393140480273;427129,08079052187;6773817,848890684;56,0;15460,34375;55,88;Muçum
24,031891646975414;427157,71783372306;6773789,211847483;56,0;15460,3564453125;55,84;Muçum
24,060528690176618;427157,71783372306;6773760,574804282;56,0;15460,3642578125;55,8;Muçum
24,10102719667176;427186,35487692425;6773731,93776108;56,0;15461,5380859375;55,78;Muçum
24,141525703166906;427214,99192012544;6773703,300717879;56,0;15461,5537109375;55,76;Muçum
24,18202420966205;427243,6289633267;6773674,663674678;56,0;15461,658203125;55,74;Muçum
24,222522716157194;427272,2660065279;6773646,026631477;56,0;15461,8193359375;55,7;Muçum
24,263021222652338;427300,90304972907;6773617,389588276;56,0;15461,8623046875;55,66;Muçum
24,303519729147478;427329,54009293026;6773588,752545075;56,0;15461,9111328125;55,62;Muçum
24,344018235642622;427358,17713613145;6773560,115501873;56,0;15461,93359375;55,58;Santa Tereza
24,384516742137766;427386,8141793327;6773531,478458672;56,0;15462,0029296875;55,54;Santa Tereza
24,42501524863291;427415,4512225339;6773502,8414154705;56,0;15462,015625;55,5;Santa Tereza
24,465513755128054;427444,0882657351;6773474,20437227;55,5;15462,044921875;55,46;Santa Tereza
24,506012261623198;427472,7253089363;6773445,567329069;55,5;15462,048828125;55,42;Santa Tereza
24,54651076811834;427501,3623521375;6773416,930285867;55,5;15462,0751953125;55,38;Santa Tereza
24,587009274613482;427529,9993953387;6773388,293242666;55,5;15462,0947265625;55,34;Santa Tereza
24,627507781108626;427558,6364385399;6773359,656199465;55,5;15462,09765625;55,3;Santa Tereza
24,66800628760377;427587,2734817411;6773331,019156263;55,5;15462,103515625;55,26;Santa Tereza
24,708504794098914;427615,91052494233;6773302,382113063;55,5;15462,1103515625;55,24;Santa Tereza
24,749003300594058;427644,5475681435;6773273,745069861;55,5;15462,1162109375;55,2;Santa Tereza
24,7895018070892;427673,1846113447;6773245,10802666;55,5;15462,12109375;55,16;Santa Tereza
24,830000313584343;427701,82165454596;6773216,470983459;55,5;15462,1220703125;55,12;Santa Tereza
24,870498820079487;427730,45869774715;6773187,833940257;55,5;15462,130859375;55,08;Santa Tereza
24,91099732657463;427759,09574094834;6773159,196897056;55,5;15462,1376953125;55,04;Santa Tereza
24,951495833069774;427787,7327841495;6773130,5598538555;55,5;15462,140625;55,0;Santa Tereza
24,99199433956492;427816,3698273507;6773101,922810654;55,0;15462,140625;54,96;Santa Tereza
25,03249284606006;427845,00687055197;6773073,285767453;55,0;15462,142578125;54,92;Santa Tereza
25,072991352555203;427873,64391375316;6773044,648724251;55,0;15462,1435546875;54,88;Santa Tereza
25,113489859050347;427902,28095695435;6773016,01168105;55,0;15462,1435546875;54,84;Santa Tereza
25,15398836554549;427930,9180001556;6772987,374637849;55,0;15462,1435546875;54,8;Santa Tereza
25,194486872040635;427959,5550433568;6772958,737594648;55,0;15462,146484375;54,76;Santa Tereza
25,23498537853578;427988,192086558;6772930,100551447;55,0;15462,1474609375;54,74;Santa Tereza
25,27548388503092;428016,82912975916;6772901,463508246;55,0;15462,1474609375;54,72;Santa Tereza
25,315982391526063;428045,46617296035;6772872,826465044;55,0;15462,1474609375;54,7;Santa Tereza
25,356480898021207;428074,1032161616;6772844,189421843;55,0;15462,1494140625;54,68;Santa Tereza
25,39697940451635;428102,7402593628;6772815,552378642;55,0;15462,1513671875;54,64;Muçum
25,437477911011495;428131,377302564;6772786,915335441;55,0;15462,1513671875;54,6;Muçum
25,47797641750664;428160,0143457652;6772758,27829224;55,0;15462,1513671875;54,56;Muçum
25,51847492400178;428188,65138896636;6772729,641249038;54,5;15462,1630859375;54,52;Muçum
25,547111967202987;428188,65138896636;6772701,004205837;54,5;15462,1630859375;54,48;Muçum
25,57574901040419;428188,65138896636;6772672,367162636;54,5;15462,1650390625;54,44;Muçum
25,604386053605396;428188,65138896636;6772643,730119435;54,5;15463,021484375;54,4;Muçum
25,6330230968066;428188,65138896636;6772615,093076234;54,5;15463,0888671875;54,36;Muçum
25,661660140007804;428188,65138896636;6772586,456033032;54,5;15463,1279296875;54,32;Muçum
25,702158646502948;428217,2884321676;6772557,818989831;54,5;15684,8349609375;54,3;Muçum
25,742657152998092;428245,9254753688;6772529,18194663;54,5;15684,93359375;54,28;Muçum
25,783155659493232;428274,56251857;6772500,544903428;54,5;15684,9794921875;54,26;Muçum
25,823654165988376;428303,19956177124;6772471,907860228;54,5;15685,001953125;54,24;Muçum
25,86415267248352;428331,8366049724;6772443,2708170265;54,5;15685,0263671875;54,22;Muçum
25,904651178978664;428360,4736481736;6772414,633773825;54,5;15685,0517578125;54,18;Muçum
25,945149685473808;428389,1106913748;6772385,996730624;54,5;15685,06640625;54,14;Muçum
25,985648191968952;428417,747734576;6772357,359687422;54,5;15685,078125;54,1;Muçum
26,026146698464093;428446,38477777725;6772328,722644221;54,5;15685,12109375;54,06;Muçum
26,066645204959237;428475,02182097844;6772300,085601021;54,5;15685,126953125;54,02;Muçum
26,09528224816044;428475,02182097844;6772271,448557819;54,0;15685,1298828125;53,98;Muçum
26,123919291361645;428475,02182097844;6772242,811514618;54,0;15685,162109375;53,94;Muçum
26,16441779785679;428503,6588641796;6772214,1744714165;54,0;15685,2705078125;53,9;Muçum
26,204916304351933;428532,2959073809;6772185,537428215;54,0;15685,2880859375;53,86;Muçum
26,245414810847077;428560,93295058206;6772156,900385014;54,0;15685,35546875;53,82;Muçum
26,28591331734222;428589,56999378325;6772128,263341813;54,0;15685,36328125;53,78;Muçum
26,314550360543425;428589,56999378325;6772099,626298612;54,0;15685,380859375;53,76;Muçum
26,35504886703857;428618,20703698444;6772070,989255411;54,0;15685,404296875;53,74;Muçum
26,383685910239773;428618,20703698444;6772042,352212209;54,0;15685,4052734375;53,72;Muçum
26,412322953440977;428618,20703698444;6772013,715169008;54,0;15685,4052734375;53,7;Muçum
26,44095999664218;428618,20703698444;6771985,078125807;54,0;15685,4140625;53,68;Muçum
26,469597039843386;428618,20703698444;6771956,441082606;54,0;15685,4267578125;53,64;Muçum
26,49823408304459;428618,20703698444;6771927,804039405;54,0;15685,4296875;53,6;Muçum
26,526871126245794;428618,20703698444;6771899,166996203;54,0;15685,4326171875;53,56;Muçum
26,555508169447;428618,20703698444;6771870,529953002;53,5;15685,48828125;53,52;Muçum
26,584145212648203;428618,20703698444;6771841,892909801;53,5;15685,4921875;53,48;Muçum
26,612782255849407;428618,20703698444;6771813,2558666;53,5;15685,4921875;53,44;Muçum
26,64141929905061;428618,20703698444;6771784,618823399;53,5;15685,4921875;53,4;Muçum
26,67005634225182;428618,20703698444;6771755,9817801975;53,5;15685,4931640625;53,36;Muçum
26,698693385453023;428618,20703698444;6771727,344736996;53,5;15685,4951171875;53,32;Muçum
26,727330428654227;428618,20703698444;6771698,707693795;53,5;15686,1767578125;53,3;Muçum
26,76782893514937;428589,56999378325;6771670,070650593;53,5;15686,1962890625;53,28;Muçum
26,80832744164451;428560,93295058206;6771641,433607393;53,5;15686,203125;53,26;Muçum
26,848825948139655;428532,2959073809;6771612,796564192;53,5;15686,3291015625;53,24;Muçum
26,8893244546348;428503,6588641796;6771584,15952099;53,5;15686,3642578125;53,22;Muçum
26,929822961129943;428475,02182097844;6771555,522477789;53,5;15687,33203125;53,2;Muçum
26,970321467625087;428446,38477777725;6771526,8854345875;53,5;15687,3447265625;53,16;Muçum
27,01081997412023;428417,747734576;6771498,248391386;53,5;15687,3642578125;53,12;Muçum
27,05131848061537;428389,1106913748;6771469,611348186;53,5;15687,39453125;53,08;Muçum
27,091816987110516;428360,4736481736;6771440,974304984;53,5;15687,4072265625;53,04;Muçum
27,13231549360566;428331,8366049724;6771412,337261783;53,0;15687,4267578125;53,0;Muçum
27,160952536806864;428303,19956177124;6771412,337261783;53,0;15687,4296875;52,96;Muçum
27,201451043302008;428274,56251857;6771383,700218582;53,0;15687,552734375;52,92;Muçum
27,24194954979715;428245,9254753688;6771355,06317538;53,0;15687,5810546875;52,88;Muçum
27,282448056292296;428217,2884321676;6771326,426132179;53,0;15687,5908203125;52,84;Muçum
27,3110850994935;428188,65138896636;6771326,426132179;53,0;15687,5908203125;52,8;Muçum
27,351583605988644;428160,0143457652;6771355,06317538;53,0;15687,5966796875;52,78;Muçum
27,380220649189848;428131,377302564;6771355,06317538;53,0;15687,6044921875;52,76;Muçum
27,408857692391052;428102,7402593628;6771355,06317538;53,0;15687,6103515625;52,74;Muçum
27,437494735592256;428074,1032161616;6771355,06317538;53,0;15687,6171875;52,72;Muçum
27,46613177879346;428045,46617296035;6771355,06317538;53,0;15687,6220703125;52,68;Muçum
27,494768821994665;428016,82912975916;6771355,06317538;53,0;15687,69921875;52,64;Muçum
27,53526732848981;427988,192086558;6771326,426132179;53,0;15687,703125;52,6;Muçum
27,563904371691013;427959,5550433568;6771326,426132179;53,0;15687,708984375;52,56;Muçum
27,592541414892217;427930,9180001556;6771326,426132179;53,0;15687,708984375;52,52;Muçum
27,62117845809342;427902,28095695435;6771326,426132179;52,5;15687,7216796875;52,48;Muçum
27,649815501294626;427873,64391375316;6771326,426132179;52,5;15687,728515625;52,44;Muçum
27,67845254449583;427845,00687055197;6771326,426132179;52,5;15687,73046875;52,4;Muçum
27,707089587697034;427816,3698273507;6771326,426132179;52,5;15687,7353515625;52,36;Muçum
27,735726630898238;427787,7327841495;6771326,426132179;52,5;15687,73828125;52,32;Muçum
27,764363674099446;427759,09574094834;6771326,426132179;52,5;15687,7412109375;52,28;Muçum
27,804862180594586;427730,45869774715;6771297,789088978;52,5;15687,8125;52,26;Muçum
27,84536068708973;427701,82165454596;6771269,152045777;52,5;15687,830078125;52,24;Muçum
27,885859193584874;427673,1846113447;6771240,515002576;52,5;15687,833984375;52,22;Muçum
27,91449623678608;427644,5475681435;6771240,515002576;52,5;15687,8359375;52,2;Muçum
27,943133279987283;427615,91052494233;6771240,515002576;52,5;15687,8369140625;52,18;Muçum
27,971770323188487;427587,2734817411;6771240,515002576;52,5;15687,83984375;52,16;Muçum
28,01226882968363;427558,6364385399;6771211,877959374;52,5;15687,8466796875;52,12;Muçum
28,040905872884835;427529,9993953387;6771211,877959374;52,5;15688,703125;52,08;Muçum
28,06954291608604;427501,3623521375;6771211,877959374;52,0;15688,708984375;52,04;Muçum
28,098179959287243;427472,7253089363;6771211,877959374;52,0;15688,708984375;52,0;Muçum
28,126817002488448;427444,0882657351;6771211,877959374;52,0;15688,7158203125;51,96;Muçum
28,16731550898359;427415,4512225339;6771183,240916173;52,0;15688,72265625;51,92;Muçum
28,195952552184796;427386,8141793327;6771183,240916173;52,0;15688,7255859375;51,88;Muçum
28,224589595386;427358,17713613145;6771183,240916173;52,0;15688,73046875;51,84;Muçum
28,253226638587208;427329,54009293026;6771183,240916173;52,0;15688,732421875;51,82;Muçum
28,281863681788412;427300,90304972907;6771183,240916173;52,0;15688,7353515625;51,8;Muçum
28,310500724989616;427272,2660065279;6771183,240916173;52,0;15688,7548828125;51,78;Muçum
28,33913776819082;427243,6289633267;6771183,240916173;52,0;15688,7607421875;51,76;Muçum
28,367774811392025;427214,99192012544;6771183,240916173;52,0;15688,765625;51,74;Muçum
28,39641185459323;427186,35487692425;6771183,240916173;52,0;15688,7685546875;51,72;Muçum
28,425048897794433;427157,71783372306;6771183,240916173;52,0;15688,771484375;51,7;Muçum
28,453685940995637;427129,08079052187;6771183,240916173;52,0;15688,771484375;51,66;Muçum
28,48232298419684;427100,4437473207;6771183,240916173;52,0;15688,771484375;51,62;Muçum
28,510960027398045;427071,80670411943;6771183,240916173;52,0;15688,7734375;51,58;Muçum
28,53959707059925;427043,16966091824;6771183,240916173;52,0;15688,7744140625;51,54;Muçum
28,568234113800457;427014,53261771705;6771183,240916173;51,5;15688,7744140625;51,5;Muçum
28,59687115700166;426985,8955745158;6771183,240916173;51,5;15688,7744140625;51,46;Muçum
28,625508200202866;426957,2585313146;6771183,240916173;51,5;15688,7763671875;51,42;Muçum
28,65414524340407;426928,6214881134;6771183,240916173;51,5;15688,7783203125;51,38;Muçum
28,682782286605274;426899,98444491223;6771183,240916173;51,5;15688,7783203125;51,34;Muçum
28,71141932980648;426871,34740171104;6771183,240916173;51,5;15688,7783203125;51,3;Muçum
28,740056373007683;426842,7103585098;6771183,240916173;51,5;15688,779296875;51,28;Muçum
28,768693416208887;426814,0733153086;6771183,240916173;51,5;15688,7822265625;51,26;Muçum
28,79733045941009;426785,4362721074;6771183,240916173;51,5;15688,7822265625;51,24;Muçum
28,825967502611295;426756,79922890617;6771183,240916173;51,5;15688,7822265625;51,22;Muçum
28,8546045458125;426728,162185705;6771183,240916173;51,5;15688,783203125;51,18;Muçum
28,883241589013707;426699,5251425038;6771183,240916173;51,5;15688,78515625;51,14;Muçum
28,91187863221491;426670,8880993026;6771183,240916173;51,5;15688,78515625;51,1;Muçum
28,940515675416115;426642,2510561014;6771183,240916173;51,5;15688,78515625;51,06;Muçum
28,96915271861732;426613,61401290016;6771183,240916173;51,5;15688,787109375;51,02;Muçum
28,997789761818524;426584,97696969897;6771183,240916173;51,0;15688,7880859375;50,98;Muçum
29,026426805019728;426556,3399264978;6771183,240916173;51,0;15688,7880859375;50,94;Muçum
29,055063848220932;426527,70288329653;6771183,240916173;51,0;15688,7880859375;50,9;Muçum
29,083700891422136;426499,06584009534;6771183,240916173;51,0;15688,7900390625;50,86;Muçum
29,11233793462334;426470,42879689415;6771183,240916173;51,0;15688,791015625;50,82;Santa Tereza
29,140974977824545;426441,79175369296;6771183,240916173;51,0;15694,712890625;50,78;Santa Tereza
29,16961202102575;426413,15471049177;6771183,240916173;51,0;15712,0419921875;50,76;Santa Tereza
29,210110527520893;426384,5176672905;6771211,877959374;51,0;15712,404296875;50,74;Santa Tereza
29,238747570722097;426355,88062408933;6771211,877959374;51,560001373291016;15712,412109375;50,72;Santa Tereza
29,27924607721724;426327,24358088814;6771240,515002576;51,0;15712,42578125;50,7;Santa Tereza
29,319744583712385;426298,60653768695;6771269,152045777;51,0;15712,447265625;50,66;Muçum
29,36024309020753;426269,96949448576;6771297,789088978;51,0;15712,6552734375;50,62;Muçum
29,400741596702673;426241,3324512845;6771326,426132179;51,0;15712,66015625;50,58;Muçum
29,441240103197813;426212,6954080833;6771355,06317538;51,0;15712,7333984375;50,54;Muçum
29,481738609692957;426184,05836488213;6771383,700218582;50,5;15712,744140625;50,5;Muçum
29,51037565289416;426155,4213216809;6771383,700218582;50,5;15712,744140625;50,46;Muçum
29,539012696095366;426126,7842784797;6771383,700218582;50,5;15712,744140625;50,42;Muçum
29,567649739296574;426098,1472352785;6771383,700218582;50,5;15712,74609375;50,38;Muçum
29,596286782497778;426069,5101920773;6771383,700218582;50,5;15712,7470703125;50,34;Muçum
29,624923825698982;426040,8731488761;6771383,700218582;50,5;15712,83203125;50,3;Muçum
29,653560868900186;426012,2361056749;6771383,700218582;50,5;15712,8369140625;50,28;Roca Sales
29,68219791210139;425983,5990624737;6771383,700218582;50,5;15712,9189453125;50,26;Roca Sales
29,722696418596534;425954,9620192725;6771412,337261783;50,5;15712,9326171875;50,24;Muçum
29,75133346179774;425926,32497607125;6771412,337261783;50,5;15712,935546875;50,22;Roca Sales
29,779970504998943;425897,68793287006;6771412,337261783;50,5;15712,9443359375;50,2;Roca Sales
29,820469011494087;425869,05088966887;6771440,974304984;50,5;15712,9677734375;50,16;Roca Sales
29,86096751798923;425840,4138464677;6771469,611348186;50,5;15713,2265625;50,12;Muçum
29,889604561190435;425811,7768032665;6771469,611348186;50,5;15713,2294921875;50,08;Roca Sales
29,91824160439164;425783,13976006524;6771469,611348186;50,5;15713,259765625;50,04;Roca Sales
29,958740110886783;425754,50271686405;6771498,248391386;50,0;15713,2890625;50,0;Muçum
29,999238617381923;425725,86567366286;6771526,8854345875;50,0;15713,302734375;49,96;Muçum
30,02787566058313;425697,2286304616;6771526,8854345875;50,0;15713,3037109375;49,92;Muçum
30,056512703784335;425668,5915872604;6771526,8854345875;50,0;15713,306640625;49,88;Roca Sales
30,08514974698554;425639,95454405923;6771526,8854345875;50,0;15713,310546875;49,84;Roca Sales
30,125648253480684;425611,31750085804;6771555,522477789;50,0;15715,5927734375;49,8;Roca Sales
30,154285296681888;425582,68045765685;6771555,522477789;50,0;15715,611328125;49,78;Roca Sales
30,194783803177028;425554,0434144556;6771584,15952099;50,0;15715,62890625;49,76;Muçum
30,235282309672172;425525,4063712544;6771612,796564192;50,0;15715,6474609375;49,74;Muçum
30,263919352873376;425496,7693280532;6771612,796564192;50,0;15715,650390625;49,72;Muçum
30,29255639607458;425468,13228485204;6771612,796564192;50,0;15715,6533203125;49,7;Muçum
30,32119343927579;425439,49524165085;6771612,796564192;50,0;15715,658203125;49,68;Muçum
30,349830482476992;425410,8581984496;6771612,796564192;50,0;15715,6611328125;49,64;Muçum
30,378467525678197;425382,2211552484;6771612,796564192;50,0;15715,6611328125;49,6;Muçum
30,4071045688794;425353,5841120472;6771612,796564192;50,0;15715,662109375;49,56;Muçum
30,435741612080605;425324,94706884597;6771612,796564192;49,5;15722,1328125;49,52;Muçum
30,46437865528181;425296,3100256448;6771612,796564192;49,5;15722,1455078125;49,48;Muçum
30,493015698483013;425267,6729824436;6771612,796564192;49,5;15722,1484375;49,44;Muçum
30,521652741684218;425239,0359392424;6771612,796564192;49,5;15722,1513671875;49,4;Muçum
30,550289784885422;425210,3988960412;6771612,796564192;49,5;15722,15625;49,36;Muçum
30,578926828086626;425181,76185283996;6771612,796564192;49,5;15722,1572265625;49,32;Muçum
30,60756387128783;425153,1248096388;6771612,796564192;49,5;15722,1591796875;49,3;Muçum
30,636200914489038;425124,4877664376;6771612,796564192;49,5;15722,1591796875;49,28;Muçum
30,664837957690242;425095,85072323633;6771612,796564192;49,5;15722,1591796875;49,26;Muçum
30,693475000891446;425067,21368003514;6771612,796564192;49,5;15722,16015625;49,24;Muçum
30,72211204409265;425038,57663683395;6771612,796564192;49,5;15722,162109375;49,22;Muçum
30,750749087293855;425009,93959363276;6771612,796564192;49,5;15722,162109375;49,2;Muçum
30,77938613049506;424981,3025504316;6771612,796564192;49,5;15722,162109375;49,18;Muçum
30,808023173696263;424952,6655072303;6771612,796564192;49,5;15722,1640625;49,16;Muçum
30,836660216897467;424924,02846402914;6771612,796564192;49,5;15722,1650390625;49,14;Muçum
30,86529726009867;424895,39142082795;6771612,796564192;49,5;15722,1650390625;49,12;Muçum
30,893934303299876;424866,7543776267;6771612,796564192;49,0;15722,1650390625;49,1;Muçum
30,92257134650108;424838,1173344255;6771612,796564192;49,0;15722,1669921875;49,08;Muçum
30,951208389702284;424809,4802912243;6771612,796564192;49,0;15722,16796875;49,06;Muçum
30,979845432903492;424780,8432480231;6771612,796564192;49,0;15722,16796875;49,04;Muçum
31,008482476104696;424752,20620482194;6771612,796564192;49,0;15722,16796875;49,02;Muçum
31,0371195193059;424723,5691616207;6771612,796564192;49,0;15723,1357421875;49,0;Muçum
31,065756562507104;424694,9321184195;6771612,796564192;49,0;15723,1396484375;49,0;Muçum
31,09439360570831;424666,2950752183;6771612,796564192;49,0;15723,1435546875;49,0;Muçum
31,123030648909513;424637,6580320171;6771612,796564192;49,0;15723,146484375;49,0;Muçum
31,163529155404657;424609,02098881593;6771584,15952099;49,0;15723,2470703125;49,0;Muçum
31,2040276618998;424580,3839456147;6771555,522477789;49,0;15723,2763671875;49,0;Muçum
31,244526168394945;424551,7469024135;6771526,8854345875;49,0;15723,7236328125;49,0;Muçum
31,27316321159615;424523,1098592123;6771526,8854345875;49,0;15724,0703125;49,0;Muçum
31,301800254797353;424494,47281601105;6771526,8854345875;49,0;15724,0712890625;49,0;Muçum
31,330437297998557;424465,83577280986;6771526,8854345875;49,0;15724,09765625;49,0;Muçum
31,3709358044937;424437,1987296087;6771498,248391386;49,0;15724,1171875;49,0;Muçum
31,399572847694905;424408,5616864075;6771498,248391386;49,0;15724,1201171875;49,0;Muçum
31,44007135419005;424379,9246432063;6771469,611348186;49,0;15724,1494140625;49,0;Muçum
31,468708397391254;424351,28760000505;6771469,611348186;49,0;15724,1494140625;49,0;Muçum
31,497345440592458;424322,65055680386;6771469,611348186;49,0;15724,203125;49,0;Muçum
31,5378439470876;424294,01351360267;6771440,974304984;49,0;15724,228515625;49,0;Muçum
31,566480990288806;424265,3764704014;6771440,974304984;49,0;15724,228515625;49,0;Muçum
31,59511803349001;424236,7394272002;6771440,974304984;49,0;15724,2587890625;49,0;Muçum
31,623755076691214;424208,10238399904;6771440,974304984;49,0;15724,421875;49,0;Muçum
31,66425358318636;424179,46534079785;6771412,337261783;49,0;15724,462890625;49,0;Muçum
31,692890626387562;424150,82829759666;6771412,337261783;49,0;15724,46484375;49,0;Muçum
31,721527669588767;424122,1912543954;6771412,337261783;49,0;15724,4658203125;49,0;Muçum
31,75016471278997;424093,5542111942;6771412,337261783;49,0;15724,4677734375;49,0;Muçum
31,778801755991175;424064,91716799303;6771412,337261783;49,0;15724,4677734375;49,0;Muçum
31,80743879919238;424036,2801247918;6771412,337261783;49,0;15724,4677734375;49,0;Muçum
31,836075842393583;424007,6430815906;6771412,337261783;49,0;15724,470703125;49,0;Muçum
31,864712885594788;423979,0060383894;6771412,337261783;49,0;15724,4716796875;49,0;Muçum
31,893349928795992;423950,3689951882;6771412,337261783;49,0;15724,4716796875;49,0;Muçum
31,921986971997196;423921,731951987;6771412,337261783;49,0;15724,5830078125;49,0;Muçum
31,96248547849234;423893,0949087858;6771383,700218582;49,0;15724,6640625;49,0;Muçum
32,00298398498749;423864,4578655846;6771355,06317538;49,0;15724,7080078125;49,0;Muçum
32,03162102818869;423835,8208223834;6771355,06317538;49,0;15724,7080078125;49,0;Muçum
32,060258071389896;423807,1837791822;6771355,06317538;49,0;15724,7109375;49,0;Muçum
32,0888951145911;423778,546735981;6771355,06317538;49,0;15724,7138671875;49,0;Muçum
32,117532157792304;423749,90969277977;6771355,06317538;49,0;15724,724609375;49,0;Muçum
32,158030664287445;423721,2726495786;6771326,426132179;49,0;15725,1005859375;49,0;Muçum
32,18666770748865;423692,6356063774;6771326,426132179;49,0;15725,103515625;49,0;Muçum
32,21530475068985;423663,99856317614;6771326,426132179;49,0;15725,1083984375;49,0;Muçum
32,24394179389106;423635,36151997495;6771326,426132179;49,0;15725,111328125;49,0;Muçum
32,27257883709226;423606,72447677376;6771326,426132179;49,0;15725,1630859375;49,0;Muçum
32,31307734358741;423578,08743357257;6771297,789088978;49,0;15725,1875;49,0;Muçum
32,34171438678861;423549,4503903714;6771297,789088978;49,0;15725,1904296875;49,0;Muçum
32,37035142998982;423520,81334717013;6771297,789088978;49,0;15725,2099609375;49,0;Muçum
32,39898847319102;423492,17630396894;6771297,789088978;49,0;15725,212890625;49,0;Muçum
32,427625516392226;423463,53926076775;6771297,789088978;49,0;15725,21484375;49,0;Muçum
32,456262559593426;423434,9022175665;6771297,789088978;49,0;15725,2177734375;49,0;Muçum
32,484899602794634;423406,2651743653;6771297,789088978;49,0;15725,22265625;49,0;Muçum
32,51353664599584;423377,6281311641;6771297,789088978;49,0;15725,232421875;49,0;Muçum
32,54217368919704;423348,99108796293;6771297,789088978;49,0;15731,7568359375;49,0;Muçum
32,57081073239825;423320,35404476174;6771297,789088978;49,0;15731,759765625;49,0;Muçum
32,59944777559945;423291,7170015605;6771297,789088978;49,0;15731,7705078125;49,0;Muçum
32,62808481880066;423263,0799583593;6771297,789088978;49,0;15731,7734375;49,0;Muçum
32,65672186200186;423234,4429151581;6771297,789088978;49,0;15731,775390625;49,0;Muçum
32,68535890520307;423205,80587195687;6771297,789088978;49,0;15731,7763671875;49,0;Muçum
32,71399594840427;423177,16882875573;6771297,789088978;49,0;15731,779296875;49,0;Muçum
32,742632991605475;423148,5317855545;6771297,789088978;49,0;15731,783203125;49,0;Muçum
32,771270034806676;423119,8947423533;6771297,789088978;49,0;15731,787109375;49,0;Muçum
32,799907078007884;423091,2576991521;6771297,789088978;49,0;15731,787109375;49,0;Muçum
32,82854412120909;423062,62065595086;6771297,789088978;49,0;15731,7880859375;49,0;Muçum
32,85718116441029;423033,98361274967;6771297,789088978;49,0;15732,1162109375;49,0;Muçum
32,89767967090543;423005,3465695485;6771326,426132179;49,0;15732,158203125;49,0;Muçum
32,93817817740057;422976,7095263473;6771355,06317538;49,0;15732,1689453125;49,0;Muçum
32,97867668389571;422948,0724831461;6771383,700218582;49,0;15732,20703125;49,0;Muçum
33,019175190390854;422919,43543994485;6771412,337261783;49,0;15732,216796875;49,0;Muçum
33,059673696885994;422890,79839674366;6771440,974304984;49,0;15732,255859375;49,0;Muçum
33,10017220338113;422862,16135354247;6771469,611348186;49,0;15732,2822265625;49,0;Muçum
33,14067070987627;422833,5243103412;6771498,248391386;49,0;15737,890625;49,0;Muçum
33,18116921637141;422804,88726714003;6771526,8854345875;49,0;15737,9208984375;49,0;Muçum
33,22166772286655;422776,25022393884;6771555,522477789;49,0;15737,9423828125;49,0;Muçum
33,26216622936169;422747,61318073765;6771584,15952099;49,0;15737,9697265625;49,0;Muçum
33,30266473585683;422718,97613753646;6771612,796564192;49,0;15737,9931640625;49,0;Muçum
33,34316324235197;422690,3390943352;6771641,433607393;49,0;15738,029296875;49,0;Muçum
33,38366174884711;422661,702051134;6771670,070650593;49,0;15738,05859375;49,0;Muçum
33,42416025534225;422633,06500793283;6771698,707693795;49,0;15738,0732421875;49,0;Muçum
33,46465876183739;422604,4279647316;6771727,344736996;49,0;15738,1005859375;49,0;Muçum
33,49329580503859;422604,4279647316;6771755,9817801975;49,0;15738,1044921875;49,0;Muçum
33,53379431153373;422575,7909215304;6771784,618823399;49,0;15738,12109375;49,0;Muçum
33,57429281802887;422547,1538783292;6771813,2558666;49,0;15738,1552734375;49,0;Muçum
33,61479132452401;422518,516835128;6771841,892909801;49,0;15738,1767578125;49,0;Muçum
33,655289831019154;422489,8797919268;6771870,529953002;49,0;15738,2119140625;49,0;Muçum
33,695788337514294;422461,2427487256;6771899,166996203;49,0;15738,23046875;49,0;Muçum
33,736286844009435;422432,6057055244;6771927,804039405;49,0;15738,294921875;49,0;Muçum
33,77678535050457;422403,9686623232;6771956,441082606;49,0;15738,314453125;49,0;Muçum
33,81728385699971;422375,33161912195;6771985,078125807;49,0;15738,3310546875;49,0;Muçum
33,85778236349485;422346,6945759208;6772013,715169008;49,0;15738,3486328125;49,0;Muçum
33,89828086998999;422318,05753271957;6772042,352212209;49,0;15738,470703125;49,0;Muçum
33,93877937648513;422289,4204895184;6772070,989255411;49,0;15738,4921875;49,0;Muçum
33,97927788298027;422260,7834463172;6772099,626298612;49,0;15738,505859375;49,0;Muçum
34,01977638947541;422232,14640311594;6772128,263341813;49,0;15738,5341796875;49,0;Muçum
34,06027489597055;422203,50935991475;6772156,900385014;49,0;15738,541015625;49,0;Muçum
34,10077340246569;422174,87231671356;6772185,537428215;49,0;15738,5576171875;49,0;Muçum
34,14127190896083;422146,2352735124;6772214,1744714165;49,0;15738,603515625;49,0;Roca Sales
34,18177041545597;422117,5982303112;6772242,811514618;49,0;15738,71875;49,0;Roca Sales
34,222268921951105;422088,96118710993;6772271,448557819;49,560001373291016;15738,7265625;49,0;Roca Sales
34,262767428446246;422060,32414390874;6772300,085601021;49,189998626708984;15738,734375;49,0;Roca Sales
34,29140447164745;422031,68710070755;6772300,085601021;49,36000061035156;15738,734375;49,0;Roca Sales
34,320041514848654;422003,0500575063;6772300,085601021;49,650001525878906;15738,748046875;49,0;Roca Sales
34,360540021343795;421974,4130143051;6772328,722644221;49,560001373291016;15738,8759765625;49,0;Roca Sales
34,401038527838935;421945,7759711039;6772357,359687422;49,220001220703125;15738,900390625;49,0;Roca Sales
34,441537034334075;421917,13892790274;6772385,996730624;49,27000045776367;15739,849609375;49,0;Muçum
34,482035540829216;421888,50188470155;6772414,633773825;49,0;15739,8662109375;49,0;Muçum
34,510672584030424;421859,8648415003;6772414,633773825;49,0;15739,8681640625;49,0;Muçum
34,539309627231624;421831,2277982991;6772414,633773825;49,0;15739,869140625;49,0;Muçum
34,56794667043283;421802,5907550979;6772414,633773825;49,0;15739,8720703125;49,0;Muçum
34,59658371363403;421773,95371189667;6772414,633773825;49,0;15739,8798828125;49,0;Muçum
34,62522075683524;421745,3166686955;6772414,633773825;49,0;15739,8876953125;49,0;Muçum
34,65385780003644;421716,6796254943;6772414,633773825;49,0;15739,890625;49,0;Muçum
34,68249484323765;421688,0425822931;6772414,633773825;49,0;15739,90234375;49,0;Muçum
34,71113188643885;421659,4055390919;6772414,633773825;49,08000183105469;15739,90234375;49,0;Muçum
34,73976892964006;421630,76849589066;6772414,633773825;49,0;15739,904296875;49,0;Muçum
34,76840597284126;421602,1314526895;6772414,633773825;49,0;15739,9052734375;49,0;Muçum
34,797043016042466;421573,4944094883;6772414,633773825;49,0;15739,9052734375;49,0;Muçum
34,82568005924367;421544,85736628703;6772414,633773825;49,0;15739,9052734375;49,0;Muçum
34,854317102444874;421516,2203230859;6772414,633773825;49,0;15744,7392578125;49,0;Muçum
34,894815608940014;421487,58327988465;6772385,996730624;49,0;15744,783203125;49,0;Muçum
34,935314115435155;421458,94623668346;6772357,359687422;49,0;15744,7939453125;49,0;Muçum
34,975812621930295;421430,3091934823;6772328,722644221;49,0;15744,826171875;49,0;Muçum
35,016311128425436;421401,672150281;6772300,085601021;49,0;15744,8623046875;49,0;Muçum
35,056809634920576;421373,03510707984;6772271,448557819;49,0;15744,9365234375;49,0;Muçum
35,097308141415716;421344,39806387865;6772242,811514618;49,0;15745,056640625;49,0;Muçum
35,13780664791085;421315,76102067746;6772214,1744714165;49,0;15745,0703125;49,0;Muçum
35,17830515440599;421287,12397747627;6772185,537428215;49,209999084472656;15745,0888671875;49,0;Muçum
35,21880366090113;421258,486934275;6772156,900385014;49,27000045776367;15745,1025390625;49,0;Muçum
35,25930216739627;421229,8498910738;6772128,263341813;49,209999084472656;15745,130859375;49,0;Muçum
35,29980067389141;421201,21284787264;6772099,626298612;49,0;15745,1513671875;49,0;Muçum
35,34029918038655;421172,5758046714;6772070,989255411;49,0;15745,173828125;49,0;Muçum
35,38079768688169;421143,9387614702;6772042,352212209;49,0;15745,193359375;49,0;Muçum
35,42129619337683;421115,301718269;6772013,715169008;49,0;15745,2294921875;49,0;Muçum
35,46179469987197;421086,6646750678;6771985,078125807;49,0;15745,24609375;49,0;Muçum
35,50229320636711;421058,02763186663;6771956,441082606;49,88999938964844;15745,28515625;49,0;Muçum
35,54279171286225;421029,3905886654;6771927,804039405;49,0;15745,3125;49,0;Muçum
35,58329021935739;421000,7535454642;6771899,166996203;49,0;15745,3408203125;49,0;Muçum
35,62378872585253;420972,116502263;6771870,529953002;49,0;15745,357421875;49,0;Muçum
35,66428723234767;420943,47945906175;6771841,892909801;49,0;15749,001953125;49,0;Muçum
35,70478573884281;420914,84241586056;6771813,2558666;49,0;15749,0107421875;49,0;Muçum
35,74528424533795;420886,2053726594;6771784,618823399;49,0;15749,060546875;49,0;Muçum
35,78578275183309;420857,5683294582;6771755,9817801975;49,0;15749,080078125;49,0;Muçum
35,82628125832823;420828,931286257;6771727,344736996;49,0;15749,130859375;49,0;Muçum
35,86677976482337;420800,29424305575;6771698,707693795;49,0;15749,15625;49,0;Muçum
35,90727827131851;420771,65719985456;6771670,070650593;49,0;15749,19140625;49,0;Muçum
35,94777677781365;420743,02015665337;6771641,433607393;49,0;15749,2021484375;49,0;Muçum
35,988275284308784;420714,3831134522;6771612,796564192;49,0;15749,330078125;49,0;Muçum
36,028773790803925;420685,746070251;6771584,15952099;49,0;15749,359375;49,0;Muçum
36,05741083400513;420657,10902704974;6771584,15952099;49,0;15749,3642578125;49,0;Muçum
36,09790934050027;420628,47198384855;6771555,522477789;49,0;15749,373046875;49,0;Muçum
36,12654638370147;420599,83494064736;6771555,522477789;49,0;15749,3818359375;49,0;Muçum
36,167044890196614;420571,1978974461;6771526,8854345875;49,0;15749,4638671875;49,0;Muçum
36,207543396691754;420542,5608542449;6771498,248391386;49,0;15749,4873046875;49,0;Muçum
36,23618043989296;420513,9238110437;6771498,248391386;49,0;15749,5263671875;49,0;Muçum
36,26481748309416;420485,28676784254;6771498,248391386;49,0;15749,5263671875;49,0;Muçum
36,29345452629537;420456,64972464135;6771498,248391386;49,0;15749,529296875;49,0;Muçum
36,32209156949657;420428,0126814401;6771498,248391386;49,0;15749,537109375;49,0;Muçum
36,35072861269778;420399,3756382389;6771498,248391386;49,0;15749,541015625;49,0;Muçum
36,37936565589898;420370,7385950377;6771498,248391386;49,0;15749,54296875;49,0;Muçum
36,40800269910019;420342,1015518365;6771498,248391386;49,0;15749,556640625;49,0;Muçum
36,43663974230139;420313,4645086353;6771498,248391386;49,0;15749,55859375;49,0;Muçum
36,465276785502596;420284,8274654341;6771498,248391386;49,0;15749,5595703125;49,0;Muçum
36,4939138287038;420256,1904222329;6771498,248391386;49,0;15749,5595703125;48,98;Muçum
36,522550871905004;420227,5533790317;6771498,248391386;49,0;15749,5595703125;48,96;Muçum
36,55118791510621;420198,91633583046;6771498,248391386;49,0;15749,5615234375;48,94;Muçum
36,57982495830741;420170,2792926293;6771498,248391386;49,0;15749,5625;48,92;Muçum
36,60846200150862;420141,6422494281;6771498,248391386;49,0;15749,5625;48,9;Muçum
36,63709904470982;420113,00520622684;6771498,248391386;49,0;15749,5625;48,88;Muçum
36,66573608791103;420084,36816302565;6771498,248391386;49,0;15749,564453125;48,86;Muçum
36,69437313111223;420055,73111982446;6771498,248391386;49,0;15749,56640625;48,84;Muçum
36,72301017431344;420027,09407662327;6771498,248391386;49,0;15752,4921875;48,82;Muçum
36,76350868080858;419998,4570334221;6771526,8854345875;49,0;15752,501953125;48,8;Muçum
36,80400718730372;419969,8199902208;6771555,522477789;49,0;15752,5244140625;48,78;Muçum
36,84450569379886;419941,18294701964;6771584,15952099;49,0;15752,54296875;48,76;Muçum
36,885004200294;419912,54590381845;6771612,796564192;49,0;15752,5576171875;48,74;Muçum
36,92550270678913;419883,90886061726;6771641,433607393;49,0;15752,5634765625;48,72;Muçum
36,96600121328427;419855,27181741607;6771670,070650593;49,0;15752,572265625;48,7;Muçum
37,00649971977941;419826,6347742148;6771698,707693795;49,0;15752,576171875;48,68;Muçum
37,04699822627455;419797,99773101363;6771727,344736996;49,0;15752,580078125;48,66;Muçum
37,087496732769694;419769,36068781244;6771755,9817801975;49,0;15752,5849609375;48,64;Muçum
37,127995239264834;419740,7236446112;6771784,618823399;49,0;15752,5908203125;48,62;Muçum
37,168493745759974;419712,08660141;6771813,2558666;48,5;15752,59375;48,58;Muçum
37,197130788961175;419712,08660141;6771841,892909801;48,5;15752,595703125;48,54;Muçum
37,22576783216238;419712,08660141;6771870,529953002;48,5;15752,5966796875;48,5;Muçum
37,25440487536359;419712,08660141;6771899,166996203;48,5;15752,5966796875;48,46;Muçum
37,28304191856479;419712,08660141;6771927,804039405;48,5;15752,6142578125;48,42;Muçum
37,32354042505993;419683,4495582088;6771956,441082606;48,5;15754,9423828125;48,38;Muçum
37,36403893155507;419654,8125150076;6771985,078125807;48,5;15754,9501953125;48,36;Muçum
37,39267597475627;419654,8125150076;6772013,715169008;48,5;15754,953125;48,34;Muçum
37,43317448125141;419626,17547180643;6772042,352212209;48,5;15755,091796875;48,32;Muçum
37,47367298774655;419597,5384286052;6772070,989255411;48,5;15755,123046875;48,3;Muçum
37,50231003094776;419597,5384286052;6772099,626298612;48,5;15755,1259765625;48,28;Muçum
37,5428085374429;419568,901385404;6772128,263341813;48,5;15755,146484375;48,26;Muçum
37,58330704393804;419540,2643422028;6772156,900385014;48,5;15755,3759765625;48,24;Muçum
37,61194408713924;419540,2643422028;6772185,537428215;48,5;15755,37890625;48,22;Muçum
37,65244259363438;419511,62729900156;6772214,1744714165;48,5;15755,4111328125;48,2;Muçum
37,692941100129524;419482,99025580037;6772242,811514618;48,5;15755,4248046875;48,18;Muçum
37,721578143330724;419482,99025580037;6772271,448557819;48,5;15755,427734375;48,16;Muçum
37,75021518653193;419482,99025580037;6772300,085601021;48,5;15755,4296875;48,14;Muçum
37,77885222973314;419482,99025580037;6772328,722644221;48,5;15755,4306640625;48,12;Muçum
37,81935073622827;419454,3532125992;6772357,359687422;48,0;15755,44921875;48,1;Muçum
37,85984924272341;419425,716169398;6772385,996730624;48,0;15755,4736328125;48,06;Muçum
37,88848628592462;419425,716169398;6772414,633773825;48,0;15755,4765625;48,02;Muçum
37,91712332912582;419425,716169398;6772443,2708170265;48,0;15755,4794921875;47,98;Muçum
37,95762183562096;419397,0791261968;6772471,907860228;48,0;15755,5234375;47,94;Muçum
37,98625887882217;419397,0791261968;6772500,544903428;48,0;15755,525390625;47,9;Muçum
38,01489592202337;419397,0791261968;6772529,18194663;48,0;15756,3984375;47,88;Muçum
38,04353296522458;419397,0791261968;6772557,818989831;48,0;15756,4013671875;47,86;Muçum
38,072170008425786;419397,0791261968;6772586,456033032;48,0;15756,4033203125;47,84;Muçum
38,11266851492092;419368,44208299555;6772615,093076234;48,0;15756,4306640625;47,82;Muçum
38,15316702141606;419339,80503979436;6772643,730119435;48,0;15756,447265625;47,8;Muçum
38,1936655279112;419311,16799659317;6772672,367162636;48,0;15756,689453125;47,78;Muçum
38,23416403440634;419282,5309533919;6772701,004205837;48,0;15756,7060546875;47,76;Muçum
38,27466254090148;419253,89391019073;6772729,641249038;48,0;15756,7333984375;47,74;Muçum
38,31516104739662;419225,25686698954;6772758,27829224;48,0;15756,755859375;47,72;Muçum
38,34379809059782;419225,25686698954;6772786,915335441;48,0;15756,759765625;47,7;Muçum
38,38429659709296;419196,61982378835;6772815,552378642;48,0;15756,8466796875;47,68;Muçum
38,41293364029417;419196,61982378835;6772844,189421843;48,0;15756,84765625;47,66;Muçum
38,45343214678931;419167,98278058716;6772872,826465044;48,0;15757,55078125;47,64;Muçum
38,49393065328445;419139,3457373859;6772901,463508246;48,0;15757,5615234375;47,62;Muçum
38,52256769648565;419139,3457373859;6772930,100551447;47,5;15757,5634765625;47,6;Muçum
38,55120473968686;419139,3457373859;6772958,737594648;47,5;15757,5673828125;47,56;Muçum
38,591703246182;419110,7086941847;6772987,374637849;47,5;15757,5703125;47,52;Muçum
38,6203402893832;419110,7086941847;6773016,01168105;47,5;15757,5703125;47,48;Muçum
38,64897733258441;419110,7086941847;6773044,648724251;47,5;15757,5732421875;47,44;Muçum
38,67761437578561;419110,7086941847;6773073,285767453;47,5;15757,5732421875;47,4;Muçum
38,70625141898682;419110,7086941847;6773101,922810654;47,5;15757,873046875;47,38;Muçum
38,74674992548196;419082,07165098353;6773130,5598538555;47,5;15757,9306640625;47,36;Muçum
38,77538696868316;419082,07165098353;6773159,196897056;47,5;15757,9306640625;47,34;Muçum
38,804024011884366;419082,07165098353;6773187,833940257;47,5;15757,93359375;47,32;Muçum
38,832661055085566;419082,07165098353;6773216,470983459;47,5;15758,0849609375;47,3;Muçum
38,87315956158071;419053,43460778234;6773245,10802666;47,5;15758,30859375;47,28;Muçum
38,91365806807585;419024,79756458115;6773273,745069861;47,5;15758,3388671875;47,26;Muçum
38,942295111277055;419024,79756458115;6773302,382113063;47,5;15758,341796875;47,24;Muçum
38,970932154478255;419024,79756458115;6773331,019156263;47,5;15758,34375;47,22;Muçum
38,99956919767946;419024,79756458115;6773359,656199465;47,5;15758,453125;47,2;Muçum
39,040067704174604;418996,1605213799;6773388,293242666;47,5;15758,5810546875;47,18;Muçum
39,080566210669744;418967,5234781787;6773416,930285867;47,5;15758,6689453125;47,16;Muçum
39,121064717164884;418938,8864349775;6773445,567329069;47,5;15758,982421875;47,14;Muçum
39,161563223660025;418910,2493917763;6773474,20437227;47,5;15759,072265625;47,12;Muçum
39,20206173015516;418881,6123485751;6773502,8414154705;47,0;15759,1083984375;47,08;Muçum
39,2425602366503;418852,9753053739;6773531,478458672;47,0;15759,134765625;47,04;Muçum
39,271197279851506;418852,9753053739;6773560,115501873;47,0;15759,18359375;47,0;Muçum
39,31169578634665;418824,3382621727;6773588,752545075;47,0;15759,2060546875;46,96;Muçum
39,34033282954785;418824,3382621727;6773617,389588276;47,0;15759,2109375;46,92;Muçum
39,368969872749055;418824,3382621727;6773646,026631477;47,0;15759,236328125;46,88;Muçum
39,409468379244196;418795,7012189715;6773674,663674678;47,0;15759,416015625;46,86;Muçum
39,449966885739336;418767,06417577027;6773703,300717879;47,0;15759,4296875;46,84;Muçum
39,47860392894054;418767,06417577027;6773731,93776108;47,0;15759,44921875;46,82;Muçum
39,51910243543568;418738,4271325691;6773760,574804282;47,0;15759,6259765625;46,8;Muçum
39,547739478636885;418738,4271325691;6773789,211847483;47,0;15759,6279296875;46,78;Muçum
39,576376521838085;418738,4271325691;6773817,848890684;47,0;15759,638671875;46,76;Muçum
39,616875028333226;418709,7900893679;6773846,485933885;47,0;15759,6533203125;46,74;Muçum
39,645512071534434;418709,7900893679;6773875,122977086;47,0;15759,671875;46,72;Muçum
39,674149114735634;418709,7900893679;6773903,760020288;47,0;15759,6884765625;46,7;Muçum
39,714647621230775;418681,15304616664;6773932,397063489;47,0;15759,787109375;46,68;Muçum
39,74328466443198;418681,15304616664;6773961,03410669;47,0;15759,8251953125;46,66;Muçum
39,77192170763318;418681,15304616664;6773989,671149891;47,0;15759,830078125;46,64;Muçum
39,81242021412832;418652,51600296545;6774018,308193092;47,0;15759,912109375;46,62;Muçum
39,84105725732953;418652,51600296545;6774046,945236294;46,5;15759,9150390625;46,6;Muçum
39,86969430053073;418652,51600296545;6774075,582279495;46,5;15759,935546875;46,58;Muçum
39,91019280702587;418623,87895976426;6774104,219322696;46,5;15759,9658203125;46,54;Muçum
39,93882985022708;418623,87895976426;6774132,856365898;46,5;15760,001953125;46,5;Muçum
39,96746689342828;418623,87895976426;6774161,493409098;46,5;15760,0263671875;46,46;Muçum
40,00796539992342;418595,24191656307;6774190,1304522995;46,5;15760,046875;46,42;Muçum
40,03660244312463;418595,24191656307;6774218,767495501;46,5;15760,080078125;46,4;Muçum
40,07710094961977;418566,6048733619;6774247,404538702;46,5;15760,087890625;46,38;Muçum
40,1175994561149;418537,96783016063;6774276,041581904;46,5;15760,1708984375;46,36;Muçum
40,14623649931611;418537,96783016063;6774304,678625105;46,5;15760,1708984375;46,34;Muçum
40,17487354251732;418537,96783016063;6774333,315668305;46,5;15760,203125;46,32;Muçum
40,21537204901245;418509,33078695944;6774361,952711507;46,5;15760,341796875;46,3;Muçum
40,25587055550759;418480,69374375825;6774390,589754708;46,5;15760,6044921875;46,28;Muçum
40,2845075987088;418480,69374375825;6774419,2267979095;46,5;15760,6171875;46,26;Muçum
40,31314464191;418480,69374375825;6774447,863841111;46,5;15760,6240234375;46,24;Muçum
40,35364314840514;418452,056700557;6774476,500884312;46,5;15760,7109375;46,22;Muçum
40,39414165490028;418423,4196573558;6774505,137927513;46,5;15760,787109375;46,2;Muçum
40,42277869810149;418423,4196573558;6774533,774970714;46,5;15760,7890625;46,18;Muçum
40,45141574130269;418423,4196573558;6774562,412013915;46,5;15760,8037109375;46,15720001220703;Muçum
40,49191424779783;418394,7826141546;6774591,049057117;46,5;15760,8271484375;46,11720001220703;Muçum
40,52055129099904;418394,7826141546;6774619,686100318;46,5;15760,8408203125;46,07720001220703;Muçum
40,56104979749418;418366,14557095343;6774648,3231435185;46,0;15760,865234375;46,03720001220703;Muçum
40,60154830398932;418337,50852775224;6774676,96018672;46,0;15760,927734375;45,99720001220703;Muçum
40,63018534719052;418337,50852775224;6774705,597229921;46,0;15760,9423828125;45,95720001220703;Muçum
40,67068385368566;418308,871484551;6774734,234273123;46,0;15760,9560546875;45,91720001220703;Muçum
40,7111823601808;418280,2344413498;6774762,871316324;46,0;15760,97265625;45,877200012207034;Muçum
40,75168086667594;418251,5973981486;6774791,508359525;46,0;15761,0107421875;45,837200012207035;Muçum
40,79217937317108;418222,9603549474;6774820,145402726;46,0;15761,3486328125;45,81720001220703;Muçum
40,83267787966622;418194,32331174624;6774848,782445927;46,0;15761,4404296875;45,79720001220703;Muçum
40,87317638616136;418165,686268545;6774877,4194891285;46,0;15761,447265625;45,77720001220703;Muçum
40,913674892656495;418137,0492253438;6774906,05653233;46,0;15761,4541015625;45,75720001220703;Muçum
40,954173399151635;418108,4121821426;6774934,693575531;46,0;15761,462890625;45,73720001220703;Muçum
40,994671905646776;418079,77513894136;6774963,330618733;46,0;15761,5;45,71720001220703;Muçum
41,035170412141916;418051,13809574017;6774991,967661933;46,0;15761,6181640625;45,697200012207034;Roca Sales
41,07566891863706;418022,501052539;6775020,604705134;46,0;15761,693359375;45,67720001220703;Roca Sales
41,1161674251322;417993,8640093378;6775049,241748336;46,0;15761,6962890625;45,65720001220703;Roca Sales
41,15666593162734;417965,2269661366;6775077,878791537;46,099998474121094;15761,7783203125;45,63040008544922;Roca Sales
41,19716443812248;417936,58992293535;6775106,5158347385;45,93000030517578;15761,849609375;45,600400085449216;Roca Sales
41,22580148132368;417936,58992293535;6775135,15287794;45,5;15761,8505859375;45,56040008544922;Roca Sales
41,254438524524886;417936,58992293535;6775163,78992114;45,5;15761,8505859375;45,52040008544922;Roca Sales
41,28307556772609;417936,58992293535;6775192,426964342;45,5;15761,8525390625;45,48040008544922;Roca Sales
41,311712610927295;417936,58992293535;6775221,064007543;45,5;15761,9423828125;45,44040008544922;Roca Sales
41,352211117422435;417965,2269661366;6775249,701050744;45,5;15762,01953125;45,40040008544922;Roca Sales
41,392709623917575;417993,8640093378;6775278,338093946;45,5;15762,0263671875;45,36320007324219;Roca Sales
41,433208130412716;418022,501052539;6775306,975137147;45,5;15762,0654296875;45,34320007324219;Roca Sales
41,473706636907856;418051,13809574017;6775335,612180348;45,5;15762,0732421875;45,32320007324219;Roca Sales
41,51420514340299;418079,77513894136;6775364,249223549;45,5;15762,2412109375;45,30320007324219;Roca Sales
41,55470364989813;418108,4121821426;6775392,88626675;45,5;15762,28515625;45,283200073242185;Roca Sales
41,59520215639327;418137,0492253438;6775421,523309952;45,5;15762,3232421875;45,26320007324219;Roca Sales
41,63570066288841;418165,686268545;6775450,160353153;45,5;15762,33984375;45,243200073242186;Muçum
41,67619916938355;418194,32331174624;6775478,797396353;45,5;15762,3564453125;45,22320007324219;Muçum
41,71669767587869;418222,9603549474;6775507,434439555;45,5;15762,3623046875;45,203200073242186;Muçum
41,75719618237383;418251,5973981486;6775536,071482756;45,5;15762,3916015625;45,18320007324219;Muçum
41,79769468886897;418280,2344413498;6775564,708525958;45,5;15762,4990234375;45,16320007324219;Muçum
41,83819319536411;418308,871484551;6775593,345569159;45,5;15762,5126953125;45,12320007324219;Muçum
41,87869170185925;418337,50852775224;6775621,98261236;45,33000183105469;15762,546875;45,08320007324219;Muçum
41,91919020835439;418366,14557095343;6775650,619655561;45,25;15762,5830078125;45,04320007324219;Roca Sales
41,95968871484953;418394,7826141546;6775679,256698762;45,0;15762,615234375;45,00320007324219;Roca Sales
41,988325758050735;418423,4196573558;6775679,256698762;45,150001525878906;15762,6162109375;44,963200073242184;Roca Sales
42,016962801251935;418452,056700557;6775679,256698762;45,060001373291016;15762,625;44,923200073242185;Muçum
42,04559984445314;418480,69374375825;6775679,256698762;45,0;15762,62890625;44,883200073242186;Muçum
42,086098350948284;418509,33078695944;6775707,893741963;45,0;15762,6533203125;44,85;Muçum
42,114735394149484;418537,96783016063;6775707,893741963;45,0;15762,65625;44,82;Muçum
42,14337243735069;418566,6048733619;6775707,893741963;45,0;15764,720703125;44,8;Muçum
42,18387094384583;418595,24191656307;6775736,530785165;45,0;15764,783203125;44,78;Muçum
42,22436945034097;418623,87895976426;6775765,167828366;45,0;15764,796875;44,76;Muçum
42,26486795683611;418652,51600296545;6775793,8048715675;45,0;15764,8583984375;44,74;Muçum
42,305366463331254;418681,15304616664;6775822,441914768;45,0;15764,875;44,72;Roca Sales
42,345864969826394;418709,7900893679;6775851,078957969;45,0;15764,9052734375;44,7;Roca Sales
42,38636347632153;418738,4271325691;6775879,716001171;45,0;15764,9248046875;44,68;Roca Sales
42,42686198281667;418767,06417577027;6775908,353044372;45,0;15764,9404296875;44,64;Roca Sales
42,46736048931181;418795,7012189715;6775936,990087573;45,0;15764,9677734375;44,6;Roca Sales
42,50785899580695;418824,3382621727;6775965,627130775;45,0;15765,0009765625;44,56;Roca Sales
42,54835750230209;418852,9753053739;6775994,264173975;44,5;15765,01953125;44,52;Roca Sales
42,5769945455033;418881,6123485751;6775994,264173975;44,5;15765,0224609375;44,48;Roca Sales
42,61749305199844;418910,2493917763;6776022,901217177;44,5;15765,17578125;44,44;Roca Sales
42,65799155849357;418938,8864349775;6776051,538260378;44,5;15765,197265625;44,4;Roca Sales
42,69849006498871;418967,5234781787;6776080,175303579;44,5;15765,212890625;44,36;Roca Sales
42,73898857148385;418996,1605213799;6776108,812346781;44,5;15765,2724609375;44,32;Roca Sales
42,77948707797899;419024,79756458115;6776137,449389982;44,5;15765,2890625;44,3;Roca Sales
42,8081241211802;419024,79756458115;6776166,0864331825;44,5;15765,3056640625;44,28;Roca Sales
42,84862262767534;419053,43460778234;6776194,723476384;44,5;15765,326171875;44,26;Roca Sales
42,88912113417047;419082,07165098353;6776223,360519585;44,810001373291016;15765,3544921875;44,24;Roca Sales
42,929619640665614;419110,7086941847;6776251,997562787;44,849998474121094;15765,3798828125;44,22;Roca Sales
42,970118147160754;419139,3457373859;6776280,634605988;44,5;15827,87109375;44,2;Roca Sales
43,010616653655894;419167,98278058716;6776309,271649188;44,5;15827,8837890625;44,18;Roca Sales
43,0392536968571;419167,98278058716;6776337,90869239;44,5;15827,88671875;44,16;Roca Sales
43,0678907400583;419167,98278058716;6776366,545735591;44,869998931884766;15827,904296875;44,12;Roca Sales
43,10838924655344;419196,61982378835;6776395,182778792;44,65999984741211;15827,9150390625;44,08;Roca Sales
43,148887753048584;419225,25686698954;6776423,819821994;44,0;15827,9306640625;44,04;Roca Sales
43,17752479624979;419225,25686698954;6776452,456865195;44,0;15827,93359375;44,0;Roca Sales
43,20616183945099;419225,25686698954;6776481,093908396;44,0;15827,9365234375;43,96;Roca Sales
43,2347988826522;419225,25686698954;6776509,730951597;44,0;15827,9375;43,92;Roca Sales
43,2634359258534;419225,25686698954;6776538,367994798;44,0;15827,9423828125;43,88;Roca Sales
43,29207296905461;419225,25686698954;6776567,005038;44,0;15828,3076171875;43,84;Roca Sales
43,33257147554975;419196,61982378835;6776595,642081201;44,0;15828,3330078125;43,82;Roca Sales
43,37306998204489;419167,98278058716;6776624,279124402;44,0;15828,345703125;43,8;Muçum
43,41356848854003;419139,3457373859;6776652,916167603;44,0;15828,421875;43,78;Muçum
43,45406699503516;419110,7086941847;6776681,553210804;44,0;15828,4384765625;43,76;Muçum
43,48270403823637;419082,07165098353;6776681,553210804;44,709999084472656;15828,4560546875;43,74;Roca Sales
43,52320254473151;419053,43460778234;6776710,190254006;44,22999954223633;15828,5771484375;43,72;Muçum
43,55183958793271;419024,79756458115;6776710,190254006;44,95000076293945;15828,583984375;43,7;Roca Sales
43,59233809442785;418996,1605213799;6776738,827297207;44,0;15828,6015625;43,68;Roca Sales
43,62097513762906;418967,5234781787;6776738,827297207;44,0;15828,6123046875;43,66;Roca Sales
43,64961218083026;418938,8864349775;6776738,827297207;44,0;15828,62109375;43,64;Roca Sales
43,67824922403147;418910,2493917763;6776738,827297207;44,0;15828,625;43,62;Roca Sales
43,70688626723267;418881,6123485751;6776738,827297207;43,5;15828,62890625;43,58;Roca Sales
43,74738477372781;418852,9753053739;6776767,464340408;43,5;15828,6318359375;43,54;Roca Sales
43,78788328022295;418824,3382621727;6776796,10138361;43,5;15828,658203125;43,5;Roca Sales
43,82838178671809;418795,7012189715;6776824,73842681;43,5;15828,662109375;43,46;Muçum
43,8570188299193;418767,06417577027;6776824,73842681;43,5;15828,666015625;43,42;Muçum
43,89751733641444;418738,4271325691;6776853,3754700115;43,5;15828,8056640625;43,38;Muçum
43,92615437961564;418709,7900893679;6776853,3754700115;43,5;15828,80859375;43,36;Muçum
43,95479142281685;418681,15304616664;6776853,3754700115;43,5;15828,8115234375;43,34;Muçum
43,98342846601805;418652,51600296545;6776853,3754700115;43,5;15828,814453125;43,32;Muçum
44,012065509219255;418623,87895976426;6776853,3754700115;43,5;15828,8193359375;43,3;Muçum
44,040702552420456;418595,24191656307;6776853,3754700115;43,5;15828,822265625;43,28;Muçum
44,06933959562166;418566,6048733619;6776853,3754700115;43,5;15828,822265625;43,26;Muçum
44,097976638822864;418537,96783016063;6776853,3754700115;43,5;15828,822265625;43,24;Muçum
44,12661368202407;418509,33078695944;6776853,3754700115;43,5;15828,8232421875;43,22;Muçum
44,15525072522528;418480,69374375825;6776853,3754700115;43,5;15828,8251953125;43,2;Muçum
44,18388776842648;418452,056700557;6776853,3754700115;43,5;15828,8251953125;43,18;Muçum
44,21252481162769;418423,4196573558;6776853,3754700115;43,5;15828,8251953125;43,16;Muçum
44,24116185482889;418394,7826141546;6776853,3754700115;43,5;15828,8271484375;43,14;Muçum
44,269798898030096;418366,14557095343;6776853,3754700115;43,5;15828,828125;43,12;Muçum
44,2984359412313;418337,50852775224;6776853,3754700115;43,0;15828,828125;43,1;Muçum
44,327072984432505;418308,871484551;6776853,3754700115;43,0;15828,828125;43,06;Muçum
44,355710027633705;418280,2344413498;6776853,3754700115;43,0;15828,830078125;43,02;Muçum
44,38434707083491;418251,5973981486;6776853,3754700115;43,0;15828,8310546875;42,98;Muçum
44,412984114036114;418222,9603549474;6776853,3754700115;43,0;15828,8310546875;42,94;Muçum
44,44162115723732;418194,32331174624;6776853,3754700115;43,0;15828,8310546875;42,9;Muçum
44,47025820043853;418165,686268545;6776853,3754700115;43,0;15828,8330078125;42,88;Muçum
44,49889524363973;418137,0492253438;6776853,3754700115;43,0;15828,8349609375;42,86;Muçum
44,52753228684094;418108,4121821426;6776853,3754700115;43,0;15828,8349609375;42,84;Muçum
44,55616933004214;418079,77513894136;6776853,3754700115;43,0;15828,8349609375;42,82;Muçum
44,584806373243346;418051,13809574017;6776853,3754700115;43,0;15828,8359375;42,8;Muçum
44,61344341644455;418022,501052539;6776853,3754700115;43,0;15828,8388671875;42,78;Muçum
44,642080459645754;417993,8640093378;6776853,3754700115;43,0;15828,8388671875;42,76;Muçum
44,670717502846955;417965,2269661366;6776853,3754700115;43,0;15828,8388671875;42,74;Muçum
44,69935454604816;417936,58992293535;6776853,3754700115;43,0;15831,728515625;42,72;Muçum
44,7398530525433;417907,95287973416;6776824,73842681;43,0;15831,8857421875;42,7;Muçum
44,768490095744504;417879,315836533;6776824,73842681;43,0;15831,8955078125;42,68;Muçum
44,79712713894571;417850,6787933317;6776824,73842681;43,0;15831,90234375;42,66;Muçum
44,82576418214691;417822,04175013053;6776824,73842681;43,0;15831,9052734375;42,64;Muçum
44,85440122534812;417793,40470692934;6776824,73842681;43,0;15831,9072265625;42,62;Muçum
44,88303826854933;417764,76766372815;6776824,73842681;42,5;15831,9189453125;42,58;Muçum
44,91167531175053;417736,13062052696;6776824,73842681;42,5;15831,9248046875;42,54;Muçum
44,940312354951736;417707,4935773257;6776824,73842681;42,5;15831,9384765625;42,5;Muçum
44,98081086144687;417678,8565341245;6776796,10138361;42,5;15832,0693359375;42,46;Muçum
45,00944790464808;417650,21949092334;6776796,10138361;42,5;15832,109375;42,42;Muçum
45,04994641114322;417621,5824477221;6776767,464340408;42,5;15832,279296875;42,38;Muçum
45,09044491763836;417592,9454045209;6776738,827297207;42,5;15832,34765625;42,36;Muçum
45,1309434241335;417564,3083613197;6776710,190254006;42,5;15832,3564453125;42,34;Muçum
45,1595804673347;417535,6713181185;6776710,190254006;42,5;15832,37109375;42,32;Muçum
45,18821751053591;417507,0342749173;6776710,190254006;42,93000030517578;15835,40234375;42,3;Muçum
45,21685455373711;417478,3972317161;6776710,190254006;42,83000183105469;15835,4052734375;42,28;Muçum
45,25735306023225;417449,7601885149;6776681,553210804;42,5;15835,453125;42,26;Muçum
45,285990103433456;417421,1231453137;6776681,553210804;42,5;15835,4541015625;42,24;Muçum
45,326488609928596;417392,4861021125;6776652,916167603;42,5;15835,5009765625;42,22;Muçum
45,3551256531298;417363,8490589113;6776652,916167603;42,5;15835,5185546875;42,2;Muçum
45,39562415962494;417335,2120157101;6776624,279124402;42,5;15835,5498046875;42,16;Muçum
45,43612266612008;417306,5749725089;6776595,642081201;42,5;15835,58203125;42,12;Muçum
45,47662117261522;417277,9379293077;6776567,005038;42,5;15835,5986328125;42,08;Muçum
45,51711967911036;417249,30088610644;6776538,367994798;42,5;15835,625;42,04;Muçum
45,5576181856055;417220,66384290525;6776509,730951597;42,0;15835,634765625;42,0;Muçum
45,59811669210064;417192,02679970406;6776481,093908396;42,0;15835,650390625;41,96;Muçum
45,63861519859578;417163,3897565029;6776452,456865195;42,0;15835,65625;41,92;Muçum
45,67911370509092;417134,7527133017;6776423,819821994;42,0;15836,03515625;41,88;Muçum
45,71961221158605;417106,11567010044;6776395,182778792;42,0;15836,0458984375;41,84;Muçum
45,760110718081194;417077,47862689925;6776366,545735591;42,0;15836,0869140625;41,8;Muçum
45,800609224576334;417048,84158369806;6776337,90869239;42,0;15836,1142578125;41,78;Muçum
45,841107731071475;417020,2045404968;6776309,271649188;42,0;15836,1630859375;41,76;Muçum
45,881606237566615;416991,5674972956;6776280,634605988;42,0;15836,1767578125;41,74;Muçum
45,922104744061755;416962,9304540944;6776251,997562787;42,0;15836,20703125;41,72;Muçum
45,962603250556896;416934,29341089324;6776223,360519585;42,0;15836,2197265625;41,7;Muçum
46,003101757052036;416905,65636769205;6776194,723476384;42,0;15836,228515625;41,66;Muçum
46,04360026354718;416877,0193244908;6776166,0864331825;42,0;15836,2744140625;41,62;Muçum
46,08409877004232;416848,3822812896;6776137,449389982;42,0;15836,296875;41,58;Muçum
46,12459727653745;416819,7452380884;6776108,812346781;42,0;15836,302734375;41,54;Roca Sales
46,16509578303259;416791,1081948872;6776080,175303579;41,5;15836,330078125;41,5;Roca Sales
46,1937328262338;416762,471151686;6776080,175303579;41,5;15836,4384765625;41,46;Muçum
46,23423133272894;416733,8341084848;6776051,538260378;41,5;15836,9150390625;41,42;Roca Sales
46,27472983922408;416705,1970652836;6776022,901217177;41,5;15837,01953125;41,38;Roca Sales
46,31522834571922;416676,5600220824;6775994,264173975;41,5;15837,1083984375;41,34;Roca Sales
46,35572685221436;416647,92297888116;6775965,627130775;41,5;15837,1572265625;41,3;Roca Sales
46,39622535870949;416619,28593568;6775936,990087573;41,5;15837,193359375;41,28;Roca Sales
46,436723865204634;416590,6488924788;6775908,353044372;41,5;15837,212890625;41,26;Roca Sales
46,477222371699774;416562,0118492776;6775879,716001171;41,5;15837,2470703125;41,24;Muçum
46,50585941490098;416562,0118492776;6775851,078957969;41,5;15837,25390625;41,2;Roca Sales
46,54635792139612;416533,3748060764;6775822,441914768;41,5;15837,26953125;41,16;Roca Sales
46,58685642789126;416504,73776287516;6775793,8048715675;41,5;15837,3056640625;41,12;Muçum
46,627354934386396;416476,10071967397;6775765,167828366;41,5;15837,337890625;41,08;Muçum
46,66785344088154;416447,4636764728;6775736,530785165;41,5;15837,34765625;41,04;Muçum
46,70835194737668;416418,8266332715;6775707,893741963;41,5;15837,3896484375;41,0;Muçum
46,736988990577885;416418,8266332715;6775679,256698762;41,0;15837,3916015625;40,96;Muçum
46,765626033779085;416418,8266332715;6775650,619655561;41,0;15837,392578125;40,92;Roca Sales
46,79426307698029;416418,8266332715;6775621,98261236;41,0;15837,3974609375;40,88;Roca Sales
46,822900120181494;416418,8266332715;6775593,345569159;41,0;15837,3984375;40,84;Roca Sales
46,8515371633827;416418,8266332715;6775564,708525958;41,0;15837,517578125;40,8;Roca Sales
46,89203566987784;416447,4636764728;6775536,071482756;41,0;15837,529296875;40,76;Roca Sales
46,93253417637298;416476,10071967397;6775507,434439555;41,0;15837,53125;40,74;Roca Sales
46,97303268286812;416504,73776287516;6775478,797396353;41,0;15837,544921875;40,72;Roca Sales
47,01353118936326;416533,3748060764;6775450,160353153;41,0;15837,5458984375;40,68;Roca Sales
47,054029695858404;416562,0118492776;6775421,523309952;41,0;15837,5576171875;40,64;Roca Sales
47,09452820235354;416590,6488924788;6775392,88626675;41,0;15837,693359375;40,6;Roca Sales
47,13502670884868;416619,28593568;6775364,249223549;41,0;15837,6982421875;40,56;Roca Sales
47,17552521534382;416647,92297888116;6775335,612180348;41,0;15837,7001953125;40,52;Roca Sales
47,21602372183896;416676,5600220824;6775306,975137147;40,5;15837,703125;40,48;Roca Sales
47,244660765040166;416676,5600220824;6775278,338093946;40,5;15837,705078125;40,44;Roca Sales
47,27329780824137;416676,5600220824;6775249,701050744;40,5;15837,705078125;40,4;Roca Sales
47,301934851442574;416676,5600220824;6775221,064007543;40,5;15871,81640625;40,36;Roca Sales
47,342433357937715;416705,1970652836;6775192,426964342;40,5;15872,1923828125;40,32;Roca Sales
47,382931864432855;416733,8341084848;6775163,78992114;40,5;15872,2109375;40,28;Roca Sales
47,42343037092799;416762,471151686;6775135,15287794;40,5;15872,236328125;40,26;Roca Sales
47,452067414129196;416762,471151686;6775106,5158347385;40,5;15872,2451171875;40,24;Roca Sales
47,49256592062434;416791,1081948872;6775077,878791537;40,5;15872,259765625;40,22;Roca Sales
47,53306442711948;416819,7452380884;6775049,241748336;40,5;15872,3291015625;40,2;Roca Sales
47,56170147032068;416819,7452380884;6775020,604705134;40,5;15872,3349609375;40,16;Muçum
47,60219997681582;416848,3822812896;6774991,967661933;40,5;15872,3779296875;40,12;Roca Sales
47,630837020017026;416848,3822812896;6774963,330618733;40,5;15872,3798828125;40,08;Roca Sales
47,65947406321823;416848,3822812896;6774934,693575531;40,5;15872,3837890625;40,04;Roca Sales
47,69997256971337;416877,0193244908;6774906,05653233;40,0;15872,400390625;40,0;Roca Sales
47,728609612914575;416877,0193244908;6774877,4194891285;40,0;15872,404296875;39,96;Roca Sales
47,757246656115775;416877,0193244908;6774848,782445927;40,0;15872,4072265625;39,92;Roca Sales
47,78588369931698;416877,0193244908;6774820,145402726;40,0;15872,408203125;39,88;Roca Sales
47,814520742518184;416877,0193244908;6774791,508359525;40,0;15872,41015625;39,84;Roca Sales
47,84315778571939;416877,0193244908;6774762,871316324;40,0;15872,4140625;39,8;Roca Sales
47,8717948289206;416877,0193244908;6774734,234273123;40,0;15872,4208984375;39,78;Muçum
47,91229333541573;416905,65636769205;6774705,597229921;40,0;15872,5390625;39,76;Roca Sales
47,94093037861694;416905,65636769205;6774676,96018672;40,0;15872,5419921875;39,74;Roca Sales
47,96956742181815;416905,65636769205;6774648,3231435185;40,0;15872,5439453125;39,72;Roca Sales
47,99820446501935;416905,65636769205;6774619,686100318;40,0;15872,544921875;39,68;Roca Sales
48,026841508220556;416905,65636769205;6774591,049057117;40,0;15872,548828125;39,64;Roca Sales
48,05547855142176;416905,65636769205;6774562,412013915;40,0;15872,5517578125;39,6;Roca Sales
48,084115594622965;416905,65636769205;6774533,774970714;40,0;15872,5546875;39,56;Muçum
48,124614101118105;416934,29341089324;6774505,137927513;40,0;15872,689453125;39,52;Roca Sales
48,153251144319306;416934,29341089324;6774476,500884312;39,5;15872,693359375;39,48;Roca Sales
48,181888187520514;416934,29341089324;6774447,863841111;39,5;15872,693359375;39,44;Roca Sales
48,210525230721714;416934,29341089324;6774419,2267979095;39,5;15872,6943359375;39,4;Roca Sales
48,23916227392292;416934,29341089324;6774390,589754708;39,5;15872,6962890625;39,36;Roca Sales
48,26779931712412;416934,29341089324;6774361,952711507;39,5;15872,6962890625;39,32;Muçum
48,29643636032533;416934,29341089324;6774333,315668305;39,5;15872,6962890625;39,26;Muçum
48,32507340352653;416934,29341089324;6774304,678625105;39,5;15872,697265625;39,22;Muçum
48,35371044672774;416934,29341089324;6774276,041581904;39,5;15872,69921875;39,18;Muçum
48,38234748992895;416934,29341089324;6774247,404538702;39,5;15873,224609375;39,14;Muçum
48,42284599642408;416905,65636769205;6774218,767495501;39,5;15873,244140625;39,1;Muçum
48,46334450291922;416877,0193244908;6774190,1304522995;39,5;15873,919921875;39,06;Muçum
48,50384300941436;416848,3822812896;6774161,493409098;39,5;15873,92578125;39,02;Muçum
48,5443415159095;416819,7452380884;6774132,856365898;39,5;15873,98828125;38,98;Muçum
48,58484002240464;416791,1081948872;6774104,219322696;39,5;15874,015625;38,94;Muçum
48,62533852889978;416762,471151686;6774075,582279495;39,0;15874,021484375;38,9;Muçum
48,66583703539492;416733,8341084848;6774046,945236294;39,0;15874,02734375;38,86;Muçum
48,70633554189006;416705,1970652836;6774018,308193092;39,0;15874,03515625;38,82;Muçum
48,7468340483852;416676,5600220824;6773989,671149891;39,0;15874,041015625;38,78;Muçum
48,787332554880344;416647,92297888116;6773961,03410669;39,0;15874,0478515625;38,74;Muçum
48,82783106137548;416619,28593568;6773932,397063489;39,0;15874,0537109375;38,7;Muçum
48,86832956787062;416590,6488924788;6773903,760020288;39,0;15874,083984375;38,68;Muçum
48,90882807436576;416562,0118492776;6773875,122977086;39,0;15874,0966796875;38,66;Muçum
48,9493265808609;416533,3748060764;6773846,485933885;39,0;15874,103515625;38,62;Muçum
48,98982508735604;416504,73776287516;6773817,848890684;39,0;15874,111328125;38,58;Muçum
49,03032359385118;416476,10071967397;6773789,211847483;38,5;15874,1142578125;38,54;Muçum
49,05896063705239;416447,4636764728;6773789,211847483;38,5;15874,123046875;38,5;Muçum
49,09945914354752;416418,8266332715;6773760,574804282;38,5;15874,1337890625;38,46;Muçum
49,13995765004266;416390,18959007034;6773731,93776108;38,5;15874,1591796875;38,42;Muçum
49,16859469324387;416361,55254686915;6773731,93776108;38,5;15874,28515625;38,38;Muçum
49,20909319973901;416332,91550366796;6773703,300717879;38,5;15874,7158203125;38,34;Muçum
49,24959170623415;416304,27846046677;6773674,663674678;38,5;15874,767578125;38,32;Muçum
49,29009021272929;416275,6414172655;6773646,026631477;38,5;15874,80078125;38,3;Muçum
49,33058871922442;416247,00437406433;6773617,389588276;38,5;15874,822265625;38,28;Muçum
49,37108722571956;416218,36733086314;6773588,752545075;38,5;15875,205078125;38,26;Muçum
49,39972426892077;416189,7302876619;6773588,752545075;38,5;15875,208984375;38,24;Muçum
49,44022277541591;416161,0932444607;6773560,115501873;38,5;15875,2216796875;38,22;Muçum
49,46885981861711;416132,4562012595;6773560,115501873;38,5;15875,2255859375;38,2;Muçum
49,50935832511225;416103,8191580583;6773531,478458672;38,5;15875,2333984375;38,18;Muçum
49,54985683160739;416075,18211485713;6773502,8414154705;38,5;15875,302734375;38,14;Muçum
49,59035533810253;416046,5450716559;6773474,20437227;38,5;15875,322265625;38,1;Muçum
49,630853844597674;416017,9080284547;6773445,567329069;38,5;15875,32421875;38,06;Muçum
49,671352351092814;415989,2709852535;6773416,930285867;38,0;15875,3251953125;38,02;Muçum
49,711850857587955;415960,63394205226;6773388,293242666;38,0;15875,4150390625;37,98;Muçum
49,752349364083095;415931,99689885107;6773359,656199465;38,0;15875,455078125;37,94;Muçum
49,792847870578235;415903,3598556499;6773331,019156263;38,0;15875,462890625;37,9;Muçum
49,833346377073376;415874,7228124487;6773302,382113063;38,0;15875,4775390625;37,86;Muçum
49,87384488356851;415846,0857692475;6773273,745069861;38,0;15875,5341796875;37,82;Muçum
49,91434339006365;415817,44872604625;6773245,10802666;38,0;15875,5400390625;37,8;Muçum
49,95484189655879;415788,81168284506;6773216,470983459;38,0;15875,54296875;37,78;Muçum
49,99534040305393;415760,17463964387;6773187,833940257;38,0;15875,5556640625;37,76;Muçum
50,03583890954907;415731,5375964427;6773159,196897056;38,0;15875,5595703125;37,74;Muçum
50,07633741604421;415702,9005532415;6773130,5598538555;38,0;15875,5693359375;37,72;Muçum
50,11683592253935;415674,26351004024;6773101,922810654;38,0;15879,955078125;37,7;Muçum
50,15733442903449;415645,62646683905;6773073,285767453;38,0;15879,958984375;37,68;Muçum
50,19783293552963;415616,98942363786;6773044,648724251;38,0;15879,9658203125;37,66;Muçum
50,23833144202477;415588,3523804366;6773016,01168105;38,0;15879,974609375;37,64;Muçum
50,278829948519906;415559,7153372354;6772987,374637849;38,0;15879,982421875;37,62;Muçum
50,31932845501505;415531,07829403423;6772958,737594648;37,5;15879,990234375;37,6;Muçum
50,347965498216254;415502,44125083304;6772958,737594648;37,5;15879,9912109375;37,58;Muçum
50,376602541417455;415473,80420763185;6772958,737594648;37,5;15879,9912109375;37,56;Muçum
50,40523958461866;415445,1671644306;6772958,737594648;37,5;15879,9912109375;37,52;Muçum
50,43387662781987;415416,5301212294;6772958,737594648;37,5;15879,9931640625;37,48;Muçum
50,46251367102107;415387,8930780282;6772958,737594648;37,5;15879,994140625;37,44;Muçum
50,49115071422228;415359,256034827;6772958,737594648;37,5;15879,994140625;37,42;Muçum
50,51978775742348;415330,6189916258;6772958,737594648;37,5;15879,994140625;37,4;Muçum
50,54842480062469;415301,9819484246;6772958,737594648;37,5;15880,572265625;37,38;Muçum
50,58892330711983;415273,3449052234;6772930,100551447;37,5;15880,6416015625;37,36;Muçum
50,61756035032103;415244,7078620222;6772930,100551447;37,5;15880,64453125;37,34;Muçum
50,65805885681617;415216,07081882097;6772901,463508246;37,5;15880,7158203125;37,32;Muçum
50,69855736331131;415187,4337756198;6772872,826465044;37,5;15880,7294921875;37,3;Muçum
50,72719440651252;415158,7967324186;6772872,826465044;37,5;15880,732421875;37,28;Muçum
50,76769291300765;415130,15968921734;6772844,189421843;37,5;15880,759765625;37,26;Muçum
50,79632995620886;415101,52264601615;6772844,189421843;37,5;15880,7626953125;37,24;Muçum
50,824966999410066;415072,88560281496;6772844,189421843;37,5;15880,7685546875;37,22;Muçum
50,8654655059052;415044,24855961377;6772815,552378642;37,5;15880,8017578125;37,2;Muçum
50,89410254910641;415015,6115164126;6772815,552378642;37,5;15880,8037109375;37,18;Muçum
50,922739592307614;414986,97447321133;6772815,552378642;37,5;15880,80859375;37,16;Muçum
50,96323809880275;414958,33743001014;6772786,915335441;37,5;15880,97265625;37,14;Muçum
50,991875142003956;414929,70038680895;6772786,915335441;37,5;15880,9755859375;37,12;Muçum
51,02051218520516;414901,06334360776;6772786,915335441;37,0;15880,982421875;37,1;Muçum
51,049149228406364;414872,4263004066;6772786,915335441;37,0;15880,9833984375;37,08;Muçum
51,07778627160757;414843,7892572053;6772786,915335441;37,0;15880,9853515625;37,06;Muçum
51,10642331480877;414815,15221400413;6772786,915335441;37,0;15880,9951171875;37,04;Muçum
51,13506035800998;414786,51517080294;6772786,915335441;37,0;15881,001953125;37,0;Muçum
51,16369740121118;414757,8781276017;6772786,915335441;37,0;15881,0029296875;36,96;Muçum
51,19233444441239;414729,2410844005;6772786,915335441;37,0;15881,0068359375;36,94;Muçum
51,22097148761359;414700,6040411993;6772786,915335441;37,0;15881,0078125;36,92;Muçum
51,2496085308148;414671,9669979981;6772786,915335441;37,0;15881,0126953125;36,9;Muçum
51,278245574016;414643,32995479694;6772786,915335441;37,0;15881,013671875;36,88;Muçum
51,306882617217205;414614,6929115957;6772786,915335441;37,0;15881,015625;36,86;Muçum
51,335519660418406;414586,0558683945;6772786,915335441;37,0;15881,015625;36,84;Muçum
51,364156703619614;414557,4188251933;6772786,915335441;37,0;15881,015625;36,82;Muçum
51,39279374682082;414528,78178199206;6772786,915335441;37,0;15881,0166015625;36,8;Muçum
51,42143079002202;414500,14473879087;6772786,915335441;37,0;15881,0185546875;36,78;Muçum
51,45006783322323;414471,5076955897;6772786,915335441;37,0;15881,0185546875;36,76;Muçum
51,47870487642443;414442,8706523885;6772786,915335441;37,0;15881,0185546875;36,74;Muçum
51,50734191962564;414414,2336091873;6772786,915335441;37,0;15881,0205078125;36,72;Muçum
51,53597896282684;414385,59656598605;6772786,915335441;37,0;15881,021484375;36,7;Muçum
51,56461600602805;414356,95952278486;6772786,915335441;37,0;15881,021484375;36,68;Muçum
51,59325304922925;414328,3224795837;6772786,915335441;37,0;15881,021484375;36,66;Muçum
51,621890092430455;414299,6854363824;6772786,915335441;37,0;15881,0234375;36,64;Muçum
51,650527135631656;414271,04839318123;6772786,915335441;37,0;15881,0244140625;36,62;Muçum
51,691025642126796;414242,41134998004;6772815,552378642;36,5;15881,078125;36,6;Muçum
51,719662685328004;414213,77430677885;6772815,552378642;36,5;15881,078125;36,58;Muçum
51,748299728529204;414185,13726357766;6772815,552378642;36,5;15881,0791015625;36,56;Muçum
51,77693677173041;414156,5002203764;6772815,552378642;36,5;15881,0810546875;36,54;Muçum
51,80557381493162;414127,8631771752;6772815,552378642;36,5;15881,0810546875;36,52;Muçum
51,83421085813282;414099,22613397404;6772815,552378642;36,5;15881,0810546875;36,5;Muçum
51,86284790133403;414070,58909077285;6772815,552378642;36,5;15881,08203125;36,5;Muçum
51,89148494453523;414041,95204757166;6772815,552378642;36,5;15881,083984375;36,48;Muçum
51,92012198773644;414013,3150043704;6772815,552378642;36,5;15881,083984375;36,46;Muçum
51,94875903093764;413984,6779611692;6772815,552378642;36,5;15881,083984375;36,44;Muçum
51,977396074138845;413956,040917968;6772815,552378642;36,5;15881,0859375;36,42;Muçum
52,006033117340046;413927,4038747668;6772815,552378642;36,5;15881,0869140625;36,4;Muçum
52,03467016054125;413898,7668315656;6772815,552378642;36,5;15881,0869140625;36,38;Muçum
52,063307203742454;413870,1297883644;6772815,552378642;36,5;15881,0869140625;36,36;Muçum
52,09194424694366;413841,4927451632;6772815,552378642;36,5;15881,0888671875;36,34;Muçum
52,12058129014487;413812,855701962;6772815,552378642;36,5;15881,08984375;36,32;Muçum
52,14921833334607;413784,2186587608;6772815,552378642;36,5;15881,08984375;36,3;Encantado
52,17785537654728;413755,5816155596;6772815,552378642;36,5;15881,08984375;36,28;Encantado
52,20649241974848;413726,9445723584;6772815,552378642;36,5;18371,091796875;36,26;Encantado
52,235129462949686;413698,30752915714;6772815,552378642;36,5;18371,111328125;36,24;Encantado
52,27562796944483;413669,67048595595;6772786,915335441;36,5;18371,12890625;36,22;Encantado
52,30426501264603;413641,03344275476;6772786,915335441;36,5;18371,1328125;36,2;Encantado
52,332902055847235;413612,3963995536;6772786,915335441;36,5;18371,138671875;36,18;Encantado
52,373400562342376;413583,7593563524;6772758,27829224;36,5;18372,12890625;36,15;Encantado
52,402037605543576;413555,12231315114;6772758,27829224;36,5;18372,130859375;36,11;Encantado
52,44253611203872;413526,48526994995;6772729,641249038;36,5;18372,22265625;36,07;Encantado
52,48303461853386;413497,84822674876;6772701,004205837;36,0;18372,240234375;36,03;Encantado
52,523533125029;413469,2111835475;6772672,367162636;36,0;18372,248046875;35,99;Encantado
52,56403163152414;413440,5741403463;6772643,730119435;36,0;18372,31640625;35,95;Encantado
52,60453013801928;413411,9370971451;6772615,093076234;36,0;18372,365234375;35,91;Encantado
52,64502864451442;413383,30005394394;6772586,456033032;36,0;18372,4296875;35,87;Encantado
52,68552715100955;413354,66301074275;6772557,818989831;36,0;18372,435546875;35,83;Encantado
52,72602565750469;413326,0259675415;6772529,18194663;36,0;18372,443359375;35,81;Roca Sales
52,76652416399983;413297,3889243403;6772500,544903428;36,0;18372,478515625;35,79;Roca Sales
52,80702267049497;413268,7518811391;6772471,907860228;36,0;18372,48828125;35,77;Roca Sales
52,847521176990114;413240,11483793793;6772443,2708170265;36,0;18372,50390625;35,75;Roca Sales
52,888019683485254;413211,47779473674;6772414,633773825;36,0;18372,509765625;35,73;Roca Sales
52,928518189980394;413182,8407515355;6772385,996730624;36,0;18372,578125;35,71;Roca Sales
52,969016696475535;413154,2037083343;6772357,359687422;36,0;18372,583984375;35,69;Roca Sales
52,997653739676736;413154,2037083343;6772328,722644221;36,0;18372,5859375;35,67;Roca Sales
53,038152246171876;413125,5666651331;6772300,085601021;36,0;18372,591796875;35,65;Roca Sales
53,078650752667016;413096,92962193186;6772271,448557819;36,0;18372,59375;35,63;Roca Sales
53,107287795868224;413096,92962193186;6772242,811514618;35,75;18372,6015625;35,60720001220703;Roca Sales
53,147786302363365;413068,2925787307;6772214,1744714165;35,5;18372,6484375;35,581199951171875;Roca Sales
53,188284808858505;413039,6555355295;6772185,537428215;35,5;18372,65234375;35,55519989013672;Roca Sales
53,216921852059706;413039,6555355295;6772156,900385014;35,5;18372,66015625;35,529199829101564;Roca Sales
53,257420358554846;413011,0184923283;6772128,263341813;35,5;18372,68359375;35,489199829101565;Roca Sales
53,286057401756054;413011,0184923283;6772099,626298612;35,5;18372,68359375;35,44919982910156;Roca Sales
53,314694444957254;413011,0184923283;6772070,989255411;35,5;18372,6875;35,419199829101565;Roca Sales
53,34333148815846;413011,0184923283;6772042,352212209;35,5;18372,6875;35,39919982910156;Roca Sales
53,37196853135966;413011,0184923283;6772013,715169008;35,5;18372,69140625;35,379199829101566;Roca Sales
53,40060557456087;413011,0184923283;6771985,078125807;35,5;18372,69921875;35,35919982910156;Roca Sales
53,44110408105601;412982,3814491271;6771956,441082606;35,5;18375,564453125;35,33919982910156;Roca Sales
53,46974112425721;412982,3814491271;6771927,804039405;35,5;18375,56640625;35,319199829101564;Roca Sales
53,49837816745842;412982,3814491271;6771899,166996203;35,5;18375,572265625;35,29919982910156;Roca Sales
53,52701521065962;412982,3814491271;6771870,529953002;35,5;18375,572265625;35,279199829101564;Roca Sales
53,55565225386083;412982,3814491271;6771841,892909801;35,5;18375,58203125;35,25919982910156;Roca Sales
53,58428929706203;412982,3814491271;6771813,2558666;35,5;18375,58203125;35,239199829101565;Roca Sales
53,612926340263236;412982,3814491271;6771784,618823399;35,5;18375,583984375;35,21919982910156;Roca Sales
53,64156338346444;412982,3814491271;6771755,9817801975;35,5;18376,990234375;35,19919982910156;Roca Sales
53,68206188995958;413011,0184923283;6771727,344736996;35,5;18377,17578125;35,17919982910156;Roca Sales
53,72256039645472;413039,6555355295;6771698,707693795;35,43000030517578;18377,21875;35,15919982910156;Roca Sales
53,76305890294986;413068,2925787307;6771670,070650593;35,349998474121094;18377,23046875;35,139199829101564;Roca Sales
53,803557409445;413096,92962193186;6771641,433607393;35,779998779296875;18377,33203125;35,11919982910156;Roca Sales
53,832194452646206;413125,5666651331;6771641,433607393;35,84000015258789;18377,345703125;35,099199829101565;Roca Sales
53,87269295914134;413154,2037083343;6771612,796564192;35,0;18377,353515625;35,059199829101566;Roca Sales
53,90133000234255;413182,8407515355;6771612,796564192;35,630001068115234;18377,353515625;35,01919982910156;Roca Sales
53,94182850883769;413211,47779473674;6771584,15952099;35,0;18377,39453125;34,98199981689453;Roca Sales
53,98232701533283;413240,11483793793;6771555,522477789;35,0;18377,44140625;34,94799987792969;Roca Sales
54,02282552182797;413268,7518811391;6771526,8854345875;35,0;18377,494140625;34,91399993896484;Roca Sales
54,06332402832311;413297,3889243403;6771498,248391386;35,0;18377,537109375;34,88;Roca Sales
54,10382253481825;413326,0259675415;6771469,611348186;35,0;18377,568359375;34,86;Roca Sales
54,14432104131338;413354,66301074275;6771440,974304984;35,0;18377,580078125;34,84;Roca Sales
54,18481954780852;413383,30005394394;6771412,337261783;35,0;18377,650390625;34,82;Roca Sales
54,22531805430366;413411,9370971451;6771383,700218582;35,0;18377,697265625;34,8;Roca Sales
54,25395509750487;413440,5741403463;6771383,700218582;35,0;18377,69921875;34,78;Roca Sales
54,28259214070607;413469,2111835475;6771383,700218582;35,0;18377,703125;34,76;Roca Sales
54,31122918390728;413497,84822674876;6771383,700218582;35,0;18378,0859375;34,74;Roca Sales
54,35172769040242;413526,48526994995;6771355,06317538;35,0;18378,146484375;34,72;Roca Sales
54,38036473360362;413555,12231315114;6771355,06317538;35,0;18378,150390625;34,7;Roca Sales
54,40900177680483;413583,7593563524;6771355,06317538;35,0;18378,15234375;34,68;Roca Sales
54,43763882000603;413612,3963995536;6771355,06317538;35,0;18378,15234375;34,66;Roca Sales
54,46627586320724;413641,03344275476;6771355,06317538;35,0;18378,16015625;34,64;Roca Sales
54,50677436970238;413669,67048595595;6771326,426132179;35,0;18378,248046875;34,62;Roca Sales
54,53541141290358;413698,30752915714;6771326,426132179;34,5;18378,32421875;34,6;Roca Sales
54,564048456104786;413726,9445723584;6771326,426132179;34,5;18378,345703125;34,58;Roca Sales
54,604546962599926;413755,5816155596;6771297,789088978;34,5;18378,3828125;34,56;Roca Sales
54,63318400580113;413784,2186587608;6771297,789088978;34,5;18378,388671875;34,54;Roca Sales
54,661821049002334;413812,855701962;6771297,789088978;34,5;18378,39453125;34,52;Roca Sales
54,702319555497475;413841,4927451632;6771269,152045777;34,5;18378,400390625;34,5;Roca Sales
54,730956598698675;413870,1297883644;6771269,152045777;34,5;18378,52734375;34,5;Roca Sales
54,75959364189988;413898,7668315656;6771269,152045777;34,5;18378,537109375;34,5;Roca Sales
54,800092148395024;413927,4038747668;6771240,515002576;34,5;18378,54296875;34,48;Roca Sales
54,828729191596224;413956,040917968;6771240,515002576;34,5;18378,625;34,46;Roca Sales
54,869227698091365;413984,6779611692;6771211,877959374;34,5;18378,62890625;34,44;Roca Sales
54,89786474129257;414013,3150043704;6771211,877959374;34,5;18378,630859375;34,42;Roca Sales
54,92650178449377;414041,95204757166;6771211,877959374;34,5;18378,6484375;34,4;Roca Sales
54,95513882769498;414070,58909077285;6771211,877959374;34,5;18378,654296875;34,38;Roca Sales
54,99563733419012;414099,22613397404;6771183,240916173;34,5;18378,671875;34,36;Roca Sales
55,02427437739132;414127,8631771752;6771183,240916173;34,5;18378,70703125;34,34;Roca Sales
55,05291142059253;414156,5002203764;6771183,240916173;34,5;18378,708984375;34,32;Roca Sales
55,08154846379373;414185,13726357766;6771183,240916173;34,5;18379,048828125;34,3;Roca Sales
55,11018550699494;414213,77430677885;6771183,240916173;34,5;18379,05078125;34,28;Roca Sales
55,138822550196146;414242,41134998004;6771183,240916173;34,5;18379,107421875;34,26;Roca Sales
55,17932105669128;414271,04839318123;6771154,603872973;34,5;18379,130859375;34,24;Roca Sales
55,20795809989249;414299,6854363824;6771154,603872973;34,5;18379,140625;34,22;Roca Sales
55,236595143093695;414328,3224795837;6771154,603872973;34,5;18379,14453125;34,2;Roca Sales
55,265232186294895;414356,95952278486;6771154,603872973;34,5;18379,240234375;34,18;Roca Sales
55,305730692790036;414385,59656598605;6771125,966829771;34,5;18379,9375;34,16;Roca Sales
55,346229199285176;414414,2336091873;6771097,32978657;34,5;18380,29296875;34,14;Roca Sales
55,38672770578032;414442,8706523885;6771068,692743368;34,5;18380,3515625;34,12;Roca Sales
55,42722621227546;414471,5076955897;6771040,055700167;34,0;18380,41015625;34,1;Roca Sales
55,4677247187706;414500,14473879087;6771011,418656966;34,0;18380,43359375;34,06;Roca Sales
55,50822322526573;414528,78178199206;6770982,781613765;34,0;18380,466796875;34,02;Roca Sales
55,54872173176087;414557,4188251933;6770954,144570564;34,0;18380,5703125;33,98;Roca Sales
55,58922023825601;414586,0558683945;6770925,507527363;34,0;18380,578125;33,94;Roca Sales
55,62971874475115;414614,6929115957;6770896,870484161;34,0;18380,58203125;33,9;Roca Sales
55,67021725124629;414643,32995479694;6770868,23344096;34,0;18380,708984375;33,88;Roca Sales
55,71071575774143;414671,9669979981;6770839,596397758;34,0;18380,72265625;33,86;Roca Sales
55,75121426423657;414700,6040411993;6770810,959354558;34,0;18380,724609375;33,84;Roca Sales
55,79171277073171;414729,2410844005;6770782,322311357;34,0;18380,7265625;33,82;Roca Sales
55,832211277226854;414757,8781276017;6770753,685268155;34,0;18380,763671875;33,8;Roca Sales
55,872709783721994;414786,51517080294;6770725,048224954;34,0;18380,96875;33,78;Roca Sales
55,913208290217135;414815,15221400413;6770696,411181753;34,0;18380,970703125;33,76;Roca Sales
55,95370679671227;414843,7892572053;6770667,774138551;34,0;18380,9765625;33,74;Roca Sales
55,99420530320741;414872,4263004066;6770639,137095351;34,0;18380,98046875;33,72;Roca Sales
56,03470380970255;414901,06334360776;6770610,500052149;34,0;18380,984375;33,7;Roca Sales
56,07520231619769;414929,70038680895;6770581,863008948;34,0;18380,986328125;33,68;Roca Sales
56,1038393593989;414929,70038680895;6770553,225965747;34,0;18380,994140625;33,66;Roca Sales
56,14433786589404;414958,33743001014;6770524,588922545;34,0;18380,99609375;33,64;Roca Sales
56,17297490909524;414958,33743001014;6770495,951879344;34,0;18381,0;33,62;Encantado
56,21347341559038;414986,97447321133;6770467,3148361435;33,5;18381,029296875;33,6;Encantado
56,242110458791586;414986,97447321133;6770438,677792942;33,5;18381,03515625;33,58;Encantado
56,28260896528672;415015,6115164126;6770410,040749741;33,5;18381,041015625;33,56;Encantado
56,31124600848793;415015,6115164126;6770381,403706539;33,5;18381,044921875;33,54;Encantado
56,35174451498307;415044,24855961377;6770352,766663338;33,5;18381,052734375;33,52;Encantado
56,38038155818427;415044,24855961377;6770324,129620138;33,5;18381,0546875;33,5;Encantado
56,409018601385476;415044,24855961377;6770295,492576936;33,5;18381,056640625;33,5;Encantado
56,437655644586684;415044,24855961377;6770266,855533735;33,5;18381,060546875;33,48;Encantado
56,47815415108182;415072,88560281496;6770238,2184905335;33,5;18381,818359375;33,46;Encantado
56,506791194283025;415072,88560281496;6770209,581447332;33,5;18381,8203125;33,44;Encantado
56,547289700778165;415101,52264601615;6770180,944404131;33,5;18381,84765625;33,42;Encantado
56,587788207273306;415130,15968921734;6770152,30736093;33,5;18385,2421875;33,4;Encantado
56,61642525047451;415130,15968921734;6770123,670317729;33,5;18385,24609375;33,38;Encantado
56,65692375696965;415158,7967324186;6770095,033274528;33,5;18385,37109375;33,36;Encantado
56,685560800170855;415158,7967324186;6770066,396231326;33,5;18385,376953125;33,34;Encantado
56,726059306665995;415187,4337756198;6770037,759188125;33,5;18385,392578125;33,32;Encantado
56,754696349867196;415187,4337756198;6770009,122144924;33,5;18385,392578125;33,3;Encantado
56,7833333930684;415187,4337756198;6769980,485101723;33,5;18385,396484375;33,28;Encantado
56,811970436269604;415187,4337756198;6769951,848058522;33,5;18385,400390625;33,26;Encantado
56,84060747947081;415187,4337756198;6769923,21101532;33,5;18385,40234375;33,24;Encantado
56,88110598596595;415216,07081882097;6769894,573972119;33,5;18385,423828125;33,22;Encantado
56,90974302916715;415216,07081882097;6769865,936928918;33,5;18385,431640625;33,2;Encantado
56,93838007236836;415216,07081882097;6769837,299885716;33,5;18385,431640625;33,18;Encantado
56,96701711556956;415216,07081882097;6769808,662842516;33,5;18385,439453125;33,16;Encantado
56,99565415877077;415216,07081882097;6769780,0257993145;33,5;18385,44140625;33,14;Encantado
57,03615266526591;415244,7078620222;6769751,388756113;33,5;18385,462890625;33,12;Encantado
57,06478970846711;415244,7078620222;6769722,751712912;33,0;18385,466796875;33,1;Encantado
57,09342675166832;415244,7078620222;6769694,11466971;33,0;18385,470703125;33,08;Encantado
57,122063794869526;415244,7078620222;6769665,477626509;33,0;18385,470703125;33,06;Encantado
57,150700838070726;415244,7078620222;6769636,840583309;33,0;18385,47265625;33,04;Encantado
57,179337881271934;415244,7078620222;6769608,203540107;33,0;18385,478515625;33,02;Encantado
57,207974924473135;415244,7078620222;6769579,566496906;33,0;18385,48046875;33,0;Encantado
57,23661196767434;415244,7078620222;6769550,9294537045;33,0;18385,482421875;33,0;Encantado
57,26524901087554;415244,7078620222;6769522,292410503;33,0;18385,484375;33,0;Encantado
57,29388605407675;415244,7078620222;6769493,655367303;33,0;18385,484375;32,98;Encantado
57,32252309727795;415244,7078620222;6769465,018324101;33,0;18385,486328125;32,96;Encantado
57,35116014047916;415244,7078620222;6769436,3812809;33,0;18385,48828125;32,94;Encantado
57,37979718368036;415244,7078620222;6769407,744237699;33,0;18385,48828125;32,92;Encantado
57,40843422688157;415244,7078620222;6769379,107194497;33,0;18385,48828125;32,9;Encantado
57,43707127008277;415244,7078620222;6769350,470151296;33,0;18385,490234375;32,88;Encantado
57,465708313283976;415244,7078620222;6769321,833108095;33,0;18385,490234375;32,86;Encantado
57,494345356485184;415244,7078620222;6769293,196064894;33,0;18385,490234375;32,84;Encantado
57,522982399686384;415244,7078620222;6769264,559021693;33,0;18385,490234375;32,82;Encantado
57,55161944288759;415244,7078620222;6769235,921978491;33,0;18385,4921875;32,8;Encantado
57,58025648608879;415244,7078620222;6769207,28493529;33,0;18385,494140625;32,78;Encantado
57,60889352929;415244,7078620222;6769178,647892089;33,0;18385,494140625;32,76;Encantado
57,6375305724912;415244,7078620222;6769150,010848888;33,0;18385,494140625;32,74;Encantado
57,66616761569241;415244,7078620222;6769121,373805687;33,0;18385,49609375;32,72;Encantado
57,69480465889361;415244,7078620222;6769092,7367624855;33,0;18385,498046875;32,7;Encantado
57,72344170209482;415244,7078620222;6769064,099719284;33,0;18385,498046875;32,68;Encantado
57,75207874529602;415244,7078620222;6769035,462676083;33,0;18385,498046875;32,66;Encantado
57,780715788497226;415244,7078620222;6769006,825632881;33,0;18385,498046875;32,64;Encantado
57,80935283169843;415244,7078620222;6768978,188589681;33,0;18385,5;32,62;Encantado
57,837989874899634;415244,7078620222;6768949,55154648;32,5;18385,5;32,6;Encantado
57,86662691810084;415244,7078620222;6768920,914503278;32,5;18385,5;32,58;Encantado
57,89526396130204;415244,7078620222;6768892,277460077;32,5;18385,501953125;32,56;Encantado
57,92390100450325;415244,7078620222;6768863,6404168755;32,5;18385,50390625;32,54;Encantado
57,95253804770445;415244,7078620222;6768835,003373674;32,5;18385,50390625;32,52;Encantado
57,98117509090566;415244,7078620222;6768806,366330474;32,5;18385,50390625;32,5;Encantado
58,00981213410686;415244,7078620222;6768777,729287272;32,5;18385,634765625;32,5;Encantado
58,050310640602;415216,07081882097;6768749,092244071;32,5;18385,646484375;32,5;Encantado
58,09080914709714;415187,4337756198;6768720,45520087;32,5;18386,595703125;32,48;Encantado
58,13130765359228;415158,7967324186;6768691,818157668;32,5;18386,60546875;32,46;Encantado
58,15994469679349;415158,7967324186;6768663,181114468;32,5;18386,607421875;32,44;Encantado
58,18858173999469;415158,7967324186;6768634,544071266;32,5;18386,609375;32,42;Encantado
58,2172187831959;415158,7967324186;6768605,907028065;32,5;18386,609375;32,4;Encantado
58,2458558263971;415158,7967324186;6768577,269984864;32,5;18386,6171875;32,38;Encantado
58,274492869598305;415158,7967324186;6768548,632941662;32,5;18386,6171875;32,36;Roca Sales
58,303129912799506;415158,7967324186;6768519,995898461;32,5;18386,619140625;32,34;Roca Sales
58,33176695600071;415158,7967324186;6768491,358855261;32,91999816894531;18386,619140625;32,32;Roca Sales
58,360403999201914;415158,7967324186;6768462,721812059;32,5;18386,62109375;32,3;Roca Sales
58,38904104240312;415158,7967324186;6768434,084768858;32,5;18386,623046875;32,28;Roca Sales
58,41767808560433;415158,7967324186;6768405,447725656;32,5;18386,623046875;32,26;Roca Sales
58,44631512880553;415158,7967324186;6768376,810682455;32,5;18386,623046875;32,24;Roca Sales
58,47495217200674;415158,7967324186;6768348,173639254;32,5;18386,625;32,22;Roca Sales
58,50358921520794;415158,7967324186;6768319,536596053;32,5;18386,626953125;32,2;Roca Sales
58,532226258409146;415158,7967324186;6768290,899552852;32,5;18388,26953125;32,18;Roca Sales
58,57272476490429;415130,15968921734;6768262,262509651;32,5;18389,548828125;32,16;Roca Sales
58,61322327139943;415101,52264601615;6768233,625466449;32,5;18389,572265625;32,14;Roca Sales
58,65372177789456;415072,88560281496;6768204,988423248;32,5;18389,697265625;32,12;Roca Sales
58,6942202843897;415044,24855961377;6768176,351380046;32,0;18389,71484375;32,1;Roca Sales
58,72285732759091;415044,24855961377;6768147,714336846;32,0;18389,732421875;32,08;Roca Sales
58,76335583408605;415015,6115164126;6768119,077293645;32,0;18389,755859375;32,06;Roca Sales
58,79199287728725;415015,6115164126;6768090,440250443;32,0;18389,783203125;32,04;Roca Sales
58,83249138378239;414986,97447321133;6768061,803207242;32,0;18389,8046875;32,02;Roca Sales
58,8611284269836;414986,97447321133;6768033,166164041;32,0;18389,806640625;32,0;Roca Sales
58,8897654701848;414986,97447321133;6768004,529120839;32,0;18389,814453125;32,0;Roca Sales
58,918402513386006;414986,97447321133;6767975,892077639;32,0;18389,822265625;32,0;Roca Sales
58,95890101988115;414958,33743001014;6767947,255034437;32,0;18389,84765625;32,0;Roca Sales
58,98753806308235;414958,33743001014;6767918,617991236;32,0;18389,861328125;32,0;Roca Sales
59,016175106283555;414958,33743001014;6767889,980948035;32,0;18389,865234375;32,0;Roca Sales
59,044812149484756;414958,33743001014;6767861,343904833;32,0;18389,87109375;32,0;Roca Sales
59,07344919268596;414958,33743001014;6767832,706861633;32,0;18389,873046875;32,0;Roca Sales
59,113947699181104;414929,70038680895;6767804,0698184315;32,0;18389,896484375;31,98;Roca Sales
59,142584742382304;414929,70038680895;6767775,43277523;32,0;18389,896484375;31,96;Roca Sales
59,17122178558351;414929,70038680895;6767746,795732029;32,0;18389,896484375;31,94;Roca Sales
59,19985882878471;414929,70038680895;6767718,158688827;32,0;18389,896484375;31,92;Roca Sales
59,22849587198592;414929,70038680895;6767689,521645626;32,0;18389,8984375;31,9;Roca Sales
59,25713291518713;414929,70038680895;6767660,884602426;32,0;18389,8984375;31,88;Roca Sales
59,28576995838833;414929,70038680895;6767632,247559224;32,0;18389,8984375;31,86;Roca Sales
59,31440700158954;414929,70038680895;6767603,610516023;32,0;18389,900390625;31,84;Roca Sales
59,34304404479074;414929,70038680895;6767574,9734728215;32,0;18389,904296875;31,82;Roca Sales
59,371681087991945;414929,70038680895;6767546,33642962;32,0;18389,904296875;31,8;Roca Sales
59,400318131193146;414929,70038680895;6767517,699386419;32,0;18389,904296875;31,78;Roca Sales
59,42895517439435;414929,70038680895;6767489,062343218;32,0;18389,90625;31,76;Roca Sales
59,457592217595554;414929,70038680895;6767460,425300017;32,0;18389,90625;31,74;Roca Sales
59,48622926079676;414929,70038680895;6767431,788256816;32,0;18389,90625;31,72;Roca Sales
59,51486630399796;414929,70038680895;6767403,151213614;32,0;18389,90625;31,7;Roca Sales
59,54350334719917;414929,70038680895;6767374,514170413;32,0;18389,908203125;31,68;Encantado
59,57214039040038;414929,70038680895;6767345,877127212;32,0;18389,91015625;31,66;Encantado
59,60077743360158;414929,70038680895;6767317,240084011;32,0;18389,91015625;31,64;Encantado
59,629414476802786;414929,70038680895;6767288,60304081;32,0;18389,91015625;31,62;Encantado
59,65805152000399;414929,70038680895;6767259,965997608;31,5;18389,912109375;31,6;Encantado
59,686688563205195;414929,70038680895;6767231,328954407;31,5;18389,9140625;31,58;Encantado
59,715325606406395;414929,70038680895;6767202,691911206;31,5;18389,9140625;31,56;Encantado
59,7439626496076;414929,70038680895;6767174,054868004;31,5;18389,9140625;31,54;Encantado
59,772599692808804;414929,70038680895;6767145,417824804;31,5;18389,9140625;31,52;Encantado
59,80123673601001;414929,70038680895;6767116,7807816025;31,5;18389,916015625;31,5;Encantado
59,82987377921121;414929,70038680895;6767088,143738401;31,5;18389,916015625;31,5;Encantado
59,85851082241242;414929,70038680895;6767059,5066952;31,5;18928,97265625;31,5;Encantado
59,89900932890756;414958,33743001014;6767030,869651998;31,5;18929,09765625;31,5;Encantado
59,9395078354027;414986,97447321133;6767002,232608798;31,5;18929,111328125;31,5;Encantado
59,98000634189784;415015,6115164126;6766973,595565597;31,5;18929,16796875;31,5;Encantado
60,02050484839298;415044,24855961377;6766944,958522395;31,5;18929,1875;31,5;Roca Sales
60,061003354888115;415072,88560281496;6766916,321479194;31,5;18929,2109375;31,5;Roca Sales
60,101501861383255;415101,52264601615;6766887,6844359925;31,5;18929,23046875;31,5;Roca Sales
60,142000367878396;415130,15968921734;6766859,047392791;31,5;18929,244140625;31,5;Roca Sales
60,182498874373536;415158,7967324186;6766830,410349591;31,5;18929,255859375;31,48;Roca Sales
60,22299738086868;415187,4337756198;6766801,773306389;31,5;18929,267578125;31,46;Roca Sales
60,251634424069884;415216,07081882097;6766801,773306389;31,5;18929,267578125;31,44;Roca Sales
60,280271467271085;415244,7078620222;6766801,773306389;31,5;18929,26953125;31,42;Roca Sales
60,30890851047229;415273,3449052234;6766801,773306389;31,5;18929,2734375;31,4;Roca Sales
60,33754555367349;415301,9819484246;6766801,773306389;31,5;18929,275390625;31,38;Roca Sales
60,3661825968747;415330,6189916258;6766801,773306389;31,5;18929,27734375;31,36;Roca Sales
60,3948196400759;415359,256034827;6766801,773306389;31,5;18929,279296875;31,34;Roca Sales
60,42345668327711;415387,8930780282;6766801,773306389;31,5;18929,28515625;31,32;Roca Sales
60,45209372647831;415416,5301212294;6766801,773306389;31,5;18929,29296875;31,3;Roca Sales
60,48073076967952;415445,1671644306;6766801,773306389;31,5;18930,046875;31,28;Roca Sales
60,509367812880726;415473,80420763185;6766801,773306389;31,5;18930,048828125;31,26;Roca Sales
60,538004856081926;415502,44125083304;6766801,773306389;31,5;18930,068359375;31,24;Roca Sales
60,566641899283134;415531,07829403423;6766801,773306389;31,5;18930,0703125;31,22;Roca Sales
60,595278942484335;415559,7153372354;6766801,773306389;31,5;18930,0703125;31,2;Roca Sales
60,62391598568554;415588,3523804366;6766801,773306389;31,5;18930,0703125;31,18;Roca Sales
60,65255302888674;415616,98942363786;6766801,773306389;31,5;18930,0703125;31,16;Roca Sales
60,68119007208795;415645,62646683905;6766801,773306389;31,5;18930,072265625;31,14;Roca Sales
60,70982711528915;415674,26351004024;6766801,773306389;31,5;18930,07421875;31,12;Roca Sales
60,73846415849036;415702,9005532415;6766801,773306389;31,0;18930,07421875;31,1;Roca Sales
60,76710120169156;415731,5375964427;6766801,773306389;31,0;18930,07421875;31,08;Roca Sales
60,79573824489277;415760,17463964387;6766801,773306389;31,0;18930,076171875;31,06;Roca Sales
60,824375288093975;415788,81168284506;6766801,773306389;31,0;18930,078125;31,04;Roca Sales
60,853012331295176;415817,44872604625;6766801,773306389;31,0;18930,078125;31,02;Roca Sales
60,881649374496384;415846,0857692475;6766801,773306389;31,0;18930,078125;31,0;Roca Sales
60,910286417697584;415874,7228124487;6766801,773306389;31,0;18930,078125;31,0;Roca Sales
60,93892346089879;415903,3598556499;6766801,773306389;31,0;18930,080078125;31,0;Roca Sales
60,96756050409999;415931,99689885107;6766801,773306389;31,0;18930,080078125;31,0;Roca Sales
60,9961975473012;415960,63394205226;6766801,773306389;31,0;18930,080078125;31,0;Roca Sales
61,0248345905024;415989,2709852535;6766801,773306389;31,0;18930,08203125;31,0;Roca Sales
61,05347163370361;416017,9080284547;6766801,773306389;31,0;18930,083984375;31,0;Roca Sales
61,08210867690481;416046,5450716559;6766801,773306389;31,0;18930,083984375;31,0;Roca Sales
61,11074572010602;416075,18211485713;6766801,773306389;31,0;18930,083984375;31,0;Roca Sales
61,139382763307225;416103,8191580583;6766801,773306389;31,0;18930,0859375;31,0;Roca Sales
61,168019806508426;416132,4562012595;6766801,773306389;31,0;18930,0859375;31,0;Roca Sales
61,19665684970963;416161,0932444607;6766801,773306389;31,0;18930,0859375;31,0;Roca Sales
61,225293892910834;416189,7302876619;6766801,773306389;31,0;18930,0859375;31,0;Roca Sales
61,25393093611204;416218,36733086314;6766801,773306389;31,0;18939,318359375;31,0;Roca Sales
61,28256797931324;416247,00437406433;6766801,773306389;31,0;18939,32421875;31,0;Roca Sales
61,31120502251445;416275,6414172655;6766801,773306389;31,0;18939,326171875;31,0;Roca Sales
61,33984206571565;416304,27846046677;6766801,773306389;31,0;18939,330078125;30,98;Roca Sales
61,36847910891686;416332,91550366796;6766801,773306389;31,0;18939,33203125;30,96;Roca Sales
61,39711615211806;416361,55254686915;6766801,773306389;31,0;18939,333984375;30,94;Encantado
61,42575319531927;416390,18959007034;6766801,773306389;31,0;18939,34375;30,92;Encantado
61,454390238520475;416418,8266332715;6766801,773306389;31,0;18939,34375;30,9;Encantado
61,483027281721675;416447,4636764728;6766801,773306389;31,0;18939,345703125;30,88;Encantado
61,51166432492288;416476,10071967397;6766801,773306389;31,0;18939,34765625;30,86;Encantado
61,540301368124084;416504,73776287516;6766801,773306389;31,0;18939,34765625;30,84;Encantado
61,56893841132529;416533,3748060764;6766801,773306389;31,0;18939,34765625;30,82;Encantado
61,59757545452649;416562,0118492776;6766801,773306389;31,0;18939,349609375;30,8;Encantado
61,6262124977277;416590,6488924788;6766801,773306389;31,0;18939,3515625;30,78;Roca Sales
61,6548495409289;416619,28593568;6766801,773306389;31,0;18939,48828125;30,76;Roca Sales
61,68348658413011;416647,92297888116;6766801,773306389;31,0;18939,494140625;30,74;Roca Sales
61,71212362733131;416676,5600220824;6766801,773306389;31,0;18939,5;30,72;Roca Sales
61,74076067053252;416705,1970652836;6766801,773306389;31,0;18939,501953125;30,7;Roca Sales
61,76939771373372;416733,8341084848;6766801,773306389;31,0;18939,50390625;30,68;Roca Sales
61,798034756934925;416762,471151686;6766801,773306389;31,0;18939,50390625;30,66;Roca Sales
61,82667180013613;416791,1081948872;6766801,773306389;31,0;18939,505859375;30,64;Roca Sales
61,85530884333733;416819,7452380884;6766801,773306389;31,0;18939,505859375;30,62;Roca Sales
61,88394588653854;416848,3822812896;6766801,773306389;30,5;18939,505859375;30,6;Roca Sales
61,91258292973974;416877,0193244908;6766801,773306389;30,5;18939,505859375;30,58;Roca Sales
61,94121997294095;416905,65636769205;6766801,773306389;30,5;18939,5078125;30,56;Roca Sales
61,96985701614215;416934,29341089324;6766801,773306389;30,5;18939,51171875;30,54;Roca Sales
61,99849405934336;416962,9304540944;6766801,773306389;30,5;18959,501953125;30,52;Roca Sales
62,0389925658385;416991,5674972956;6766773,136263188;30,5;18959,560546875;30,5;Roca Sales
62,07949107233364;417020,2045404968;6766744,499219987;30,5;18959,587890625;30,5;Roca Sales
62,11998957882878;417048,84158369806;6766715,862176785;30,5;18959,59375;30,5;Roca Sales
62,16048808532391;417077,47862689925;6766687,225133584;30,5;18959,708984375;30,5;Roca Sales
62,20098659181905;417106,11567010044;6766658,588090383;30,5;18959,724609375;30,5;Roca Sales
62,24148509831419;417134,7527133017;6766629,951047182;30,5;18959,73828125;30,5;Encantado
62,281983604809334;417163,3897565029;6766601,314003981;30,5;18959,75390625;30,5;Encantado
62,322482111304474;417192,02679970406;6766572,676960779;30,5;18959,765625;30,5;Encantado
62,362980617799614;417220,66384290525;6766544,039917578;30,5;18959,775390625;30,48;Encantado
62,39161766100082;417220,66384290525;6766515,402874377;30,5;18959,779296875;30,46;Encantado
62,42025470420202;417220,66384290525;6766486,765831176;30,5;18959,779296875;30,44;Encantado
62,44889174740323;417220,66384290525;6766458,128787975;30,5;18959,78515625;30,42;Encantado
62,48939025389837;417249,30088610644;6766429,491744773;30,5;18959,796875;30,4;Encantado
62,51802729709957;417249,30088610644;6766400,854701572;30,5;18959,796875;30,38;Encantado
62,54666434030078;417249,30088610644;6766372,217658371;30,5;18959,798828125;30,36;Encantado
62,57530138350198;417249,30088610644;6766343,580615169;30,5;18959,80078125;30,34;Encantado
62,60393842670319;417249,30088610644;6766314,943571969;30,5;18959,80078125;30,32;Encantado
62,63257546990439;417249,30088610644;6766286,306528768;30,5;18959,80078125;30,3;Encantado
62,661212513105596;417249,30088610644;6766257,669485566;30,5;18959,80078125;30,28;Encantado
62,6898495563068;417249,30088610644;6766229,032442365;30,5;18959,802734375;30,26;Encantado
62,718486599508005;417249,30088610644;6766200,3953991635;30,5;18959,802734375;30,24;Encantado
62,747123642709205;417249,30088610644;6766171,758355963;30,5;18959,802734375;30,22;Encantado
62,77576068591041;417249,30088610644;6766143,121312762;30,5;18959,8046875;30,2;Roca Sales
62,804397729111614;417249,30088610644;6766114,48426956;30,5;18959,806640625;30,18;Roca Sales
62,83303477231282;417249,30088610644;6766085,847226359;30,5;18959,806640625;30,16;Roca Sales
62,86167181551403;417249,30088610644;6766057,210183158;30,5;18959,806640625;30,14;Roca Sales
62,89030885871523;417249,30088610644;6766028,573139956;30,5;18959,80859375;30,12;Roca Sales
62,91894590191644;417249,30088610644;6765999,936096756;30,0;18959,80859375;30,1;Roca Sales
62,94758294511764;417249,30088610644;6765971,299053554;30,0;18960,220703125;30,08;Roca Sales
62,976219988318846;417249,30088610644;6765942,662010353;30,0;18960,236328125;30,06;Roca Sales
63,00485703152005;417249,30088610644;6765914,024967152;30,0;18960,24609375;30,04;Roca Sales
63,033494074721254;417249,30088610644;6765885,38792395;30,0;18960,248046875;30,02;Roca Sales
63,062131117922455;417249,30088610644;6765856,750880749;30,0;18960,263671875;30,0;Roca Sales
63,09076816112366;417249,30088610644;6765828,1138375485;30,0;18960,271484375;30,0;Roca Sales
63,1312666676188;417220,66384290525;6765799,476794347;30,0;18960,287109375;30,0;Roca Sales
63,159903710820004;417220,66384290525;6765770,839751146;30,0;18960,291015625;30,0;Roca Sales
63,200402217315144;417192,02679970406;6765742,202707944;30,0;18960,310546875;30,0;Roca Sales
63,240900723810284;417163,3897565029;6765713,565664743;30,0;18960,333984375;30,0;Roca Sales
63,281399230305425;417134,7527133017;6765684,928621542;30,0;18960,4453125;30,0;Roca Sales
63,321897736800565;417106,11567010044;6765656,291578341;30,0;18960,51171875;30,0;Roca Sales
63,35053478000177;417106,11567010044;6765627,65453514;30,0;18960,517578125;30,0;Roca Sales
63,391033286496906;417077,47862689925;6765599,017491939;30,0;18960,54296875;29,98;Roca Sales
63,43153179299205;417048,84158369806;6765570,380448737;30,0;18960,583984375;29,96;Roca Sales
63,460168836193255;417048,84158369806;6765541,743405536;30,0;18960,5859375;29,94;Roca Sales
63,488805879394455;417048,84158369806;6765513,106362334;30,0;18960,6015625;29,92;Roca Sales
63,529304385889596;417020,2045404968;6765484,469319134;30,0;18960,6484375;29,9;Roca Sales
63,569802892384736;416991,5674972956;6765455,832275933;30,0;18960,72265625;29,88;Roca Sales
63,610301398879876;416962,9304540944;6765427,195232731;30,0;18960,73828125;29,86;Roca Sales
63,65079990537502;416934,29341089324;6765398,55818953;30,0;18960,75390625;29,84;Roca Sales
63,69129841187016;416905,65636769205;6765369,921146329;30,0;18960,765625;29,82;Roca Sales
63,7317969183653;416877,0193244908;6765341,284103128;30,0;18961,720703125;29,8;Roca Sales
63,77229542486044;416848,3822812896;6765312,647059927;30,0;18961,736328125;29,78;Roca Sales
63,81279393135558;416819,7452380884;6765284,010016725;30,0;18961,748046875;29,76;Roca Sales
63,85329243785072;416791,1081948872;6765255,372973524;30,0;18961,76171875;29,74;Encantado
63,89379094434585;416762,471151686;6765226,735930323;30,0;18961,779296875;29,72;Encantado
63,93428945084099;416733,8341084848;6765198,098887121;30,0;18961,78515625;29,7;Encantado
63,97478795733613;416705,1970652836;6765169,461843921;30,0;18961,802734375;29,68;Encantado
64,01528646383127;416676,5600220824;6765140,8248007195;30,0;18962,048828125;29,66;Encantado
64,05578497032641;416647,92297888116;6765112,187757518;30,0;18962,05859375;29,64;Encantado
64,09628347682155;416619,28593568;6765083,550714317;30,0;18962,064453125;29,62;Encantado
64,1367819833167;416590,6488924788;6765054,913671115;29,5;18962,10546875;29,6;Encantado
64,1654190265179;416590,6488924788;6765026,276627914;29,5;18962,10546875;29,58;Encantado
64,1940560697191;416590,6488924788;6764997,639584714;29,5;18962,10546875;29,56;Encantado
64,22269311292031;416590,6488924788;6764969,002541512;29,5;18962,10546875;29,54;Encantado
64,25133015612151;416590,6488924788;6764940,365498311;29,5;18962,109375;29,52;Encantado
64,27996719932271;416590,6488924788;6764911,7284551095;29,5;18962,109375;29,5;Roca Sales
64,30860424252393;416590,6488924788;6764883,091411908;29,5;18962,4140625;29,5;Roca Sales
64,34910274901907;416562,0118492776;6764854,454368707;29,5;18962,419921875;29,5;Roca Sales
64,37773979222027;416562,0118492776;6764825,817325506;29,5;18962,431640625;29,5;Roca Sales
64,41823829871541;416533,3748060764;6764797,180282305;29,5;18962,451171875;29,5;Roca Sales
64,45873680521055;416504,73776287516;6764768,543239104;29,5;18962,47265625;29,5;Roca Sales
64,48737384841175;416504,73776287516;6764739,906195902;29,5;18962,47265625;29,5;Roca Sales
64,51601089161295;416504,73776287516;6764711,269152701;29,5;18962,47265625;29,5;Roca Sales
64,54464793481417;416504,73776287516;6764682,6321095;29,5;18962,474609375;29,5;Roca Sales
64,57328497801537;416504,73776287516;6764653,995066299;29,5;18962,49609375;29,5;Roca Sales
64,6137834845105;416476,10071967397;6764625,358023098;29,5;18962,537109375;29,5;Roca Sales
64,6424205277117;416476,10071967397;6764596,720979896;29,5;18962,5390625;29,5;Roca Sales
64,67105757091291;416476,10071967397;6764568,083936695;29,5;18962,54296875;29,48;Roca Sales
64,71155607740805;416447,4636764728;6764539,446893494;29,5;18967,1171875;29,46;Roca Sales
64,74019312060926;416447,4636764728;6764510,809850293;29,5;18967,119140625;29,44;Roca Sales
64,76883016381046;416447,4636764728;6764482,172807092;29,5;18967,123046875;29,42;Roca Sales
64,8093286703056;416418,8266332715;6764453,5357638905;29,5;18967,1484375;29,4;Roca Sales
64,84982717680074;416390,18959007034;6764424,898720689;29,5;18967,166015625;29,38;Roca Sales
64,89032568329588;416361,55254686915;6764396,261677488;29,5;18967,1875;29,36;Roca Sales
64,93082418979102;416332,91550366796;6764367,624634286;29,5;18967,205078125;29,34;Roca Sales
64,97132269628617;416304,27846046677;6764338,987591086;29,5;18967,220703125;29,32;Roca Sales
64,99995973948737;416304,27846046677;6764310,350547885;29,5;18967,2265625;29,3;Roca Sales
65,0404582459825;416275,6414172655;6764281,713504683;29,5;18967,298828125;29,28;Roca Sales
65,06909528918371;416275,6414172655;6764253,076461482;29,5;18967,3046875;29,26;Roca Sales
65,10959379567885;416247,00437406433;6764224,4394182805;29,5;18967,3203125;29,24;Roca Sales
65,15009230217399;416218,36733086314;6764195,802375079;29,5;18967,337890625;29,22;Roca Sales
65,19059080866913;416189,7302876619;6764167,165331879;29,5;18967,361328125;29,2;Roca Sales
65,21922785187033;416189,7302876619;6764138,528288677;29,5;18967,36328125;29,18;Roca Sales
65,24786489507153;416189,7302876619;6764109,891245476;29,5;18967,3671875;29,16;Roca Sales
65,28836340156667;416161,0932444607;6764081,254202275;29,5;18967,384765625;29,14;Roca Sales
65,32886190806181;416132,4562012595;6764052,617159073;29,5;18967,86328125;29,12;Roca Sales
65,36936041455695;416103,8191580583;6764023,980115872;29,0;18967,875;29,1;Roca Sales
65,40985892105209;416075,18211485713;6763995,343072671;29,0;18967,89453125;29,08;Roca Sales
65,4384959642533;416075,18211485713;6763966,70602947;29,0;18967,90625;29,06;Roca Sales
65,47899447074843;416046,5450716559;6763938,068986269;29,0;18967,9375;29,04;Roca Sales
65,51949297724357;416017,9080284547;6763909,431943067;29,0;18967,951171875;29,02;Roca Sales
65,54813002044477;416017,9080284547;6763880,794899866;29,0;18967,95703125;29,0;Roca Sales
65,57676706364597;416017,9080284547;6763852,157856665;29,610000610351562;18967,962890625;29,0;Roca Sales
65,61726557014113;415989,2709852535;6763823,520813464;29,0;18967,98046875;29,0;Roca Sales
65,64590261334233;415989,2709852535;6763794,883770263;29,0;18967,984375;29,0;Roca Sales
65,67453965654353;415989,2709852535;6763766,246727061;29,0;18968,0;29,0;Roca Sales
65,71503816303868;415960,63394205226;6763737,60968386;29,0;18968,0546875;29,0;Roca Sales
65,74367520623989;415960,63394205226;6763708,972640659;29,0;18968,056640625;29,0;Roca Sales
65,78417371273504;415931,99689885107;6763680,335597458;29,0;18968,080078125;29,0;Roca Sales
65,81281075593624;415931,99689885107;6763651,698554257;29,0;18968,08203125;29,0;Roca Sales
65,84144779913744;415931,99689885107;6763623,061511056;29,0;18968,0859375;29,0;Roca Sales
65,8819463056326;415903,3598556499;6763594,424467854;29,0;18968,103515625;29,0;Roca Sales
65,9105833488338;415903,3598556499;6763565,787424653;29,0;18968,10546875;28,98;Roca Sales
65,939220392035;415903,3598556499;6763537,1503814515;29,0;18968,10546875;28,96;Roca Sales
65,9678574352362;415903,3598556499;6763508,513338251;29,0;18968,10546875;28,94;Roca Sales
65,99649447843741;415903,3598556499;6763479,87629505;29,0;18968,107421875;28,92;Roca Sales
66,02513152163861;415903,3598556499;6763451,239251848;29,0;18968,1171875;28,9;Roca Sales
66,05376856483981;415903,3598556499;6763422,602208647;29,0;18968,119140625;28,88;Roca Sales
66,08240560804103;415903,3598556499;6763393,965165446;29,0;18968,12109375;28,86;Roca Sales
66,11104265124223;415903,3598556499;6763365,328122244;29,0;18968,123046875;28,84;Roca Sales
66,13967969444343;415903,3598556499;6763336,691079044;29,0;18968,125;28,82;Roca Sales
66,16831673764463;415903,3598556499;6763308,054035842;29,0;18968,126953125;28,8;Roca Sales
66,20881524413979;415874,7228124487;6763279,416992641;29,0;18968,15234375;28,78;Roca Sales
66,23745228734099;415874,7228124487;6763250,77994944;29,0;18968,193359375;28,76;Roca Sales
66,26608933054219;415874,7228124487;6763222,142906238;29,0;19062,732421875;28,74;Roca Sales
66,2947263737434;415874,7228124487;6763193,505863037;29,0;19062,736328125;28,72;Roca Sales
66,3233634169446;415874,7228124487;6763164,8688198365;29,0;19062,73828125;28,7;Roca Sales
66,36386192343974;415846,0857692475;6763136,231776635;29,0;19062,771484375;28,68;Roca Sales
66,39249896664096;415846,0857692475;6763107,594733434;29,0;19062,7734375;28,66;Roca Sales
66,42113600984216;415846,0857692475;6763078,957690232;29,0;19062,77734375;28,64;Roca Sales
66,44977305304336;415846,0857692475;6763050,320647031;29,0;19062,78125;28,62;Roca Sales
66,47841009624457;415846,0857692475;6763021,68360383;28,5;19062,78515625;28,6;Roca Sales
66,50704713944577;415846,0857692475;6762993,046560629;28,5;19062,7890625;28,58;Roca Sales
66,53568418264697;415846,0857692475;6762964,409517428;28,5;19062,7890625;28,56;Roca Sales
66,56432122584818;415846,0857692475;6762935,772474227;28,5;19062,7890625;28,54;Roca Sales
66,59295826904939;415846,0857692475;6762907,135431025;28,5;19062,791015625;28,52;Roca Sales
66,62159531225059;415846,0857692475;6762878,498387824;28,5;19062,79296875;28,5;Roca Sales
66,65023235545179;415846,0857692475;6762849,861344623;28,5;19062,79296875;28,5;Roca Sales
66,67886939865299;415846,0857692475;6762821,224301422;28,5;19062,79296875;28,5;Roca Sales
66,7075064418542;415846,0857692475;6762792,587258221;28,5;19062,794921875;28,5;Roca Sales
66,73614348505541;415846,0857692475;6762763,950215019;28,5;19062,810546875;28,5;Roca Sales
66,76478052825661;415846,0857692475;6762735,313171818;28,5;19062,810546875;28,5;Roca Sales
66,79341757145781;415846,0857692475;6762706,676128617;28,5;19062,814453125;28,5;Roca Sales
66,82205461465902;415846,0857692475;6762678,039085416;28,5;19062,81640625;28,5;Roca Sales
66,85069165786022;415846,0857692475;6762649,402042215;28,5;19062,818359375;28,5;Roca Sales
66,87932870106143;415846,0857692475;6762620,764999013;28,5;19062,8203125;28,5;Roca Sales
66,90796574426264;415846,0857692475;6762592,127955812;28,5;19062,82421875;28,5;Roca Sales
66,93660278746384;415846,0857692475;6762563,490912611;28,5;19062,826171875;28,5;Roca Sales
66,96523983066504;415846,0857692475;6762534,853869409;28,5;19062,826171875;28,5;Roca Sales
66,99387687386624;415846,0857692475;6762506,216826209;28,5;19062,828125;28,5;Roca Sales
67,02251391706746;415846,0857692475;6762477,5797830075;28,5;19062,83203125;28,5;Roca Sales
67,05115096026866;415846,0857692475;6762448,942739806;28,5;19062,833984375;28,5;Roca Sales
67,07978800346986;415846,0857692475;6762420,305696605;28,5;19062,8359375;28,5;Roca Sales
67,10842504667106;415846,0857692475;6762391,668653403;28,5;19062,8359375;28,5;Roca Sales
67,14892355316621;415817,44872604625;6762363,031610202;28,5;19066,685546875;28,5;Roca Sales
67,18942205966135;415788,81168284506;6762334,394567002;28,5;19066,740234375;28,5;Roca Sales
67,21805910286257;415788,81168284506;6762305,7575238;28,5;19066,744140625;28,48;Roca Sales
67,24669614606377;415788,81168284506;6762277,120480599;28,5;19066,748046875;28,46;Roca Sales
67,27533318926497;415788,81168284506;6762248,4834373975;28,5;19066,748046875;28,44;Roca Sales
67,30397023246618;415788,81168284506;6762219,846394196;28,5;19066,75;28,42;Roca Sales
67,33260727566739;415788,81168284506;6762191,209350995;28,5;19066,75;28,4;Roca Sales
67,36124431886859;415788,81168284506;6762162,572307794;28,5;19066,75390625;28,38;Roca Sales
67,38988136206979;415788,81168284506;6762133,935264593;28,5;19066,755859375;28,36;Encantado
67,418518405271;415788,81168284506;6762105,298221392;28,5;19066,755859375;28,34;Encantado
67,4471554484722;415788,81168284506;6762076,66117819;28,5;19066,755859375;28,32;Encantado
67,4757924916734;415788,81168284506;6762048,024134989;28,5;19066,7578125;28,3;Encantado
67,5044295348746;415788,81168284506;6762019,387091788;28,5;19066,7578125;28,28;Encantado
67,53306657807582;415788,81168284506;6761990,750048587;28,5;19066,888671875;28,26;Encantado
67,56170362127702;415788,81168284506;6761962,113005386;28,5;19066,892578125;28,24;Encantado
67,59034066447822;415788,81168284506;6761933,475962184;28,5;19066,896484375;28,22;Encantado
67,61897770767942;415788,81168284506;6761904,838918983;28,5;19066,896484375;28,2;Encantado
67,64761475088063;415788,81168284506;6761876,201875782;28,5;19066,896484375;28,18;Encantado
67,67625179408184;415788,81168284506;6761847,564832581;28,5;19066,8984375;28,16;Encantado
67,70488883728304;415788,81168284506;6761818,92778938;28,5;19066,8984375;28,14;Encantado
67,73352588048425;415788,81168284506;6761790,2907461785;28,5;19066,8984375;28,12;Encantado
67,76216292368545;415788,81168284506;6761761,653702977;28,0;19066,900390625;28,1;Encantado
67,79079996688665;415788,81168284506;6761733,016659776;28,0;19066,90234375;28,08;Encantado
67,81943701008785;415788,81168284506;6761704,379616574;28,0;19066,90234375;28,06;Encantado
67,84807405328907;415788,81168284506;6761675,742573374;28,0;19066,90234375;28,04;Encantado
67,87671109649027;415788,81168284506;6761647,105530173;28,0;19066,904296875;28,02;Encantado
67,90534813969147;415788,81168284506;6761618,468486971;28,0;19066,904296875;28,0;Encantado
67,93398518289267;415788,81168284506;6761589,83144377;28,0;19066,904296875;28,0;Encantado
67,96262222609388;415788,81168284506;6761561,1944005685;28,0;19066,904296875;28,0;Encantado
67,99125926929509;415788,81168284506;6761532,557357367;28,0;19066,90625;28,0;Encantado
68,01989631249629;415788,81168284506;6761503,920314167;28,0;19066,908203125;28,0;Roca Sales
68,0485333556975;415788,81168284506;6761475,283270965;28,0;19066,908203125;28,0;Roca Sales
68,0771703988987;415788,81168284506;6761446,646227764;28,0;19066,908203125;28,0;Roca Sales
68,1058074420999;415788,81168284506;6761418,009184563;28,0;19066,91015625;28,0;Roca Sales
68,1344444853011;415788,81168284506;6761389,372141361;28,0;19066,912109375;28,0;Roca Sales
68,16308152850232;415788,81168284506;6761360,73509816;28,0;19066,912109375;28,0;Roca Sales
68,19171857170352;415788,81168284506;6761332,098054959;28,0;19066,912109375;28,0;Roca Sales
68,22035561490472;415788,81168284506;6761303,461011758;28,0;19066,912109375;28,0;Roca Sales
68,24899265810592;415788,81168284506;6761274,823968557;28,0;19066,9140625;28,0;Roca Sales
68,27762970130713;415788,81168284506;6761246,186925355;28,0;19066,9140625;28,0;Roca Sales
68,30626674450833;415788,81168284506;6761217,549882154;28,0;19066,9140625;28,0;Encantado
68,33490378770954;415788,81168284506;6761188,912838954;28,0;19066,916015625;28,0;Encantado
68,36354083091075;415788,81168284506;6761160,275795752;28,0;19066,91796875;28,0;Encantado
68,39217787411195;415788,81168284506;6761131,638752551;28,0;19066,91796875;28,0;Encantado
68,42081491731315;415788,81168284506;6761103,001709349;28,0;19066,91796875;27,98;Encantado
68,44945196051435;415788,81168284506;6761074,364666148;28,0;19066,921875;27,96;Encantado
68,47808900371557;415788,81168284506;6761045,727622947;28,0;19066,921875;27,94;Encantado
68,50672604691677;415788,81168284506;6761017,090579746;28,0;19066,921875;27,92;Encantado
68,53536309011797;415788,81168284506;6760988,453536545;28,0;19066,921875;27,9;Encantado
68,56400013331917;415788,81168284506;6760959,816493344;28,0;19066,923828125;27,88;Encantado
68,59263717652038;415788,81168284506;6760931,179450142;28,0;19066,92578125;27,86;Encantado
68,62127421972158;415788,81168284506;6760902,542406941;28,0;19066,92578125;27,84;Roca Sales
68,64991126292279;415788,81168284506;6760873,9053637395;28,0;19070,12109375;27,82;Roca Sales
68,69040976941794;415760,17463964387;6760845,268320539;28,0;19070,158203125;27,8;Roca Sales
68,73090827591308;415731,5375964427;6760816,631277338;28,0;19070,1953125;27,78;Roca Sales
68,77140678240823;415702,9005532415;6760787,994234136;28,0;19075,890625;27,76;Encantado
68,81190528890338;415674,26351004024;6760759,357190935;28,0;19075,9453125;27,74;Encantado
68,85240379539853;415645,62646683905;6760730,720147734;28,0;19075,970703125;27,72;Encantado
68,89290230189367;415616,98942363786;6760702,083104532;28,0;19075,998046875;27,7;Encantado
68,93340080838882;415588,3523804366;6760673,446061332;28,0;19076,033203125;27,68;Encantado
68,97389931488397;415559,7153372354;6760644,80901813;28,0;19076,048828125;27,66;Encantado
69,0143978213791;415531,07829403423;6760616,171974929;28,0;19076,05078125;27,64;Encantado
69,05489632787426;415502,44125083304;6760587,534931728;28,0;19076,05078125;27,62;Encantado
69,0953948343694;415473,80420763185;6760558,897888526;27,5;19076,072265625;27,6;Encantado
69,12403187757062;415473,80420763185;6760530,260845325;27,5;19076,076171875;27,58;Encantado
69,16453038406576;415445,1671644306;6760501,6238021245;27,5;19076,248046875;27,56;Encantado
69,20502889056091;415416,5301212294;6760472,986758923;27,5;19076,267578125;27,54;Encantado
69,24552739705605;415387,8930780282;6760444,349715722;27,5;19076,28515625;27,52;Encantado
69,2860259035512;415359,256034827;6760415,71267252;27,5;19076,30078125;27,5;Encantado
69,32652441004635;415330,6189916258;6760387,075629319;27,5;19076,318359375;27,5;Encantado
69,36702291654149;415301,9819484246;6760358,438586119;27,5;19076,33984375;27,5;Encantado
69,40752142303664;415273,3449052234;6760329,801542917;27,5;19076,353515625;27,5;Encantado
69,44801992953178;415244,7078620222;6760301,164499716;27,5;19076,3671875;27,5;Encantado
69,476656972733;415216,07081882097;6760301,164499716;27,5;19076,373046875;27,5;Encantado
69,51715547922814;415187,4337756198;6760272,527456515;27,5;19076,400390625;27,5;Encantado
69,54579252242934;415158,7967324186;6760272,527456515;27,5;19076,404296875;27,5;Encantado
69,57442956563055;415130,15968921734;6760272,527456515;27,5;19076,408203125;27,5;Encantado
69,60306660883175;415101,52264601615;6760272,527456515;27,5;19076,41015625;27,5;Encantado
69,63170365203295;415072,88560281496;6760272,527456515;27,5;19076,412109375;27,5;Encantado
69,66034069523415;415044,24855961377;6760272,527456515;27,5;19076,4140625;27,5;Encantado
69,68897773843537;415015,6115164126;6760272,527456515;27,5;19076,416015625;27,5;Encantado
69,71761478163657;414986,97447321133;6760272,527456515;27,5;19076,416015625;27,5;Encantado
69,74625182483777;414958,33743001014;6760272,527456515;27,5;19076,416015625;27,5;Encantado
69,77488886803899;414929,70038680895;6760272,527456515;27,5;19076,41796875;27,5;Encantado
69,80352591124019;414901,06334360776;6760272,527456515;27,5;19076,41796875;27,5;Encantado
69,83216295444139;414872,4263004066;6760272,527456515;27,5;19076,41796875;27,5;Encantado
69,86079999764259;414843,7892572053;6760272,527456515;27,5;19076,41796875;27,48;Encantado
69,8894370408438;414815,15221400413;6760272,527456515;27,5;19076,419921875;27,46;Encantado
69,918074084045;414786,51517080294;6760272,527456515;27,5;19076,421875;27,44;Encantado
69,9467111272462;414757,8781276017;6760272,527456515;27,5;19076,421875;27,42;Roca Sales
69,9753481704474;414729,2410844005;6760272,527456515;27,5;19076,421875;27,4;Roca Sales
70,00398521364862;414700,6040411993;6760272,527456515;27,5;19076,423828125;27,38;Roca Sales
70,03262225684982;414671,9669979981;6760272,527456515;27,5;19076,42578125;27,36;Roca Sales
70,06125930005102;414643,32995479694;6760272,527456515;27,5;19076,42578125;27,34;Roca Sales
70,08989634325224;414614,6929115957;6760272,527456515;27,5;19076,42578125;27,32;Roca Sales
70,11853338645344;414586,0558683945;6760272,527456515;27,5;19076,42578125;27,3;Roca Sales
70,14717042965464;414557,4188251933;6760272,527456515;27,5;19076,427734375;27,28;Roca Sales
70,17580747285584;414528,78178199206;6760272,527456515;27,5;19076,427734375;27,26;Roca Sales
70,20444451605705;414500,14473879087;6760272,527456515;27,5;19076,427734375;27,24;Roca Sales
70,23308155925825;414471,5076955897;6760272,527456515;27,5;19124,927734375;27,22;Roca Sales
70,26171860245945;414442,8706523885;6760272,527456515;27,5;19124,9296875;27,2;Roca Sales
70,30221710895461;414414,2336091873;6760301,164499716;27,5;19124,953125;27,18;Roca Sales
70,33085415215581;414385,59656598605;6760301,164499716;27,5;19124,970703125;27,16;Roca Sales
70,37135265865095;414356,95952278486;6760329,801542917;27,5;19124,978515625;27,14;Roca Sales
70,39998970185216;414328,3224795837;6760329,801542917;27,5;19124,98046875;27,12;Roca Sales
70,4404882083473;414299,6854363824;6760358,438586119;27,0;19124,986328125;27,1;Roca Sales
70,48098671484246;414271,04839318123;6760387,075629319;27,0;19124,994140625;27,08;Roca Sales
70,50962375804366;414242,41134998004;6760387,075629319;27,0;19124,99609375;27,06;Roca Sales
70,53826080124486;414213,77430677885;6760387,075629319;27,0;19125,0;27,04;Roca Sales
70,56689784444606;414185,13726357766;6760387,075629319;27,649999618530273;19125,001953125;27,02;Roca Sales
70,60739635094122;414156,5002203764;6760415,71267252;27,0;19125,630859375;27,0;Roca Sales
70,63603339414242;414127,8631771752;6760415,71267252;27,0;19125,634765625;27,0;Roca Sales
70,67653190063757;414099,22613397404;6760444,349715722;27,700000762939453;19125,763671875;27,0;Roca Sales
70,71703040713271;414070,58909077285;6760472,986758923;27,0;19125,77734375;27,0;Roca Sales
70,74566745033391;414041,95204757166;6760472,986758923;27,0;19125,779296875;27,0;Roca Sales
70,77430449353513;414013,3150043704;6760472,986758923;27,0;19125,78515625;27,0;Roca Sales
70,80294153673633;413984,6779611692;6760472,986758923;27,0;19125,79296875;27,0;Roca Sales
70,84344004323147;413956,040917968;6760501,6238021245;27,709999084472656;19125,921875;27,0;Roca Sales
70,88393854972662;413927,4038747668;6760530,260845325;27,0;19125,94140625;27,0;Roca Sales
70,91257559292782;413898,7668315656;6760530,260845325;27,540000915527344;19125,943359375;27,0;Roca Sales
70,95307409942298;413870,1297883644;6760558,897888526;27,0;19125,966796875;27,0;Roca Sales
70,98171114262418;413841,4927451632;6760558,897888526;27,0;19125,96875;27,0;Roca Sales
71,01034818582538;413812,855701962;6760558,897888526;27,489999771118164;19125,970703125;27,0;Roca Sales
71,03898522902658;413784,2186587608;6760558,897888526;27,739999771118164;19126,015625;27,0;Roca Sales
71,07948373552173;413755,5816155596;6760587,534931728;27,0;19126,04296875;27,0;Roca Sales
71,10812077872293;413726,9445723584;6760587,534931728;27,0;19126,04296875;27,0;Roca Sales
71,13675782192414;413698,30752915714;6760587,534931728;27,0;19126,048828125;26,98;Roca Sales
71,16539486512535;413669,67048595595;6760587,534931728;27,0;19126,056640625;26,96;Roca Sales
71,19403190832655;413641,03344275476;6760587,534931728;27,0;19126,064453125;26,94;Roca Sales
71,22266895152775;413612,3963995536;6760587,534931728;27,0;19126,064453125;26,92;Roca Sales
71,25130599472895;413583,7593563524;6760587,534931728;27,0;19126,068359375;26,9;Roca Sales
71,27994303793017;413555,12231315114;6760587,534931728;27,0;19126,0859375;26,88;Roca Sales
71,30858008113137;413526,48526994995;6760587,534931728;27,0;19126,087890625;26,86;Roca Sales
71,33721712433257;413497,84822674876;6760587,534931728;27,0;19126,08984375;26,84;Encantado
71,36585416753378;413469,2111835475;6760587,534931728;27,0;19126,08984375;26,82;Encantado
71,39449121073498;413440,5741403463;6760587,534931728;27,0;19128,576171875;26,8;Encantado
71,43498971723012;413411,9370971451;6760558,897888526;27,0;19128,5859375;26,78;Roca Sales
71,47548822372528;413383,30005394394;6760530,260845325;27,0;19128,625;26,76;Roca Sales
71,51598673022042;413354,66301074275;6760501,6238021245;27,0;19128,630859375;26,74;Roca Sales
71,55648523671557;413326,0259675415;6760472,986758923;27,0;19128,650390625;26,72;Roca Sales
71,59698374321071;413297,3889243403;6760444,349715722;27,0;19128,66015625;26,7;Roca Sales
71,63748224970587;413268,7518811391;6760415,71267252;27,0;19128,66796875;26,68;Roca Sales
71,67798075620101;413240,11483793793;6760387,075629319;27,0;19128,673828125;26,66;Roca Sales
71,71847926269616;413211,47779473674;6760358,438586119;27,0;19128,693359375;26,64;Roca Sales
71,7589777691913;413182,8407515355;6760329,801542917;27,0;19128,70703125;26,62;Roca Sales
71,79947627568644;413154,2037083343;6760301,164499716;26,5;19128,708984375;26,6;Roca Sales
71,82811331888766;413154,2037083343;6760272,527456515;26,5;19128,712890625;26,58;Roca Sales
71,85675036208886;413154,2037083343;6760243,890413313;26,5;19128,79296875;26,56;Roca Sales
71,897248868584;413125,5666651331;6760215,253370112;26,5;19128,798828125;26,54;Roca Sales
71,93774737507916;413096,92962193186;6760186,616326911;26,5;19128,80859375;26,52;Roca Sales
71,9782458815743;413068,2925787307;6760157,97928371;26,5;19128,873046875;26,5;Roca Sales
72,01874438806945;413039,6555355295;6760129,342240509;26,5;19129,015625;26,5;Roca Sales
72,05924289456459;413011,0184923283;6760100,705197307;26,5;19129,03125;26,5;Roca Sales
72,09974140105975;412982,3814491271;6760072,068154106;26,5;19129,05078125;26,5;Roca Sales
72,12837844426095;412982,3814491271;6760043,431110905;26,5;19129,0546875;26,5;Roca Sales
72,1688769507561;412953,74440592586;6760014,794067704;26,5;19129,072265625;26,5;Roca Sales
72,20937545725124;412925,10736272467;6759986,157024503;26,5;19129,083984375;26,5;Roca Sales
72,24987396374638;412896,4703195235;6759957,519981301;26,5;19135,69921875;26,5;Roca Sales
72,29037247024154;412867,8332763222;6759928,8829381;26,5;19135,708984375;26,5;Roca Sales
72,31900951344274;412867,8332763222;6759900,245894899;26,5;19135,7109375;26,5;Roca Sales
72,34764655664394;412867,8332763222;6759871,608851697;26,5;19135,716796875;26,5;Roca Sales
72,37628359984515;412867,8332763222;6759842,971808497;26,5;19135,72265625;26,5;Roca Sales
72,41678210634029;412839,19623312104;6759814,3347652955;26,5;19135,740234375;26,5;Roca Sales
72,45728061283545;412810,55918991985;6759785,697722094;26,5;19135,75390625;26,5;Roca Sales
72,48591765603665;412810,55918991985;6759757,060678893;26,5;19135,759765625;26,5;Roca Sales
72,52641616253179;412781,92214671866;6759728,423635691;26,5;19135,779296875;26,48;Roca Sales
72,555053205733;412781,92214671866;6759699,78659249;26,5;19135,78515625;26,46;Roca Sales
72,59555171222814;412753,28510351747;6759671,14954929;26,5;19135,814453125;26,44;Roca Sales
72,6360502187233;412724,6480603162;6759642,512506088;26,5;19135,83203125;26,42;Roca Sales
72,67654872521844;412696,01101711503;6759613,875462887;26,5;19135,85546875;26,4;Roca Sales
72,70518576841964;412696,01101711503;6759585,2384196855;26,5;19135,859375;26,38;Roca Sales
72,7456842749148;412667,37397391384;6759556,601376484;26,5;19136,4765625;26,36;Roca Sales
72,78618278140993;412638,7369307126;6759527,964333284;26,5;19136,4921875;26,34;Roca Sales
72,81481982461115;412638,7369307126;6759499,327290082;26,5;19136,49609375;26,32;Roca Sales
72,84345686781235;412638,7369307126;6759470,690246881;26,5;19136,498046875;26,3;Roca Sales
72,87209391101355;412638,7369307126;6759442,05320368;26,5;19136,5;26,28;Roca Sales
72,90073095421475;412638,7369307126;6759413,416160478;26,5;19136,50390625;26,26;Roca Sales
72,9412294607099;412610,0998875114;6759384,779117277;26,5;19136,53515625;26,24;Roca Sales
72,9698665039111;412610,0998875114;6759356,142074076;26,5;19136,537109375;26,22;Roca Sales
72,9985035471123;412610,0998875114;6759327,505030875;26,5;19136,537109375;26,2;Roca Sales
73,02714059031352;412610,0998875114;6759298,867987674;26,5;19136,5390625;26,18;Roca Sales
73,05577763351472;412610,0998875114;6759270,230944472;26,5;19136,541015625;26,16;Roca Sales
73,08441467671592;412610,0998875114;6759241,593901271;26,5;19136,541015625;26,14;Roca Sales
73,11305171991712;412610,0998875114;6759212,95685807;26,5;19136,541015625;26,12;Roca Sales
73,14168876311834;412610,0998875114;6759184,319814869;26,0;19136,54296875;26,1;Roca Sales
73,17032580631954;412610,0998875114;6759155,682771668;26,0;19136,54296875;26,08;Roca Sales
73,19896284952074;412610,0998875114;6759127,0457284665;26,0;19136,54296875;26,06;Roca Sales
73,22759989272195;412610,0998875114;6759098,408685265;26,0;19136,54296875;26,04;Roca Sales
73,25623693592316;412610,0998875114;6759069,771642064;26,0;19136,544921875;26,02;Roca Sales
73,28487397912436;412610,0998875114;6759041,134598862;26,0;19136,546875;26,0;Roca Sales
73,31351102232556;412610,0998875114;6759012,497555662;26,0;19136,546875;26,0;Roca Sales
73,34214806552677;412610,0998875114;6758983,860512461;26,0;19172,87109375;26,0;Encantado
73,37078510872797;412610,0998875114;6758955,223469259;26,1299991607666;19172,880859375;26,0;Encantado
73,39942215192917;412610,0998875114;6758926,586426058;26,3799991607666;19172,888671875;26,0;Encantado
73,43992065842433;412638,7369307126;6758897,9493828565;26,0;19172,908203125;26,0;Roca Sales
73,46855770162553;412638,7369307126;6758869,312339655;26,0;19172,9140625;26,0;Arroio do Meio
73,49719474482673;412638,7369307126;6758840,675296455;26,0;19172,974609375;26,0;Arroio do Meio
73,53769325132188;412667,37397391384;6758812,038253253;26,0;19172,98046875;26,0;Arroio do Meio
73,56633029452308;412667,37397391384;6758783,401210052;26,0;19172,986328125;26,0;Arroio do Meio
73,60682880101822;412696,01101711503;6758754,764166851;26,0;19173,00390625;26,0;Arroio do Meio
73,63546584421944;412696,01101711503;6758726,127123649;26,0;19173,01171875;26,0;Arroio do Meio
73,66410288742064;412696,01101711503;6758697,490080449;26,0;19173,06640625;26,0;Arroio do Meio
73,70460139391578;412724,6480603162;6758668,853037247;26,0;19173,076171875;26,0;Arroio do Meio
73,733238437117;412724,6480603162;6758640,215994046;26,0;19173,078125;26,0;Arroio do Meio
73,7618754803182;412724,6480603162;6758611,578950845;26,0;19173,083984375;26,0;Arroio do Meio
73,7905125235194;412724,6480603162;6758582,941907643;26,0;19173,083984375;26,0;Arroio do Meio
73,8191495667206;412724,6480603162;6758554,304864442;26,0;19173,087890625;26,0;Arroio do Meio
73,85964807321575;412753,28510351747;6758525,667821242;26,0;19173,142578125;26,0;Arroio do Meio
73,90014657971089;412781,92214671866;6758497,03077804;26,0;19173,716796875;26,0;Arroio do Meio
73,9287836229121;412781,92214671866;6758468,393734839;26,0;19173,720703125;26,0;Arroio do Meio
73,95742066611331;412781,92214671866;6758439,756691637;26,0;19173,720703125;25,98;Arroio do Meio
73,98605770931451;412781,92214671866;6758411,119648436;26,0;19173,72265625;25,96;Arroio do Meio
74,02655621580966;412810,55918991985;6758382,482605235;26,0;19173,736328125;25,94;Arroio do Meio
74,05519325901086;412810,55918991985;6758353,845562034;26,0;19173,73828125;25,92;Arroio do Meio
74,08383030221206;412810,55918991985;6758325,208518833;26,0;19173,751953125;25,9;Arroio do Meio
74,12432880870722;412839,19623312104;6758296,571475632;26,0;19173,84375;25,88;Arroio do Meio
74,15296585190842;412839,19623312104;6758267,93443243;26,0;19173,84765625;25,86;Arroio do Meio
74,18160289510962;412839,19623312104;6758239,297389229;26,0;19173,865234375;25,84;Arroio do Meio
74,22210140160477;412867,8332763222;6758210,660346027;26,0;19173,892578125;25,82;Arroio do Meio
74,25073844480598;412867,8332763222;6758182,023302827;26,0;19173,892578125;25,8;Arroio do Meio
74,27937548800718;412867,8332763222;6758153,386259626;26,0;19173,90625;25,78;Arroio do Meio
74,31987399450233;412896,4703195235;6758124,749216424;26,0;19173,943359375;25,76;Arroio do Meio
74,34851103770353;412896,4703195235;6758096,112173223;26,0;19173,9453125;25,74;Arroio do Meio
74,37714808090473;412896,4703195235;6758067,475130022;26,0;19177,43359375;25,72;Arroio do Meio
74,41764658739989;412925,10736272467;6758038,83808682;26,0;19177,4609375;25,7;Arroio do Meio
74,44628363060109;412925,10736272467;6758010,20104362;26,0;19177,462890625;25,68;Arroio do Meio
74,47492067380229;412925,10736272467;6757981,564000418;26,0;19177,466796875;25,66;Arroio do Meio
74,5035577170035;412925,10736272467;6757952,926957217;26,0;19177,466796875;25,64;Arroio do Meio
74,5321947602047;412925,10736272467;6757924,289914016;26,0;19177,484375;25,62;Arroio do Meio
74,5608318034059;412925,10736272467;6757895,652870814;25,5;19177,498046875;25,6;Arroio do Meio
74,5894688466071;412925,10736272467;6757867,015827614;25,5;19177,5;25,58;Arroio do Meio
74,61810588980832;412925,10736272467;6757838,3787844125;25,5;19177,515625;25,56;Arroio do Meio
74,65860439630346;412953,74440592586;6757809,741741211;25,5;19177,517578125;25,54;Arroio do Meio
74,68724143950466;412953,74440592586;6757781,10469801;25,5;19177,525390625;25,52;Arroio do Meio
74,72773994599982;412982,3814491271;6757752,467654808;25,5;19177,650390625;25,5;Arroio do Meio
74,75637698920102;412982,3814491271;6757723,830611607;25,5;19177,6640625;25,5;Arroio do Meio
74,78501403240222;412982,3814491271;6757695,193568407;25,5;19177,671875;25,5;Arroio do Meio
74,82551253889737;413011,0184923283;6757666,556525205;25,5;19177,705078125;25,5;Arroio do Meio
74,85414958209857;413011,0184923283;6757637,919482004;25,5;19177,724609375;25,5;Arroio do Meio
74,88278662529977;413011,0184923283;6757609,2824388025;25,5;19177,732421875;25,5;Arroio do Meio
74,91142366850099;413011,0184923283;6757580,645395601;25,5;19177,732421875;25,5;Arroio do Meio
74,94006071170219;413011,0184923283;6757552,0083524;25,5;19177,736328125;25,5;Arroio do Meio
74,96869775490339;413011,0184923283;6757523,371309199;25,5;19177,73828125;25,5;Arroio do Meio
74,99733479810459;413011,0184923283;6757494,734265998;25,5;19177,740234375;25,5;Arroio do Meio
75,0259718413058;413011,0184923283;6757466,097222797;25,5;19177,748046875;25,5;Arroio do Meio
75,054608884507;413011,0184923283;6757437,460179595;25,5;19177,75390625;25,5;Arroio do Meio
75,0832459277082;413011,0184923283;6757408,823136394;25,5;19177,7890625;25,5;Arroio do Meio
75,11188297090942;413011,0184923283;6757380,186093193;25,5;19177,79296875;25,5;Arroio do Meio
75,14052001411062;413011,0184923283;6757351,549049992;25,5;19177,798828125;25,5;Arroio do Meio
75,18101852060576;413039,6555355295;6757322,912006791;25,5;19177,83203125;25,5;Arroio do Meio
75,20965556380698;413039,6555355295;6757294,274963589;25,5;19177,8359375;25,5;Arroio do Meio
75,23829260700818;413039,6555355295;6757265,637920388;25,5;19177,837890625;25,5;Arroio do Meio
75,26692965020938;413039,6555355295;6757237,000877187;25,5;19177,86328125;25,5;Arroio do Meio
75,29556669341058;413039,6555355295;6757208,363833985;25,5;19177,869140625;25,5;Arroio do Meio
75,32420373661179;413039,6555355295;6757179,726790785;25,5;19177,876953125;25,5;Arroio do Meio
75,352840779813;413039,6555355295;6757151,0897475835;25,5;19177,87890625;25,5;Arroio do Meio
75,3814778230142;413039,6555355295;6757122,452704382;25,5;19177,8828125;25,48;Arroio do Meio
75,4101148662154;413039,6555355295;6757093,815661181;25,5;19177,884765625;25,46;Arroio do Meio
75,43875190941661;413039,6555355295;6757065,178617979;25,5;19177,896484375;25,44;Arroio do Meio
75,46738895261781;413039,6555355295;6757036,541574779;25,5;19177,8984375;25,42;Arroio do Meio
75,49602599581901;413039,6555355295;6757007,904531578;25,5;19177,90234375;25,4;Arroio do Meio
75,52466303902023;413039,6555355295;6756979,267488376;25,5;19177,904296875;25,38;Arroio do Meio
75,55330008222143;413039,6555355295;6756950,630445175;25,5;19177,908203125;25,36;Arroio do Meio
75,58193712542263;413039,6555355295;6756921,9934019735;25,5;19177,912109375;25,34;Arroio do Meio
75,61057416862383;413039,6555355295;6756893,356358772;25,5;19177,9140625;25,32;Arroio do Meio
75,63921121182504;413039,6555355295;6756864,719315572;25,5;19177,9140625;25,3;Arroio do Meio
75,66784825502624;413039,6555355295;6756836,08227237;25,5;19177,9140625;25,28;Arroio do Meio
75,69648529822744;413039,6555355295;6756807,445229169;25,5;19177,916015625;25,26;Arroio do Meio
75,72512234142864;413039,6555355295;6756778,808185968;25,5;19177,91796875;25,24;Arroio do Meio
75,75375938462986;413039,6555355295;6756750,171142766;25,5;19177,91796875;25,22;Arroio do Meio
75,78239642783106;413039,6555355295;6756721,534099565;25,5;19177,91796875;25,2;Arroio do Meio
75,81103347103226;413039,6555355295;6756692,897056364;25,5;19177,919921875;25,18;Arroio do Meio
75,83967051423348;413039,6555355295;6756664,260013163;25,5;19177,919921875;25,16;Arroio do Meio
75,86830755743468;413039,6555355295;6756635,622969962;25,5;19177,919921875;25,14;Roca Sales
75,89694460063588;413039,6555355295;6756606,98592676;25,5;19177,919921875;25,12;Roca Sales
75,92558164383708;413039,6555355295;6756578,348883559;25,0;19177,921875;25,1;Roca Sales
75,95421868703829;413039,6555355295;6756549,711840358;25,0;19191,607421875;25,08;Roca Sales
75,99471719353343;413011,0184923283;6756521,074797157;25,0;19191,646484375;25,06;Roca Sales
76,03521570002859;412982,3814491271;6756492,437753956;25,0;19191,671875;25,04;Roca Sales
76,07571420652373;412953,74440592586;6756463,8007107545;25,0;19191,69140625;25,02;Roca Sales
76,11621271301887;412925,10736272467;6756435,163667553;25,0;19191,701171875;25,0;Roca Sales
76,15671121951402;412896,4703195235;6756406,526624352;25,0;19191,71875;25,0;Roca Sales
76,19720972600916;412867,8332763222;6756377,88958115;25,0;19191,732421875;25,0;Arroio do Meio
76,23770823250432;412839,19623312104;6756349,25253795;25,0;19191,740234375;25,0;Arroio do Meio
76,27820673899946;412810,55918991985;6756320,615494749;25,0;19191,75;25,0;Arroio do Meio
76,31870524549461;412781,92214671866;6756291,978451547;25,0;19191,755859375;25,0;Arroio do Meio
76,35920375198975;412753,28510351747;6756263,341408346;25,0;19191,767578125;25,0;Arroio do Meio
76,39970225848491;412724,6480603162;6756234,7043651445;25,0;19192,373046875;25,0;Arroio do Meio
76,44020076498005;412696,01101711503;6756206,067321944;25,0;19192,37890625;25,0;Arroio do Meio
76,4806992714752;412667,37397391384;6756177,430278743;25,0;19192,388671875;25,0;Arroio do Meio
76,52119777797034;412638,7369307126;6756148,793235541;25,0;19192,3984375;24,98;Arroio do Meio
76,5616962844655;412610,0998875114;6756120,15619234;25,0;19192,40625;24,96;Arroio do Meio
76,60219479096064;412581,4628443102;6756091,519149139;25,0;19192,4140625;24,94;Arroio do Meio
76,64269329745579;412552,825801109;6756062,882105937;25,0;19192,416015625;24,92;Arroio do Meio
76,68319180395093;412524,18875790783;6756034,245062737;25,0;19192,423828125;24,9;Arroio do Meio
76,72369031044607;412495,5517147066;6756005,608019535;25,0;19192,43359375;24,88;Arroio do Meio
76,76418881694123;412466,9146715054;6755976,970976334;25,0;19192,44140625;24,86;Arroio do Meio
76,80468732343637;412438,2776283042;6755948,333933133;25,0;19192,451171875;24,84;Arroio do Meio
76,84518582993152;412409,640585103;6755919,696889931;25,0;19192,45703125;24,82;Arroio do Meio
76,88568433642666;412381,0035419018;6755891,05984673;25,0;19192,46484375;24,8;Arroio do Meio
76,91432137962788;412352,3664987006;6755891,05984673;25,0;19192,47265625;24,78;Arroio do Meio
76,95481988612302;412323,7294554994;6755862,42280353;25,0;19192,478515625;24,76;Arroio do Meio
76,99531839261816;412295,0924122982;6755833,785760328;25,0;19192,490234375;24,74;Arroio do Meio
77,03581689911331;412266,45536909695;6755805,148717127;25,0;19192,49609375;24,72;Arroio do Meio
77,07631540560845;412237,81832589576;6755776,511673925;25,0;19192,501953125;24,7;Arroio do Meio
77,11681391210361;412209,18128269457;6755747,874630724;25,0;19192,51171875;24,68;Arroio do Meio
77,15731241859875;412180,5442394934;6755719,237587523;25,0;19192,513671875;24,66;Arroio do Meio
77,1978109250939;412151,9071962922;6755690,600544322;25,0;19192,51953125;24,64;Arroio do Meio
77,23830943158904;412123,27015309094;6755661,963501121;25,0;19192,5234375;24,62;Arroio do Meio
77,2788079380842;412094,63310988975;6755633,32645792;24,5;19192,525390625;24,6;Arroio do Meio
77,3074449812854;412065,99606668856;6755633,32645792;24,5;19192,52734375;24,58;Arroio do Meio
77,3360820244866;412037,3590234873;6755633,32645792;24,5;19192,556640625;24,56;Arroio do Meio
77,37658053098176;412008,7219802861;6755604,689414718;24,5;19192,56640625;24,54;Arroio do Meio
77,4170790374769;411980,08493708493;6755576,052371517;24,5;19192,599609375;24,52;Arroio do Meio
77,4457160806781;411951,44789388374;6755576,052371517;24,5;19192,60546875;24,5;Arroio do Meio
77,48621458717325;411922,81085068255;6755547,415328315;24,5;19196,322265625;24,5;Arroio do Meio
77,51485163037445;411894,1738074813;6755547,415328315;24,5;19196,326171875;24,5;Arroio do Meio
77,5553501368696;411865,5367642801;6755518,778285115;24,5;19196,34375;24,5;Arroio do Meio
77,59584864336475;411836,8997210789;6755490,141241914;24,5;19196,35546875;24,5;Arroio do Meio
77,6363471498599;411808,2626778777;6755461,504198712;24,5;19196,376953125;24,5;Arroio do Meio
77,67684565635504;411779,6256346765;6755432,867155511;24,5;19196,40234375;24,5;Arroio do Meio
77,7173441628502;411750,9885914753;6755404,23011231;24,5;19196,431640625;24,5;Arroio do Meio
77,75784266934534;411722,3515482741;6755375,593069109;24,5;19196,458984375;24,5;Arroio do Meio
77,79834117584048;411693,7145050729;6755346,956025908;24,5;19196,482421875;24,5;Arroio do Meio
77,83883968233563;411665,07746187167;6755318,318982706;24,5;19196,548828125;24,5;Arroio do Meio
77,87933818883077;411636,4404186705;6755289,681939505;24,5;19196,619140625;24,48;Arroio do Meio
77,91983669532593;411607,8033754693;6755261,044896304;24,5;19196,640625;24,46;Arroio do Meio
77,96033520182107;411579,1663322681;6755232,407853102;24,5;19196,66015625;24,44;Arroio do Meio
78,00083370831622;411550,5292890669;6755203,770809902;24,5;19196,67578125;24,42;Arroio do Meio
78,04133221481136;411521,89224586566;6755175,1337667005;24,5;19196,69140625;24,4;Arroio do Meio
78,08183072130652;411493,25520266447;6755146,496723499;24,5;19196,70703125;24,38;Arroio do Meio
78,12232922780166;411464,6181594633;6755117,859680298;24,5;19196,716796875;24,36;Arroio do Meio
78,16282773429681;411435,98111626203;6755089,222637096;24,5;19196,748046875;24,34;Arroio do Meio
78,20332624079195;411407,34407306084;6755060,585593895;24,5;19196,763671875;24,32;Arroio do Meio
78,2438247472871;411378,70702985965;6755031,948550695;24,5;19196,783203125;24,3;Arroio do Meio
78,28432325378225;411350,06998665846;6755003,311507493;24,5;19196,8046875;24,28;Arroio do Meio
78,32482176027739;411321,4329434573;6754974,674464292;24,5;19196,83203125;24,26;Arroio do Meio
78,36532026677254;411292,795900256;6754946,0374210905;24,5;19196,8515625;24,24;Arroio do Meio
78,40581877326768;411264,15885705483;6754917,400377889;24,5;19196,865234375;24,22;Arroio do Meio
78,44631727976284;411235,52181385364;6754888,763334688;24,5;19196,880859375;24,2;Arroio do Meio
78,48681578625798;411206,8847706524;6754860,126291487;24,5;19214,66796875;24,18;Arroio do Meio
78,52731429275313;411178,2477274512;6754831,489248286;24,5;19214,67578125;24,16;Arroio do Meio
78,56781279924827;411149,61068425;6754802,852205085;24,5;19214,7890625;24,14;Arroio do Meio
78,60831130574343;411120,9736410488;6754774,215161883;24,5;19214,8046875;24,12;Arroio do Meio
78,64880981223857;411092,33659784764;6754745,578118682;24,0;19214,828125;24,1;Arroio do Meio
78,68930831873372;411063,6995546464;6754716,941075481;24,0;19214,87890625;24,08;Arroio do Meio
78,72980682522886;411035,0625114452;6754688,30403228;24,0;19214,900390625;24,06;Arroio do Meio
78,75844386843006;411035,0625114452;6754659,666989079;24,0;19214,900390625;24,04;Arroio do Meio
78,78708091163128;411035,0625114452;6754631,029945877;24,0;19214,9140625;24,02;Arroio do Meio
78,82757941812642;411006,425468244;6754602,392902676;24,0;19214,93359375;24,0;Arroio do Meio
78,85621646132762;411006,425468244;6754573,755859475;24,6299991607666;19214,939453125;24,0;Arroio do Meio
78,89671496782277;410977,78842504276;6754545,118816274;24,0;19214,95703125;24,0;Arroio do Meio
78,92535201102397;410977,78842504276;6754516,481773073;24,0;19214,958984375;24,0;Roca Sales
78,95398905422518;410977,78842504276;6754487,8447298715;24,0;19214,96875;24,0;Roca Sales
78,98262609742639;410977,78842504276;6754459,20768667;24,0;19214,97265625;24,0;Roca Sales
79,01126314062759;410977,78842504276;6754430,570643469;24,0;19214,98046875;24,0;Roca Sales
79,03990018382879;410977,78842504276;6754401,933600267;24,0;19214,982421875;24,0;Roca Sales
79,06853722703;410977,78842504276;6754373,296557067;24,0;19214,984375;24,0;Roca Sales
79,0971742702312;410977,78842504276;6754344,659513866;24,0;19214,990234375;24,0;Roca Sales
79,12581131343241;410977,78842504276;6754316,022470664;24,0;19215,001953125;24,0;Roca Sales
79,16630981992756;410949,15138184157;6754287,385427463;24,0;19215,07421875;24,0;Roca Sales
79,19494686312876;410949,15138184157;6754258,7483842615;24,0;19215,078125;24,0;Roca Sales
79,22358390632996;410949,15138184157;6754230,11134106;24,0;19215,08203125;24,0;Roca Sales
79,25222094953116;410949,15138184157;6754201,47429786;24,0;19215,08203125;24,0;Roca Sales
79,28085799273238;410949,15138184157;6754172,837254658;24,0;19215,08203125;24,0;Roca Sales
79,30949503593358;410949,15138184157;6754144,200211457;24,0;19215,083984375;24,0;Roca Sales
79,33813207913478;410949,15138184157;6754115,563168256;24,0;19215,083984375;24,0;Roca Sales
79,36676912233598;410949,15138184157;6754086,926125054;24,0;19215,083984375;24,0;Roca Sales
79,3954061655372;410949,15138184157;6754058,289081853;24,0;19215,0859375;23,98;Roca Sales
79,4240432087384;410949,15138184157;6754029,652038652;24,0;19215,087890625;23,96;Roca Sales
79,4526802519396;410949,15138184157;6754001,014995451;24,0;19215,087890625;23,94;Roca Sales
79,48131729514081;410949,15138184157;6753972,37795225;24,0;19215,087890625;23,92;Roca Sales
79,50995433834201;410949,15138184157;6753943,740909048;24,0;19215,08984375;23,9;Roca Sales
79,53859138154321;410949,15138184157;6753915,103865847;24,0;19215,08984375;23,88;Roca Sales
79,56722842474441;410949,15138184157;6753886,466822646;24,0;19215,08984375;23,86;Roca Sales
79,59586546794563;410949,15138184157;6753857,829779445;24,0;19215,08984375;23,84;Arroio do Meio
79,62450251114683;410949,15138184157;6753829,192736244;24,0;19215,091796875;23,82;Arroio do Meio
79,65313955434803;410949,15138184157;6753800,555693042;24,0;19215,09375;23,8;Arroio do Meio
79,68177659754923;410949,15138184157;6753771,918649841;24,0;19215,09375;23,78;Arroio do Meio
79,71041364075045;410949,15138184157;6753743,28160664;24,0;19215,09375;23,76;Arroio do Meio
79,73905068395165;410949,15138184157;6753714,644563439;24,0;19215,095703125;23,74;Arroio do Meio
79,76768772715285;410949,15138184157;6753686,007520238;24,0;19217,646484375;23,72;Arroio do Meio
79,808186233648;410977,78842504276;6753657,370477037;24,0;19217,71484375;23,7;Arroio do Meio
79,84868474014314;411006,425468244;6753628,733433835;24,0;19217,7578125;23,68;Arroio do Meio
79,8891832466383;411035,0625114452;6753600,096390634;24,0;19218,140625;23,66;Roca Sales
79,92968175313344;411063,6995546464;6753571,4593474325;24,0;19218,154296875;23,64;Roca Sales
79,95831879633464;411063,6995546464;6753542,822304232;24,229999542236328;19218,1640625;23,62;Roca Sales
79,99881730282979;411092,33659784764;6753514,185261031;23,5;19218,197265625;23,6;Roca Sales
80,02745434603099;411092,33659784764;6753485,548217829;23,5;19218,220703125;23,58;Roca Sales
80,0560913892322;411092,33659784764;6753456,911174628;23,5;19218,22265625;23,56;Roca Sales
80,08472843243341;411092,33659784764;6753428,274131427;23,5;19218,232421875;23,54;Arroio do Meio
80,12522693892855;411120,9736410488;6753399,637088225;23,5;19218,240234375;23,52;Roca Sales
80,1657254454237;411149,61068425;6753371,000045025;23,5;19219,486328125;23,5;Roca Sales
80,20622395191884;411178,2477274512;6753342,363001823;23,5;19219,501953125;23,5;Roca Sales
80,24672245841398;411206,8847706524;6753313,725958622;23,5;19219,525390625;23,5;Roca Sales
80,28722096490914;411235,52181385364;6753285,088915421;23,5;19219,546875;23,5;Roca Sales
80,32771947140428;411264,15885705483;6753256,451872219;23,5;19219,56640625;23,5;Roca Sales
80,36821797789943;411292,795900256;6753227,814829018;23,5;19219,587890625;23,5;Roca Sales
80,40871648439457;411321,4329434573;6753199,1777858175;23,5;19219,607421875;23,5;Roca Sales
80,44921499088973;411350,06998665846;6753170,540742616;23,5;19219,66015625;23,5;Roca Sales
80,48971349738487;411378,70702985965;6753141,903699415;23,5;19220,1171875;23,5;Roca Sales
80,53021200388002;411407,34407306084;6753113,266656213;23,5;19220,1328125;23,48;Roca Sales
80,57071051037516;411435,98111626203;6753084,629613012;23,5;19220,14453125;23,46;Roca Sales
80,61120901687032;411464,6181594633;6753055,992569811;23,5;19220,1640625;23,44;Roca Sales
80,65170752336546;411493,25520266447;6753027,35552661;23,5;19220,1953125;23,42;Roca Sales
80,69220602986061;411521,89224586566;6752998,718483409;23,5;19220,267578125;23,4;Roca Sales
80,73270453635575;411550,5292890669;6752970,081440208;23,5;19220,29296875;23,38;Roca Sales
80,77320304285091;411579,1663322681;6752941,444397006;23,5;19220,3046875;23,36;Roca Sales
80,81370154934605;411607,8033754693;6752912,807353805;23,5;19220,31640625;23,34;Roca Sales
80,85420005584119;411636,4404186705;6752884,170310604;23,5;19220,328125;23,32;Roca Sales
80,89469856233634;411665,07746187167;6752855,533267403;23,5;19221,04296875;23,3;Roca Sales
80,93519706883149;411693,7145050729;6752826,896224202;23,5;19221,068359375;23,28;Roca Sales
80,97569557532664;411722,3515482741;6752798,259181;23,5;19221,07421875;23,26;Roca Sales
81,00433261852784;411750,9885914753;6752798,259181;23,5;19221,083984375;23,24;Roca Sales
81,044831125023;411779,6256346765;6752769,622137799;23,5;19221,09375;23,22;Roca Sales
81,0734681682242;411808,2626778777;6752769,622137799;23,5;19221,099609375;23,2;Roca Sales
81,11396667471934;411836,8997210789;6752740,985094598;23,5;19221,123046875;23,18;Roca Sales
81,14260371792055;411865,5367642801;6752740,985094598;23,5;19221,126953125;23,16;Roca Sales
81,17124076112175;411894,1738074813;6752740,985094598;23,5;19221,1328125;23,14;Roca Sales
81,21173926761689;411922,81085068255;6752712,348051397;23,5;19221,2734375;23,12;Roca Sales
81,2403763108181;411951,44789388374;6752712,348051397;23,0;19221,275390625;23,1;Roca Sales
81,26901335401931;411980,08493708493;6752712,348051397;23,0;19221,28125;23,08;Colinas
81,30951186051445;412008,7219802861;6752683,711008196;23,0;19221,296875;23,06;Colinas
81,3500103670096;412037,3590234873;6752655,073964994;23,0;19221,318359375;23,04;Colinas
81,39050887350474;412065,99606668856;6752626,436921793;23,0;19221,349609375;23,02;Colinas
81,4310073799999;412094,63310988975;6752597,799878592;23,0;19221,3671875;23,0;Colinas
81,47150588649504;412123,27015309094;6752569,16283539;23,0;19221,384765625;23,0;Colinas
81,51200439299019;412151,9071962922;6752540,52579219;23,0;19223,025390625;22,98;Colinas
81,55250289948533;412180,5442394934;6752511,8887489885;23,0;19223,04296875;22,96;Colinas
81,59300140598049;412209,18128269457;6752483,251705787;23,0;19223,0546875;22,94;Colinas
81,63349991247563;412237,81832589576;6752454,614662586;23,0;19223,15625;22,92;Colinas
81,67399841897078;412266,45536909695;6752425,977619384;23,0;19223,1796875;22,9;Colinas
81,71449692546592;412295,0924122982;6752397,340576183;23,0;19223,1953125;22,88;Colinas
81,75499543196106;412323,7294554994;6752368,703532983;23,0;19223,228515625;22,86;Colinas
81,79549393845622;412352,3664987006;6752340,066489781;23,0;19223,248046875;22,84;Colinas
81,83599244495136;412381,0035419018;6752311,42944658;23,0;19223,275390625;22,82;Arroio do Meio
81,87649095144651;412409,640585103;6752282,7924033785;23,0;19223,30078125;22,8;Arroio do Meio
81,91698945794165;412438,2776283042;6752254,155360177;23,0;19223,310546875;22,78;Arroio do Meio
81,95748796443681;412466,9146715054;6752225,518316976;23,0;19223,326171875;22,76;Arroio do Meio
81,99798647093195;412495,5517147066;6752196,881273775;23,0;19223,337890625;22,74;Arroio do Meio
82,0384849774271;412524,18875790783;6752168,244230574;23,0;19223,388671875;22,72;Arroio do Meio
82,07898348392224;412552,825801109;6752139,607187373;23,0;19224,396484375;22,7;Arroio do Meio
82,1194819904174;412581,4628443102;6752110,970144171;23,0;19224,404296875;22,68;Arroio do Meio
82,15998049691254;412610,0998875114;6752082,33310097;23,0;19224,421875;22,66;Arroio do Meio
82,2004790034077;412638,7369307126;6752053,696057769;23,0;19224,439453125;22,64;Arroio do Meio
82,24097750990283;412667,37397391384;6752025,059014568;23,0;19224,447265625;22,62;Arroio do Meio
82,28147601639797;412696,01101711503;6751996,421971367;22,5;19224,453125;22,6;Arroio do Meio
82,31011305959919;412724,6480603162;6751996,421971367;22,5;19224,455078125;22,58;Arroio do Meio
82,33875010280039;412753,28510351747;6751996,421971367;22,5;19224,455078125;22,56;Arroio do Meio
82,36738714600159;412781,92214671866;6751996,421971367;22,5;19224,455078125;22,54;Arroio do Meio
82,3960241892028;412810,55918991985;6751996,421971367;22,5;19224,455078125;22,52;Colinas
82,424661232404;412839,19623312104;6751996,421971367;22,5;19224,45703125;22,5;Colinas
82,4532982756052;412867,8332763222;6751996,421971367;22,5;19224,458984375;22,5;Colinas
82,4819353188064;412896,4703195235;6751996,421971367;22,5;19224,5703125;22,5;Colinas
82,52243382530156;412925,10736272467;6751967,784928165;22,5;19224,595703125;22,5;Colinas
82,5629323317967;412953,74440592586;6751939,147884964;22,5;19224,61328125;22,5;Colinas
82,60343083829186;412982,3814491271;6751910,510841763;22,5;19224,6484375;22,5;Colinas
82,643929344787;413011,0184923283;6751881,873798562;22,5;19224,669921875;22,5;Colinas
82,68442785128215;413039,6555355295;6751853,236755361;22,5;19224,681640625;22,48;Colinas
82,72492635777729;413068,2925787307;6751824,5997121595;22,5;19224,703125;22,46;Colinas
82,76542486427245;413096,92962193186;6751795,962668958;22,5;19224,716796875;22,44;Colinas
82,80592337076759;413125,5666651331;6751767,325625757;22,5;19224,724609375;22,42;Colinas
82,84642187726274;413154,2037083343;6751738,688582555;22,5;19228,638671875;22,4;Colinas
82,88692038375788;413182,8407515355;6751710,051539355;22,5;19228,646484375;22,38;Colinas
82,92741889025302;413211,47779473674;6751681,414496154;22,5;19228,658203125;22,36;Colinas
82,96791739674818;413240,11483793793;6751652,777452952;22,5;19228,673828125;22,34;Colinas
83,00841590324332;413268,7518811391;6751624,140409751;22,5;19228,6875;22,32;Colinas
83,04891440973847;413297,3889243403;6751595,5033665495;22,5;19228,70703125;22,3;Colinas
83,08941291623361;413326,0259675415;6751566,866323348;22,5;19228,71484375;22,28;Colinas
83,12991142272877;413354,66301074275;6751538,229280148;22,5;19228,728515625;22,26;Arroio do Meio
83,17040992922391;413383,30005394394;6751509,592236946;22,5;19228,73828125;22,24;Arroio do Meio
83,21090843571906;413411,9370971451;6751480,955193745;22,5;19228,744140625;22,22;Arroio do Meio
83,2514069422142;413440,5741403463;6751452,318150544;22,5;19228,763671875;22,2;Arroio do Meio
83,29190544870936;413469,2111835475;6751423,681107342;22,5;19228,779296875;22,18;Arroio do Meio
83,3324039552045;413497,84822674876;6751395,044064141;22,5;19228,78515625;22,16;Arroio do Meio
83,37290246169965;413526,48526994995;6751366,40702094;22,5;19228,80859375;22,14;Arroio do Meio
83,4134009681948;413555,12231315114;6751337,769977739;22,5;19228,8203125;22,12;Arroio do Meio
83,45389947468995;413583,7593563524;6751309,132934538;22,0;19228,826171875;22,1;Arroio do Meio
83,49439798118509;413612,3963995536;6751280,495891336;22,0;19228,83984375;22,08;Arroio do Meio
83,53489648768023;413641,03344275476;6751251,858848135;22,0;19228,841796875;22,06;Arroio do Meio
83,57539499417538;413669,67048595595;6751223,221804934;22,0;19228,841796875;22,04;Arroio do Meio
83,61589350067052;413698,30752915714;6751194,584761733;22,0;19228,841796875;22,02;Arroio do Meio
83,65639200716568;413726,9445723584;6751165,947718532;22,0;19228,84375;21,98;Arroio do Meio
83,69689051366082;413755,5816155596;6751137,31067533;22,0;19228,84375;21,96;Arroio do Meio
83,73738902015597;413784,2186587608;6751108,673632129;22,0;19228,84375;21,94;Arroio do Meio
83,77788752665111;413812,855701962;6751080,036588928;22,0;19228,84375;21,92;Arroio do Meio
83,81838603314627;413841,4927451632;6751051,399545727;22,0;19228,845703125;21,9;Arroio do Meio
83,85888453964141;413870,1297883644;6751022,762502526;22,0;19228,84765625;21,88;Arroio do Meio
83,89938304613656;413898,7668315656;6750994,125459325;22,0;19228,84765625;21,86;Arroio do Meio
83,9398815526317;413927,4038747668;6750965,488416123;22,0;19228,84765625;21,84;Colinas
83,98038005912686;413956,040917968;6750936,851372922;22,0;19228,849609375;21,82;Colinas
84,020878565622;413984,6779611692;6750908,2143297205;22,0;19228,8515625;21,8;Colinas
84,06137707211714;414013,3150043704;6750879,57728652;22,0;19228,8515625;21,78;Colinas
84,1018755786123;414041,95204757166;6750850,940243319;22,0;19228,8515625;21,76;Colinas
84,14237408510743;414070,58909077285;6750822,303200117;22,0;19228,8515625;21,74;Colinas
84,18287259160259;414099,22613397404;6750793,666156916;22,0;19228,853515625;21,72;Colinas
84,22337109809773;414127,8631771752;6750765,029113715;22,0;19228,853515625;21,7;Colinas
84,26386960459288;414156,5002203764;6750736,392070513;22,0;19228,853515625;21,68;Colinas
84,30436811108802;414185,13726357766;6750707,755027313;22,0;19228,85546875;21,66;Colinas
84,34486661758318;414213,77430677885;6750679,117984111;22,0;19228,857421875;21,64;Colinas
84,38536512407832;414242,41134998004;6750650,48094091;22,0;19228,857421875;21,62;Colinas
84,42586363057347;414271,04839318123;6750621,843897709;21,5;19228,892578125;21,6;Colinas
84,45450067377467;414271,04839318123;6750593,206854507;21,5;19228,89453125;21,58;Colinas
84,48313771697588;414271,04839318123;6750564,569811306;21,5;19228,89453125;21,56;Colinas
84,51177476017708;414271,04839318123;6750535,9327681055;21,5;19228,89453125;21,54;Colinas
84,54041180337829;414271,04839318123;6750507,295724904;21,5;19228,89453125;21,52;Arroio do Meio
84,56904884657949;414271,04839318123;6750478,658681703;21,5;19228,896484375;21,5;Arroio do Meio
84,59768588978069;414271,04839318123;6750450,021638501;21,5;19228,896484375;21,5;Arroio do Meio
84,6263229329819;414271,04839318123;6750421,3845953;21,5;19229,08203125;21,5;Arroio do Meio
84,66682143947705;414299,6854363824;6750392,747552099;21,5;19243,927734375;21,5;Arroio do Meio
84,70731994597219;414328,3224795837;6750364,110508898;21,5;19243,943359375;21,5;Arroio do Meio
84,74781845246734;414356,95952278486;6750335,473465697;21,5;19243,9765625;21,5;Arroio do Meio
84,78831695896248;414385,59656598605;6750306,836422496;21,5;19243,990234375;21,5;Arroio do Meio
84,82881546545764;414414,2336091873;6750278,199379294;21,5;19244,015625;21,48;Arroio do Meio
84,86931397195278;414442,8706523885;6750249,562336093;21,5;19244,029296875;21,46;Arroio do Meio
84,90981247844793;414471,5076955897;6750220,925292892;21,5;19244,048828125;21,44;Arroio do Meio
84,95031098494307;414500,14473879087;6750192,288249691;21,5;19244,06640625;21,42;Arroio do Meio
84,99080949143823;414528,78178199206;6750163,65120649;21,5;19244,0859375;21,4;Arroio do Meio
85,03130799793337;414557,4188251933;6750135,014163288;21,5;19245,71875;21,38;Arroio do Meio
85,07180650442852;414586,0558683945;6750106,377120087;21,5;19245,73046875;21,36;Arroio do Meio
85,11230501092366;414614,6929115957;6750077,740076886;21,5;19245,73828125;21,34;Arroio do Meio
85,15280351741882;414643,32995479694;6750049,103033685;21,5;19245,75;21,32;Arroio do Meio
85,19330202391396;414671,9669979981;6750020,465990484;21,5;19439,83984375;21,3;Arroio do Meio
85,23380053040911;414700,6040411993;6749991,828947282;21,5;19439,861328125;21,28;Arroio do Meio
85,26243757361031;414700,6040411993;6749963,191904081;21,5;19439,876953125;21,26;Arroio do Meio
85,30293608010545;414729,2410844005;6749934,55486088;21,5;19439,8984375;21,24;Arroio do Meio
85,34343458660061;414757,8781276017;6749905,917817678;21,5;19439,90625;21,22;Arroio do Meio
85,37207162980181;414757,8781276017;6749877,280774478;21,5;19439,91015625;21,2;Arroio do Meio
85,41257013629695;414786,51517080294;6749848,6437312765;21,5;19439,93359375;21,18;Arroio do Meio
85,4530686427921;414815,15221400413;6749820,006688075;21,5;19439,943359375;21,16;Arroio do Meio
85,4817056859933;414815,15221400413;6749791,369644874;21,5;19440,45703125;21,14;Arroio do Meio
85,52220419248846;414843,7892572053;6749762,732601672;21,5;19440,5390625;21,12;Arroio do Meio
85,5627026989836;414872,4263004066;6749734,095558471;21,0;19440,609375;21,1;Arroio do Meio
85,60320120547875;414901,06334360776;6749705,458515271;21,0;19440,62890625;21,08;Arroio do Meio
85,6436997119739;414929,70038680895;6749676,821472069;21,0;19440,642578125;21,06;Arroio do Meio
85,6723367551751;414929,70038680895;6749648,184428868;21,0;19440,6484375;21,04;Arroio do Meio
85,71283526167025;414958,33743001014;6749619,5473856665;21,0;19440,6640625;21,02;Arroio do Meio
85,74147230487145;414958,33743001014;6749590,910342465;21,0;19440,6796875;21,0;Arroio do Meio
85,7819708113666;414986,97447321133;6749562,273299264;21,0;19440,6953125;21,0;Arroio do Meio
85,8106078545678;414986,97447321133;6749533,636256063;21,0;19440,697265625;21,0;Arroio do Meio
85,85110636106295;415015,6115164126;6749504,999212862;21,0;19440,70703125;21,0;Arroio do Meio
85,87974340426416;415015,6115164126;6749476,362169661;21,0;19440,70703125;21,0;Arroio do Meio
85,90838044746536;415015,6115164126;6749447,725126459;21,0;19440,724609375;21,0;Arroio do Meio
85,93701749066656;415015,6115164126;6749419,088083258;21,75;19440,728515625;21,0;Arroio do Meio
85,97751599716172;415044,24855961377;6749390,451040057;21,68000030517578;19440,75390625;21,0;Arroio do Meio
86,01801450365686;415072,88560281496;6749361,813996856;21,0;19440,76953125;21,0;Arroio do Meio
86,04665154685806;415072,88560281496;6749333,176953655;21,760000228881836;19440,771484375;21,0;Arroio do Meio
86,07528859005927;415072,88560281496;6749304,539910453;21,760000228881836;19440,7734375;20,98;Arroio do Meio
86,10392563326047;415072,88560281496;6749275,902867252;21,760000228881836;19440,78125;20,96;Arroio do Meio
86,14442413975561;415101,52264601615;6749247,265824051;21,0;19440,845703125;20,94;Arroio do Meio
86,17306118295683;415101,52264601615;6749218,62878085;21,0;19440,845703125;20,92;Arroio do Meio
86,20169822615803;415101,52264601615;6749189,991737649;21,0;19440,849609375;20,9;Arroio do Meio
86,23033526935923;415101,52264601615;6749161,3546944475;21,0;19440,853515625;20,88;Arroio do Meio
86,25897231256043;415101,52264601615;6749132,717651246;21,0;19440,853515625;20,86;Arroio do Meio
86,28760935576165;415101,52264601615;6749104,080608045;21,0;19440,85546875;20,84;Arroio do Meio
86,31624639896285;415101,52264601615;6749075,443564843;21,0;19440,85546875;20,82;Arroio do Meio
86,34488344216405;415101,52264601615;6749046,806521643;21,0;19440,85546875;20,8;Arroio do Meio
86,37352048536525;415101,52264601615;6749018,169478442;21,0;19440,857421875;20,78;Arroio do Meio
86,40215752856646;415101,52264601615;6748989,53243524;21,0;19440,859375;20,76;Arroio do Meio
86,43079457176766;415101,52264601615;6748960,895392039;21,0;19441,04296875;20,74;Arroio do Meio
86,45943161496886;415101,52264601615;6748932,2583488375;21,0;19441,044921875;20,72;Arroio do Meio
86,48806865817008;415101,52264601615;6748903,621305636;21,0;19441,044921875;20,7;Arroio do Meio
86,51670570137128;415101,52264601615;6748874,984262436;21,0;19441,048828125;20,68;Arroio do Meio
86,54534274457248;415101,52264601615;6748846,347219234;21,0;19441,05078125;20,66;Arroio do Meio
86,57397978777368;415101,52264601615;6748817,710176033;21,780000686645508;19441,05078125;20,64;Arroio do Meio
86,61447829426884;415130,15968921734;6748789,073132832;21,0;19443,1328125;20,62;Arroio do Meio
86,64311533747004;415130,15968921734;6748760,43608963;20,5;19443,16796875;20,6;Arroio do Meio
86,67175238067124;415130,15968921734;6748731,799046429;20,5;19443,16796875;20,58;Arroio do Meio
86,70038942387245;415130,15968921734;6748703,162003228;20,5;19443,169921875;20,56;Arroio do Meio
86,72902646707365;415130,15968921734;6748674,524960027;20,5;19443,171875;20,54;Arroio do Meio
86,75766351027485;415130,15968921734;6748645,887916826;20,5;19443,171875;20,52;Arroio do Meio
86,78630055347605;415130,15968921734;6748617,250873624;20,5;19443,171875;20,5;Arroio do Meio
86,81493759667727;415130,15968921734;6748588,613830423;20,5;19443,4453125;20,5;Arroio do Meio
86,85543610317241;415101,52264601615;6748559,976787223;20,5;19443,455078125;20,5;Arroio do Meio
86,89593460966756;415072,88560281496;6748531,339744021;20,5;19443,46484375;20,5;Arroio do Meio
86,9364331161627;415044,24855961377;6748502,70270082;20,5;19443,705078125;20,5;Arroio do Meio
86,97693162265786;415015,6115164126;6748474,065657618;20,5;19444,259765625;20,5;Arroio do Meio
87,017430129153;414986,97447321133;6748445,428614417;20,5;19444,27734375;20,48;Arroio do Meio
87,05792863564815;414958,33743001014;6748416,791571216;20,5;19444,310546875;20,46;Arroio do Meio
87,0984271421433;414929,70038680895;6748388,154528015;20,5;19444,337890625;20,44;Arroio do Meio
87,13892564863843;414901,06334360776;6748359,517484814;20,5;19444,359375;20,42;Arroio do Meio
87,17942415513359;414872,4263004066;6748330,880441613;20,5;19444,39453125;20,4;Arroio do Meio
87,21992266162873;414843,7892572053;6748302,243398411;20,5;19444,419921875;20,38;Arroio do Meio
87,26042116812388;414815,15221400413;6748273,60635521;20,5;19444,443359375;20,36;Arroio do Meio
87,28905821132508;414786,51517080294;6748273,60635521;20,5;19444,44921875;20,34;Arroio do Meio
87,32955671782024;414757,8781276017;6748244,9693120085;20,5;19445,46484375;20,32;Arroio do Meio
87,37005522431538;414729,2410844005;6748216,332268808;20,5;19445,482421875;20,3;Arroio do Meio
87,39869226751658;414700,6040411993;6748216,332268808;20,5;19445,482421875;20,28;Arroio do Meio
87,4273293107178;414671,9669979981;6748216,332268808;20,5;19445,4921875;20,26;Arroio do Meio
87,455966353919;414643,32995479694;6748216,332268808;20,5;19445,49609375;20,24;Arroio do Meio
87,49646486041414;414614,6929115957;6748187,695225607;20,5;19445,513671875;20,22;Arroio do Meio
87,52510190361535;414586,0558683945;6748187,695225607;20,5;19445,515625;20,2;Arroio do Meio
87,55373894681655;414557,4188251933;6748187,695225607;20,5;19445,51953125;20,18;Arroio do Meio
87,58237599001775;414528,78178199206;6748187,695225607;20,5;19445,521484375;20,16;Arroio do Meio
87,6228744965129;414500,14473879087;6748159,058182405;20,5;19445,5546875;20,14;Arroio do Meio
87,65151153971411;414471,5076955897;6748159,058182405;20,5;19445,5546875;20,12;Arroio do Meio
87,68014858291531;414442,8706523885;6748159,058182405;20,0;19445,55859375;20,1;Arroio do Meio
87,70878562611651;414414,2336091873;6748159,058182405;20,0;19445,5625;20,08;Arroio do Meio
87,73742266931772;414385,59656598605;6748159,058182405;20,0;19445,572265625;20,06;Arroio do Meio
87,77792117581286;414356,95952278486;6748130,421139204;20,0;19445,59765625;20,04;Arroio do Meio
87,80655821901406;414328,3224795837;6748130,421139204;20,0;19445,6015625;20,02;Arroio do Meio
87,83519526221528;414299,6854363824;6748130,421139204;20,0;19445,60546875;20,0;Arroio do Meio
87,86383230541648;414271,04839318123;6748130,421139204;20,0;19445,609375;20,0;Arroio do Meio
87,90433081191162;414242,41134998004;6748101,784096003;20,0;19445,900390625;20,0;Arroio do Meio
87,93296785511284;414213,77430677885;6748101,784096003;20,0;19445,904296875;20,0;Arroio do Meio
87,96160489831404;414185,13726357766;6748101,784096003;20,0;19445,908203125;20,0;Arroio do Meio
87,99024194151524;414156,5002203764;6748101,784096003;20,0;19445,912109375;20,0;Arroio do Meio
88,01887898471645;414127,8631771752;6748101,784096003;20,0;19445,9140625;19,98;Arroio do Meio
88,05937749121159;414099,22613397404;6748073,147052801;20,0;19445,9375;19,96;Arroio do Meio
88,09987599770673;414070,58909077285;6748044,510009601;20,0;19446,00390625;19,94;Arroio do Meio
88,14037450420189;414041,95204757166;6748015,872966399;20,0;19446,044921875;19,92;Arroio do Meio
88,18087301069703;414013,3150043704;6747987,235923198;20,0;19446,083984375;19,9;Colinas
88,22137151719218;413984,6779611692;6747958,598879997;20,0;19446,1015625;19,88;Colinas
88,26187002368732;413956,040917968;6747929,961836795;20,0;19447,779296875;19,86;Colinas
88,30236853018248;413927,4038747668;6747901,324793594;20,0;19447,79296875;19,84;Colinas
88,34286703667762;413898,7668315656;6747872,6877503935;20,0;19447,951171875;19,82;Colinas
88,38336554317277;413870,1297883644;6747844,050707192;20,0;19447,986328125;19,8;Colinas
88,42386404966791;413841,4927451632;6747815,413663991;20,0;19448,0;19,78;Colinas
88,46436255616307;413812,855701962;6747786,776620789;20,0;19448,01171875;19,76;Colinas
88,49299959936427;413812,855701962;6747758,139577588;20,0;19448,013671875;19,74;Colinas
88,52163664256547;413812,855701962;6747729,502534388;20,0;19448,01953125;19,72;Colinas
88,55027368576667;413812,855701962;6747700,865491186;20,0;19448,0234375;19,7;Colinas
88,57891072896788;413812,855701962;6747672,228447985;20,0;19448,02734375;19,68;Colinas
88,60754777216908;413812,855701962;6747643,591404784;20,0;19448,03125;19,66;Colinas
88,63618481537029;413812,855701962;6747614,954361582;20,0;19448,0625;19,64;Colinas
88,67668332186544;413784,2186587608;6747586,317318381;20,0;19448,078125;19,62;Colinas
88,70532036506664;413784,2186587608;6747557,68027518;19,5;19448,083984375;19,6;Colinas
88,73395740826784;413784,2186587608;6747529,043231979;19,5;19448,091796875;19,58;Colinas
88,76259445146906;413784,2186587608;6747500,406188778;19,5;19448,09375;19,56;Colinas
88,79123149467026;413784,2186587608;6747471,769145576;19,5;19448,09765625;19,54;Colinas
88,81986853787146;413784,2186587608;6747443,132102375;19,5;19448,099609375;19,52;Colinas
88,84850558107266;413784,2186587608;6747414,495059174;19,5;19448,1015625;19,5;Colinas
88,87714262427387;413784,2186587608;6747385,858015973;19,5;19448,107421875;19,5;Colinas
88,91764113076901;413755,5816155596;6747357,220972772;19,5;19448,1328125;19,5;Colinas
88,95813963726417;413726,9445723584;6747328,58392957;19,5;19448,236328125;19,5;Colinas
88,99863814375931;413698,30752915714;6747299,946886369;19,5;19448,6875;19,5;Colinas
89,03913665025445;413669,67048595595;6747271,309843168;19,5;19449,115234375;19,5;Colinas
89,0796351567496;413641,03344275476;6747242,672799966;19,5;19449,1328125;19,48;Arroio do Meio
89,12013366324474;413612,3963995536;6747214,035756766;19,5;19449,4921875;19,46;Arroio do Meio
89,1606321697399;413583,7593563524;6747185,3987135645;19,5;19449,50390625;19,44;Arroio do Meio
89,20113067623504;413555,12231315114;6747156,761670363;19,5;19449,52734375;19,42;Arroio do Meio
89,2416291827302;413526,48526994995;6747128,124627162;19,5;19449,5625;19,4;Arroio do Meio
89,28212768922533;413497,84822674876;6747099,48758396;19,5;19449,578125;19,38;Arroio do Meio
89,32262619572049;413469,2111835475;6747070,850540759;19,5;19449,587890625;19,36;Arroio do Meio
89,36312470221563;413440,5741403463;6747042,213497559;19,5;19449,609375;19,34;Arroio do Meio
89,40362320871078;413411,9370971451;6747013,576454357;19,5;19449,6328125;19,32;Arroio do Meio
89,44412171520592;413383,30005394394;6746984,939411156;19,5;19450,037109375;19,3;Arroio do Meio
89,48462022170108;413354,66301074275;6746956,3023679545;19,5;19450,048828125;19,28;Arroio do Meio
89,51325726490228;413326,0259675415;6746956,3023679545;19,5;19450,056640625;19,26;Arroio do Meio
89,55375577139742;413297,3889243403;6746927,665324753;19,5;19450,068359375;19,24;Arroio do Meio
89,59425427789257;413268,7518811391;6746899,028281553;19,5;19450,08203125;19,22;Arroio do Meio
89,63475278438771;413240,11483793793;6746870,391238351;19,5;19450,095703125;19,2;Arroio do Meio
89,67525129088287;413211,47779473674;6746841,75419515;19,5;19450,109375;19,18;Arroio do Meio
89,71574979737801;413182,8407515355;6746813,117151949;19,5;19458,720703125;19,16;Arroio do Meio
89,75624830387316;413154,2037083343;6746784,480108747;19,5;19458,734375;19,14;Arroio do Meio
89,7967468103683;413125,5666651331;6746755,843065546;19,5;19458,74609375;19,12;Arroio do Meio
89,83724531686346;413096,92962193186;6746727,206022345;19,0;19458,7578125;19,1;Arroio do Meio
89,8777438233586;413068,2925787307;6746698,568979144;19,0;19458,787109375;19,08;Arroio do Meio
89,91824232985374;413039,6555355295;6746669,931935943;19,0;19458,798828125;19,06;Arroio do Meio
89,9587408363489;413011,0184923283;6746641,294892741;19,0;19458,80859375;19,04;Arroio do Meio
89,99923934284404;412982,3814491271;6746612,65784954;19,0;19458,818359375;19,02;Arroio do Meio
90,03973784933919;412953,74440592586;6746584,020806339;19,0;19458,82421875;19,0;Arroio do Meio
90,08023635583433;412925,10736272467;6746555,383763138;19,0;19458,833984375;19,0;Arroio do Meio
90,12073486232948;412896,4703195235;6746526,746719937;19,0;19458,84765625;18,98;Arroio do Meio
90,16123336882463;412867,8332763222;6746498,1096767355;19,0;19458,8515625;18,96;Arroio do Meio
90,20173187531978;412839,19623312104;6746469,472633534;19,0;19458,857421875;18,94;Arroio do Meio
90,24223038181492;412810,55918991985;6746440,835590333;19,0;19458,8671875;18,92;Arroio do Meio
90,28272888831007;412781,92214671866;6746412,198547131;19,0;19458,876953125;18,9;Arroio do Meio
90,32322739480522;412753,28510351747;6746383,561503931;19,0;19459,0390625;18,88;Arroio do Meio
90,36372590130037;412724,6480603162;6746354,92446073;19,0;19459,046875;18,86;Colinas
90,40422440779551;412696,01101711503;6746326,287417528;19,0;19459,05859375;18,84;Colinas
90,44472291429067;412667,37397391384;6746297,650374327;19,0;19459,087890625;18,82;Colinas
90,4852214207858;412638,7369307126;6746269,0133311255;19,0;19459,1015625;18,8;Colinas
90,52571992728095;412610,0998875114;6746240,376287924;19,0;19459,111328125;18,78;Colinas
90,5662184337761;412581,4628443102;6746211,739244724;19,0;19459,125;18,76;Colinas
90,60671694027124;412552,825801109;6746183,102201522;19,0;19459,134765625;18,74;Colinas
90,6472154467664;412524,18875790783;6746154,465158321;19,0;19459,142578125;18,72;Colinas
90,68771395326154;412495,5517147066;6746125,82811512;19,0;19459,15625;18,7;Colinas
90,72821245975669;412466,9146715054;6746097,191071918;19,0;19459,166015625;18,68;Colinas
90,76871096625183;412438,2776283042;6746068,554028718;19,0;19459,173828125;18,66;Colinas
90,80920947274699;412409,640585103;6746039,916985516;19,0;19459,1875;18,64;Colinas
90,84970797924213;412381,0035419018;6746011,279942315;19,0;19459,197265625;18,62;Colinas
90,89020648573728;412352,3664987006;6745982,642899114;18,5;19459,205078125;18,6;Colinas
90,91884352893848;412323,7294554994;6745982,642899114;18,5;19459,205078125;18,58;Colinas
90,94748057213968;412295,0924122982;6745982,642899114;18,5;19459,205078125;18,56;Arroio do Meio
90,97611761534088;412266,45536909695;6745982,642899114;18,5;19459,20703125;18,54;Arroio do Meio
91,0047546585421;412237,81832589576;6745982,642899114;18,5;19460,0;18,52;Arroio do Meio
91,04525316503724;412209,18128269457;6745954,005855912;18,5;19460,015625;18,5;Arroio do Meio
91,08575167153239;412180,5442394934;6745925,368812711;18,5;19460,087890625;18,5;Arroio do Meio
91,12625017802753;412151,9071962922;6745896,731769511;18,5;19460,09375;18,5;Arroio do Meio
91,16674868452269;412123,27015309094;6745868,094726309;18,5;19460,107421875;18,5;Arroio do Meio
91,20724719101783;412094,63310988975;6745839,457683108;18,5;19460,126953125;18,5;Arroio do Meio
91,23588423421903;412065,99606668856;6745839,457683108;18,5;19460,126953125;18,5;Arroio do Meio
91,27638274071418;412037,3590234873;6745810,820639906;18,5;19460,142578125;18,5;Arroio do Meio
91,31688124720932;412008,7219802861;6745782,183596705;18,5;19460,16015625;18,48;Arroio do Meio
91,35737975370448;411980,08493708493;6745753,546553504;18,5;19460,173828125;18,46;Arroio do Meio
91,38601679690568;411951,44789388374;6745753,546553504;18,5;19460,17578125;18,44;Arroio do Meio
91,42651530340082;411922,81085068255;6745724,909510303;18,5;19460,201171875;18,42;Arroio do Meio
91,46701380989597;411894,1738074813;6745696,272467102;18,5;19460,2109375;18,4;Arroio do Meio
91,50751231639111;411865,5367642801;6745667,635423901;18,5;19460,228515625;18,38;Arroio do Meio
91,54801082288627;411836,8997210789;6745638,998380699;18,5;19460,24609375;18,36;Arroio do Meio
91,57664786608747;411808,2626778777;6745638,998380699;18,5;19460,251953125;18,34;Arroio do Meio
91,61714637258262;411779,6256346765;6745610,361337498;18,5;19460,26171875;18,32;Arroio do Meio
91,65764487907776;411750,9885914753;6745581,7242942965;18,5;19460,31640625;18,3;Arroio do Meio
91,6981433855729;411722,3515482741;6745553,087251096;18,5;19460,33203125;18,28;Arroio do Meio
91,73864189206806;411693,7145050729;6745524,450207895;18,5;19467,365234375;18,26;Arroio do Meio
91,76727893526926;411665,07746187167;6745524,450207895;18,5;19467,3671875;18,24;Arroio do Meio
91,79591597847046;411636,4404186705;6745524,450207895;18,5;19467,37109375;18,22;Arroio do Meio
91,83641448496562;411607,8033754693;6745495,813164693;18,5;19467,408203125;18,2;Arroio do Meio
91,86505152816682;411579,1663322681;6745495,813164693;18,5;19467,41015625;18,18;Arroio do Meio
91,89368857136802;411550,5292890669;6745495,813164693;18,5;19467,41015625;18,16;Arroio do Meio
91,92232561456923;411521,89224586566;6745495,813164693;18,5;19467,4140625;18,14;Arroio do Meio
91,95096265777043;411493,25520266447;6745495,813164693;18,5;19467,421875;18,12;Arroio do Meio
91,97959970097163;411464,6181594633;6745495,813164693;18,0;19467,423828125;18,1;Arroio do Meio
92,00823674417285;411435,98111626203;6745495,813164693;18,0;19467,4296875;18,08;Arroio do Meio
92,03687378737405;411407,34407306084;6745495,813164693;18,0;19467,4296875;18,06;Arroio do Meio
92,06551083057525;411378,70702985965;6745495,813164693;18,0;19467,431640625;18,04;Arroio do Meio
92,09414787377645;411350,06998665846;6745495,813164693;18,0;19467,431640625;18,02;Arroio do Meio
92,12278491697766;411321,4329434573;6745495,813164693;18,0;19467,439453125;18,0;Arroio do Meio
92,15142196017887;411292,795900256;6745495,813164693;18,0;19467,44140625;18,0;Arroio do Meio
92,18005900338007;411264,15885705483;6745495,813164693;18,0;19467,443359375;18,0;Arroio do Meio
92,20869604658127;411235,52181385364;6745495,813164693;18,0;19467,46875;18,0;Arroio do Meio
92,23733308978248;411206,8847706524;6745495,813164693;18,0;19467,46875;17,98;Arroio do Meio
92,26597013298368;411178,2477274512;6745495,813164693;18,0;19467,46875;17,96;Arroio do Meio
92,29460717618488;411149,61068425;6745495,813164693;18,0;19467,470703125;17,94;Arroio do Meio
92,3232442193861;411120,9736410488;6745495,813164693;18,0;19467,47265625;17,92;Arroio do Meio
92,3518812625873;411092,33659784764;6745495,813164693;18,0;19467,47265625;17,9;Arroio do Meio
92,3805183057885;411063,6995546464;6745495,813164693;18,0;19467,87109375;17,88;Arroio do Meio
92,42101681228365;411035,0625114452;6745524,450207895;18,0;19467,892578125;17,86;Arroio do Meio
92,4615153187788;411006,425468244;6745553,087251096;18,0;19467,90625;17,84;Arroio do Meio
92,50201382527395;410977,78842504276;6745581,7242942965;18,0;19467,92578125;17,82;Arroio do Meio
92,54251233176909;410949,15138184157;6745610,361337498;18,0;19467,94140625;17,8;Arroio do Meio
92,58301083826423;410920,5143386404;6745638,998380699;18,0;19467,958984375;17,78;Arroio do Meio
92,62350934475938;410891,8772954392;6745667,635423901;18,0;19467,966796875;17,76;Arroio do Meio
92,66400785125452;410863,240252238;6745696,272467102;18,0;19467,9921875;17,74;Arroio do Meio
92,69264489445574;410863,240252238;6745724,909510303;18,0;19467,998046875;17,72;Arroio do Meio
92,72128193765694;410863,240252238;6745753,546553504;18,0;19468,0;17,7;Arroio do Meio
92,74991898085814;410863,240252238;6745782,183596705;18,0;19468,0;17,68;Arroio do Meio
92,77855602405934;410863,240252238;6745810,820639906;18,0;19468,001953125;17,66;Arroio do Meio
92,80719306726056;410863,240252238;6745839,457683108;18,0;19468,00390625;17,64;Arroio do Meio
92,83583011046176;410863,240252238;6745868,094726309;18,0;19468,00390625;17,62;Arroio do Meio
92,86446715366296;410863,240252238;6745896,731769511;17,5;19468,123046875;17,6;Arroio do Meio
92,89310419686417;410863,240252238;6745925,368812711;17,5;19468,123046875;17,58;Arroio do Meio
92,92174124006537;410863,240252238;6745954,005855912;17,5;19468,125;17,56;Colinas
92,95037828326657;410863,240252238;6745982,642899114;17,5;19468,125;17,54;Colinas
92,97901532646777;410863,240252238;6746011,279942315;17,5;19468,125;17,52;Colinas
93,00765236966899;410863,240252238;6746039,916985516;17,5;19468,125;17,5;Colinas
93,03628941287019;410863,240252238;6746068,554028718;17,5;19468,126953125;17,5;Colinas
93,06492645607139;410863,240252238;6746097,191071918;17,5;19468,12890625;17,5;Colinas
93,09356349927259;410863,240252238;6746125,82811512;17,5;19468,3984375;17,5;Colinas
93,13406200576775;410891,8772954392;6746154,465158321;17,5;19468,40625;17,5;Colinas
93,16269904896895;410891,8772954392;6746183,102201522;17,5;19468,4296875;17,5;Colinas
93,2031975554641;410920,5143386404;6746211,739244724;17,5;19468,515625;17,5;Colinas
93,24369606195924;410949,15138184157;6746240,376287924;17,5;19468,53515625;17,5;Colinas
93,27233310516044;410949,15138184157;6746269,0133311255;17,5;19468,5390625;17,5;Colinas
93,3128316116556;410977,78842504276;6746297,650374327;17,5;19468,5703125;17,5;Colinas
93,35333011815074;411006,425468244;6746326,287417528;17,5;19468,59375;17,5;Colinas
93,39382862464589;411035,0625114452;6746354,92446073;17,5;19468,61328125;17,5;Colinas
93,42246566784709;411035,0625114452;6746383,561503931;17,5;19468,61328125;17,48;Colinas
93,45110271104829;411035,0625114452;6746412,198547131;17,5;19468,634765625;17,46;Colinas
93,49160121754345;411063,6995546464;6746440,835590333;17,5;19468,69140625;17,44;Colinas
93,52023826074465;411063,6995546464;6746469,472633534;17,5;19468,693359375;17,42;Colinas
93,54887530394585;411063,6995546464;6746498,1096767355;17,5;19468,69921875;17,4;Colinas
93,57751234714706;411063,6995546464;6746526,746719937;17,8799991607666;19468,701171875;17,38;Colinas
93,60614939034826;411063,6995546464;6746555,383763138;17,5;19468,716796875;17,36;Colinas
93,63478643354946;411063,6995546464;6746584,020806339;17,5;19468,72265625;17,34;Colinas
93,66342347675067;411063,6995546464;6746612,65784954;17,5;19468,728515625;17,32;Colinas
93,69206051995188;411063,6995546464;6746641,294892741;17,5;19468,751953125;17,3;Colinas
93,73255902644702;411092,33659784764;6746669,931935943;17,5;19468,783203125;17,28;Colinas
93,76119606964822;411092,33659784764;6746698,568979144;17,5;19468,79296875;17,26;Colinas
93,80169457614338;411120,9736410488;6746727,206022345;17,5;19468,8203125;17,24;Colinas
93,83033161934458;411120,9736410488;6746755,843065546;17,5;19468,822265625;17,22;Colinas
93,87083012583973;411149,61068425;6746784,480108747;17,5;19468,9453125;17,2;Colinas
93,89946716904093;411149,61068425;6746813,117151949;17,5;19468,9453125;17,18;Colinas
93,92810421224213;411149,61068425;6746841,75419515;17,5;19468,951171875;17,16;Colinas
93,96860271873729;411178,2477274512;6746870,391238351;17,5;19468,9921875;17,14;Colinas
93,99723976193849;411178,2477274512;6746899,028281553;17,5;19468,99609375;17,12;Colinas
94,03773826843363;411206,8847706524;6746927,665324753;17,0;19469,037109375;17,1;Colinas
94,06637531163484;411206,8847706524;6746956,3023679545;17,0;19469,0390625;17,08;Colinas
94,09501235483604;411206,8847706524;6746984,939411156;17,0;19469,04296875;17,06;Colinas
94,13551086133118;411235,52181385364;6747013,576454357;17,0;19469,0703125;17,04;Colinas
94,1641479045324;411235,52181385364;6747042,213497559;17,0;19469,07421875;17,02;Colinas
94,1927849477336;411235,52181385364;6747070,850540759;17,0;19469,076171875;17,0;Colinas
94,2214219909348;411235,52181385364;6747099,48758396;17,68000030517578;19469,078125;17,0;Colinas
94,26192049742995;411264,15885705483;6747128,124627162;17,0;19469,109375;17,0;Colinas
94,29055754063116;411264,15885705483;6747156,761670363;17,0;19469,111328125;16,98;Colinas
94,31919458383236;411264,15885705483;6747185,3987135645;17,0;19469,11328125;16,96;Colinas
94,34783162703356;411264,15885705483;6747214,035756766;17,0;19469,1171875;16,94;Colinas
94,37646867023477;411264,15885705483;6747242,672799966;17,0;19469,119140625;16,92;Colinas
94,40510571343597;411264,15885705483;6747271,309843168;17,0;19469,119140625;16,9;Colinas
94,43374275663717;411264,15885705483;6747299,946886369;17,0;19472,8828125;16,88;Colinas
94,47424126313233;411235,52181385364;6747328,58392957;17,0;19472,900390625;16,86;Colinas
94,51473976962747;411206,8847706524;6747357,220972772;17,0;19472,916015625;16,84;Colinas
94,55523827612262;411178,2477274512;6747385,858015973;17,0;19472,93359375;16,82;Colinas
94,59573678261776;411149,61068425;6747414,495059174;17,0;19473,099609375;16,8;Colinas
94,63623528911292;411120,9736410488;6747443,132102375;17,0;19473,123046875;16,78;Colinas
94,67673379560806;411092,33659784764;6747471,769145576;17,0;19473,287109375;16,76;Colinas
94,71723230210321;411063,6995546464;6747500,406188778;17,0;19473,302734375;16,74;Colinas
94,74586934530441;411035,0625114452;6747500,406188778;17,0;19473,302734375;16,72;Colinas
94,77450638850561;411006,425468244;6747500,406188778;17,0;19473,3359375;16,7;Colinas
94,81500489500077;410977,78842504276;6747529,043231979;17,0;19473,353515625;16,68;Colinas
94,84364193820197;410949,15138184157;6747529,043231979;17,0;19473,357421875;16,66;Colinas
94,87227898140317;410920,5143386404;6747529,043231979;17,0;19473,361328125;16,64;Colinas
94,90091602460437;410891,8772954392;6747529,043231979;17,0;19473,36328125;16,62;Colinas
94,92955306780559;410863,240252238;6747529,043231979;16,5;19473,3671875;16,6;Colinas
94,95819011100679;410834,60320903675;6747529,043231979;16,5;19473,388671875;16,58;Colinas
94,98682715420799;410805,96616583556;6747529,043231979;16,5;19473,396484375;16,56;Colinas
95,01546419740919;410777,3291226344;6747529,043231979;16,5;19473,400390625;16,54;Colinas
95,0441012406104;410748,6920794332;6747529,043231979;16,5;19473,40234375;16,52;Colinas
95,0727382838116;410720,055036232;6747529,043231979;16,5;19473,42578125;16,5;Colinas
95,1013753270128;410691,41799303074;6747529,043231979;16,5;19473,427734375;16,5;Colinas
95,13001237021402;410662,78094982955;6747529,043231979;16,5;19473,435546875;16,5;Colinas
95,15864941341522;410634,14390662836;6747529,043231979;16,5;19473,44140625;16,5;Colinas
95,18728645661642;410605,5068634271;6747529,043231979;16,5;19473,4453125;16,5;Colinas
95,22778496311157;410576,8698202259;6747557,68027518;16,5;19473,46875;16,5;Colinas
95,25642200631277;410548,23277702474;6747557,68027518;16,5;19473,474609375;16,5;Colinas
95,28505904951398;410519,59573382355;6747557,68027518;16,5;19473,478515625;16,5;Colinas
95,31369609271518;410490,95869062236;6747557,68027518;16,5;19473,48046875;16,5;Colinas
95,34233313591639;410462,3216474211;6747557,68027518;16,5;19473,501953125;16,5;Colinas
95,37097017911759;410433,6846042199;6747557,68027518;16,5;19473,50390625;16,5;Colinas
95,39960722231879;410405,0475610187;6747557,68027518;16,5;19473,5078125;16,5;Colinas
95,44010572881395;410376,4105178175;6747586,317318381;16,5;19473,580078125;16,48;Colinas
95,46874277201515;410347,7734746163;6747586,317318381;16,5;19473,58203125;16,46;Colinas
95,49737981521635;410319,1364314151;6747586,317318381;16,5;19473,583984375;16,44;Colinas
95,52601685841755;410290,4993882139;6747586,317318381;16,5;19473,5859375;16,42;Colinas
95,55465390161876;410261,8623450127;6747586,317318381;16,5;19473,603515625;16,4;Colinas
95,58329094481996;410233,2253018115;6747586,317318381;16,5;19473,60546875;16,38;Colinas
95,61192798802116;410204,5882586103;6747586,317318381;16,5;19473,61328125;16,36;Colinas
95,64056503122238;410175,9512154091;6747586,317318381;16,5;19473,61328125;16,34;Colinas
95,66920207442358;410147,31417220784;6747586,317318381;16,5;19473,615234375;16,32;Colinas
95,69783911762478;410118,67712900665;6747586,317318381;16,5;19473,6171875;16,3;Colinas
95,72647616082598;410090,04008580546;6747586,317318381;16,5;19473,6171875;16,28;Colinas
95,7551132040272;410061,4030426043;6747586,317318381;16,5;19473,6171875;16,26;Colinas
95,7837502472284;410032,7659994031;6747586,317318381;16,5;19473,6171875;16,24;Arroio do Meio
95,8123872904296;410004,12895620184;6747586,317318381;16,5;19473,619140625;16,22;Arroio do Meio
95,8410243336308;409975,49191300065;6747586,317318381;16,5;19473,619140625;16,2;Arroio do Meio
95,86966137683201;409946,85486979946;6747586,317318381;16,5;19478,064453125;16,18;Arroio do Meio
95,89829842003321;409918,21782659827;6747586,317318381;16,5;19478,06640625;16,16;Arroio do Meio
95,93879692652835;409889,5807833971;6747557,68027518;16,5;19478,08203125;16,14;Arroio do Meio
95,96743396972957;409860,9437401958;6747557,68027518;16,5;19478,0859375;16,12;Arroio do Meio
96,00793247622471;409832,30669699464;6747529,043231979;16,0;19478,103515625;16,1;Arroio do Meio
96,03656951942591;409803,66965379345;6747529,043231979;16,0;19478,103515625;16,08;Arroio do Meio
96,07706802592106;409775,0326105922;6747500,406188778;16,0;19478,12109375;16,06;Arroio do Meio
96,1175665324162;409746,395567391;6747471,769145576;16,0;19478,13671875;16,04;Arroio do Meio
96,14620357561742;409717,7585241898;6747471,769145576;16,0;19478,138671875;16,02;Arroio do Meio
96,18670208211256;409689,12148098863;6747443,132102375;16,0;19478,154296875;16,0;Arroio do Meio
96,21533912531376;409660,48443778744;6747443,132102375;16,0;19478,154296875;16,0;Arroio do Meio
96,25583763180892;409631,8473945862;6747414,495059174;16,0;19478,171875;16,0;Arroio do Meio
96,29633613830406;409603,210351385;6747385,858015973;16,0;19478,23046875;15,98;Arroio do Meio
96,33683464479921;409574,5733081838;6747357,220972772;16,0;19478,248046875;15,96;Arroio do Meio
96,37733315129435;409545,93626498256;6747328,58392957;16,0;19478,263671875;15,94;Arroio do Meio
96,4178316577895;409517,2992217814;6747299,946886369;16,0;19478,279296875;15,92;Arroio do Meio
96,45833016428465;409488,6621785802;6747271,309843168;16,149999618530273;19539,185546875;15,9;Arroio do Meio
96,4988286707798;409460,025135379;6747242,672799966;16,860000610351562;19539,197265625;15,88;Arroio do Meio
96,53932717727494;409431,3880921778;6747214,035756766;16,860000610351562;19539,2109375;15,86;Arroio do Meio
96,5798256837701;409402,75104897656;6747185,3987135645;16,420000076293945;19539,216796875;15,84;Arroio do Meio
96,62032419026524;409374,11400577537;6747156,761670363;16,719999313354492;19540,001953125;15,82;Arroio do Meio
96,66082269676039;409345,4769625742;6747128,124627162;16,399999618530273;19540,015625;15,8;Arroio do Meio
96,70132120325553;409316,8399193729;6747099,48758396;16,0;19540,025390625;15,78;Arroio do Meio
96,74181970975067;409288,20287617174;6747070,850540759;16,0;19540,033203125;15,76;Arroio do Meio
96,78231821624583;409259,56583297055;6747042,213497559;16,0;19540,044921875;15,74;Arroio do Meio
96,82281672274097;409230,92878976936;6747013,576454357;16,350000381469727;19540,34765625;15,72;Arroio do Meio
96,86331522923612;409202,29174656817;6746984,939411156;16,0;19540,35546875;15,7;Arroio do Meio
96,90381373573126;409173,6547033669;6746956,3023679545;16,0;19540,36328125;15,68;Arroio do Meio
96,94431224222642;409145,01766016573;6746927,665324753;16,0;19540,37109375;15,66;Arroio do Meio
96,98481074872156;409116,38061696454;6746899,028281553;16,0;19540,3828125;15,64;Arroio do Meio
97,02530925521671;409087,74357376335;6746870,391238351;16,0;19540,39453125;15,62;Arroio do Meio
97,06580776171185;409059,10653056216;6746841,75419515;15,5;19540,40234375;15,6;Arroio do Meio
97,09444480491305;409059,10653056216;6746813,117151949;15,5;19540,404296875;15,58;Arroio do Meio
97,12308184811427;409059,10653056216;6746784,480108747;15,5;19540,404296875;15,56;Arroio do Meio
97,15171889131547;409059,10653056216;6746755,843065546;15,5;19540,404296875;15,54;Arroio do Meio
97,18035593451667;409059,10653056216;6746727,206022345;15,5;19540,453125;15,52;Arroio do Meio
97,22085444101182;409030,4694873609;6746698,568979144;15,5;19540,470703125;15,5;Arroio do Meio
97,26135294750696;409001,8324441597;6746669,931935943;15,5;19540,482421875;15,5;Arroio do Meio
97,30185145400212;408973,19540095853;6746641,294892741;15,5;19540,498046875;15,5;Arroio do Meio
97,34234996049726;408944,5583577573;6746612,65784954;15,5;19540,509765625;15,5;Arroio do Meio
97,38284846699241;408915,9213145561;6746584,020806339;15,5;19540,5234375;15,5;Arroio do Meio
97,42334697348755;408887,2842713549;6746555,383763138;15,5;19540,53125;15,5;Arroio do Meio
97,4638454799827;408858,6472281537;6746526,746719937;15,5;19541,60546875;15,48;Arroio do Meio
97,50434398647785;408830,0101849525;6746498,1096767355;15,5;19541,630859375;15,46;Arroio do Meio
97,54484249297299;408801,3731417513;6746469,472633534;15,5;19541,6484375;15,44;Arroio do Meio
97,58534099946814;408772,7360985501;6746440,835590333;15,5;19541,669921875;15,42;Arroio do Meio
97,62583950596328;408744,0990553489;6746412,198547131;15,5;19541,78515625;15,4;Arroio do Meio
97,66633801245844;408715,46201214765;6746383,561503931;15,5;19541,8046875;15,38;Arroio do Meio
97,70683651895358;408686,82496894646;6746354,92446073;15,5;19541,828125;15,36;Arroio do Meio
97,74733502544873;408658,18792574527;6746326,287417528;15,5;19541,904296875;15,34;Arroio do Meio
97,78783353194387;408629,5508825441;6746297,650374327;15,5;19541,921875;15,32;Arroio do Meio
97,82833203843903;408600,9138393429;6746269,0133311255;15,5;19541,935546875;15,3;Arroio do Meio
97,85696908164023;408572,27679614164;6746269,0133311255;15,5;19541,9375;15,28;Arroio do Meio
97,89746758813537;408543,63975294045;6746240,376287924;15,5;19541,955078125;15,26;Arroio do Meio
97,93796609463053;408515,00270973926;6746211,739244724;15,5;19541,974609375;15,24;Arroio do Meio
97,97846460112567;408486,365666538;6746183,102201522;15,5;19541,9921875;15,22;Arroio do Meio
98,01896310762082;408457,7286233368;6746154,465158321;15,5;19542,001953125;15,2;Arroio do Meio
98,04760015082202;408429,09158013563;6746154,465158321;15,989999771118164;19542,00390625;15,18;Arroio do Meio
98,08809865731718;408400,45453693444;6746125,82811512;15,5;19566,3671875;15,16;Arroio do Meio
98,12859716381232;408371,81749373325;6746097,191071918;15,5;19566,3828125;15,14;Arroio do Meio
98,16909567030746;408343,180450532;6746068,554028718;15,5;19566,404296875;15,12;Arroio do Meio
98,20959417680261;408314,5434073308;6746039,916985516;15,0;19566,416015625;15,1;Arroio do Meio
98,23823122000381;408285,9063641296;6746039,916985516;15,989999771118164;19566,4921875;15,08;Arroio do Meio
98,27872972649897;408257,26932092843;6746011,279942315;15,0;19566,634765625;15,06;Arroio do Meio
98,3192282329941;408228,63227772724;6745982,642899114;15,0;19566,6484375;15,04;Arroio do Meio
98,35972673948926;408199,995234526;6745954,005855912;15,0;19566,6640625;15,02;Arroio do Meio
98,4002252459844;408171,3581913248;6745925,368812711;15,0;19566,673828125;15,0;Arroio do Meio
98,44072375247956;408142,7211481236;6745896,731769511;15,0;19566,689453125;15,0;Arroio do Meio
98,4812222589747;408114,08410492237;6745868,094726309;15,0;19566,705078125;15,0;Arroio do Meio
98,52172076546984;408085,4470617212;6745839,457683108;15,0;19566,716796875;15,0;Arroio do Meio
98,55035780867105;408056,81001852;6745839,457683108;15,0;19566,720703125;15,0;Arroio do Meio
98,59085631516619;408028,1729753188;6745810,820639906;15,0;19566,763671875;14,98;Arroio do Meio
98,6194933583674;407999,5359321176;6745810,820639906;15,0;19566,775390625;14,96;Arroio do Meio
98,65999186486255;407970,89888891636;6745782,183596705;15,0;19566,888671875;14,94;Arroio do Meio
98,70049037135769;407942,26184571517;6745753,546553504;15,0;19566,90625;14,92;Arroio do Meio
98,74098887785284;407913,624802514;6745724,909510303;15,0;19566,91796875;14,9;Arroio do Meio
98,78148738434798;407884,98775931273;6745696,272467102;15,0;19566,931640625;14,88;Arroio do Meio
98,82198589084314;407856,35071611154;6745667,635423901;15,0;19566,958984375;14,86;Arroio do Meio
98,86248439733828;407827,71367291035;6745638,998380699;15,0;19566,970703125;14,84;Arroio do Meio
98,89112144053948;407799,07662970916;6745638,998380699;15,0;19566,974609375;14,82;Arroio do Meio
98,93161994703463;407770,439586508;6745610,361337498;15,0;19566,984375;14,8;Arroio do Meio
98,97211845352977;407741,8025433067;6745581,7242942965;15,0;19570,87890625;14,78;Arroio do Meio
99,01261696002493;407713,16550010553;6745553,087251096;15,0;19570,912109375;14,76;Arroio do Meio
99,04125400322613;407684,52845690434;6745553,087251096;15,0;19570,9140625;14,74;Arroio do Meio
99,08175250972128;407655,8914137031;6745524,450207895;15,0;19570,931640625;14,72;Arroio do Meio
99,11038955292248;407627,2543705019;6745524,450207895;15,0;19570,93359375;14,7;Arroio do Meio
99,15088805941762;407598,6173273007;6745495,813164693;15,0;19570,947265625;14,68;Arroio do Meio
99,17952510261884;407569,9802840995;6745495,813164693;15,0;19570,94921875;14,66;Arroio do Meio
99,20816214582004;407541,34324089834;6745495,813164693;15,0;19570,978515625;14,64;Arroio do Meio
99,24866065231518;407512,7061976971;6745467,176121492;15,0;19570,98828125;14,62;Arroio do Meio
99,28915915881034;407484,0691544959;6745438,539078291;14,5;19571,01171875;14,6;Arroio do Meio
99,31779620201154;407484,0691544959;6745409,902035089;14,5;19571,015625;14,58;Arroio do Meio
99,34643324521274;407484,0691544959;6745381,264991889;14,5;19571,017578125;14,56;Arroio do Meio
99,37507028841395;407484,0691544959;6745352,627948687;14,5;19571,017578125;14,54;Arroio do Meio
99,40370733161515;407484,0691544959;6745323,990905486;14,5;19571,017578125;14,52;Arroio do Meio
99,43234437481635;407484,0691544959;6745295,353862285;14,5;19571,017578125;14,5;Arroio do Meio
99,46098141801755;407484,0691544959;6745266,716819083;14,5;19571,01953125;14,5;Arroio do Meio
99,48961846121877;407484,0691544959;6745238,079775883;14,5;19571,021484375;14,5;Estrela
99,51825550441997;407484,0691544959;6745209,4427326815;14,5;19571,021484375;14,48;Estrela
99,54689254762117;407484,0691544959;6745180,80568948;14,5;19571,021484375;14,46;Estrela
99,57552959082238;407484,0691544959;6745152,168646279;14,5;19571,0234375;14,44;Estrela
99,60416663402358;407484,0691544959;6745123,531603077;14,5;19571,025390625;14,42;Estrela
99,63280367722479;407484,0691544959;6745094,894559876;14,5;19571,51171875;14,4;Estrela
99,67330218371994;407455,4321112947;6745066,257516676;14,5;19571,55078125;14,38;Estrela
99,70193922692114;407455,4321112947;6745037,620473474;14,5;19571,556640625;14,36;Estrela
99,74243773341628;407426,7950680935;6745008,983430273;14,5;19571,5703125;14,34;Estrela
99,78293623991144;407398,1580248923;6744980,346387072;14,5;19571,58984375;14,32;Estrela
99,81157328311264;407398,1580248923;6744951,70934387;14,5;19571,59375;14,3;Estrela
99,84021032631384;407398,1580248923;6744923,072300669;14,5;19571,595703125;14,28;Estrela
99,86884736951505;407398,1580248923;6744894,435257468;14,5;19571,599609375;14,26;Estrela
99,89748441271625;407398,1580248923;6744865,798214267;14,5;19571,603515625;14,24;Estrela
99,92612145591745;407398,1580248923;6744837,161171066;14,5;19571,603515625;14,22;Estrela
99,95475849911865;407398,1580248923;6744808,524127864;14,5;19571,60546875;14,2;Estrela
99,98339554231987;407398,1580248923;6744779,887084663;14,5;22416,4765625;14,18;Estrela
100,02389404881501;407426,7950680935;6744751,250041462;14,5;22416,494140625;14,16;Estrela
100,06439255531016;407455,4321112947;6744722,612998261;14,5;22416,51953125;14,14;Estrela
100,1048910618053;407484,0691544959;6744693,97595506;14,5;22416,533203125;14,12;Estrela
100,14538956830046;407512,7061976971;6744665,338911858;14,0;22416,56640625;14,1;Estrela
100,1858880747956;407541,34324089834;6744636,701868657;14,0;22416,572265625;14,08;Estrela
100,2145251179968;407569,9802840995;6744636,701868657;14,670000076293945;22416,583984375;14,06;Estrela
100,25502362449195;407598,6173273007;6744608,064825456;14,0;22416,6015625;14,04;Estrela
100,2955221309871;407627,2543705019;6744579,427782254;14,0;22416,6171875;14,02;Estrela
100,33602063748225;407655,8914137031;6744550,790739054;14,0;22416,697265625;14,0;Estrela
100,36465768068345;407684,52845690434;6744550,790739054;14,0;22416,70703125;14,0;Estrela
100,40515618717859;407713,16550010553;6744522,1536958525;14,0;22416,720703125;14,0;Estrela
100,4337932303798;407741,8025433067;6744522,1536958525;14,0;22416,751953125;14,0;Estrela
100,47429173687495;407770,439586508;6744493,516652651;14,0;22416,7734375;14,0;Estrela
100,5147902433701;407799,07662970916;6744464,87960945;14,0;22416,78515625;14,0;Estrela
100,5434272865713;407827,71367291035;6744464,87960945;14,0;22416,791015625;14,0;Estrela
100,58392579306644;407856,35071611154;6744436,242566248;14,0;22416,802734375;14,0;Estrela
100,6244242995616;407884,98775931273;6744407,605523048;14,0;22416,880859375;14,0;Estrela
100,66492280605674;407913,624802514;6744378,968479847;14,0;22416,89453125;14,0;Estrela
100,69355984925795;407942,26184571517;6744378,968479847;14,0;22416,900390625;14,0;Estrela
100,73405835575309;407970,89888891636;6744350,331436645;14,0;22416,9140625;14,0;Estrela
100,76269539895429;407999,5359321176;6744350,331436645;14,0;22416,92578125;14,0;Estrela
100,80319390544945;408028,1729753188;6744321,694393444;14,0;22416,943359375;14,0;Estrela
100,83183094865065;408056,81001852;6744321,694393444;14,0;22416,97265625;14,0;Estrela
100,86046799185185;408085,4470617212;6744321,694393444;14,0;22416,97265625;14,0;Estrela
100,88910503505306;408114,08410492237;6744321,694393444;14,0;22416,9765625;14,0;Estrela
100,91774207825426;408142,7211481236;6744321,694393444;14,0;22416,98046875;14,0;Estrela
100,94637912145546;408171,3581913248;6744321,694393444;14,0;22416,982421875;14,0;Estrela
100,97501616465667;408199,995234526;6744321,694393444;14,0;22416,98828125;14,0;Estrela
101,00365320785788;408228,63227772724;6744321,694393444;14,0;22416,9921875;14,0;Estrela
101,03229025105908;408257,26932092843;6744321,694393444;14,0;22416,998046875;14,0;Estrela
101,07278875755422;408285,9063641296;6744293,0573502425;14,0;22417,248046875;14,0;Estrela
101,10142580075544;408314,5434073308;6744293,0573502425;14,0;22417,251953125;14,0;Estrela
101,13006284395664;408343,180450532;6744293,0573502425;14,0;22417,259765625;14,0;Estrela
101,15869988715784;408371,81749373325;6744293,0573502425;14,0;22417,275390625;14,0;Estrela
101,19919839365299;408400,45453693444;6744264,420307041;14,0;22417,30859375;14,0;Estrela
101,22783543685419;408429,09158013563;6744264,420307041;14,0;22417,30859375;14,0;Estrela
101,2564724800554;408457,7286233368;6744264,420307041;14,0;22417,314453125;14,0;Estrela
101,2851095232566;408486,365666538;6744264,420307041;14,0;22417,318359375;14,0;Estrela
101,31374656645781;408515,00270973926;6744264,420307041;14,0;22417,326171875;14,0;Estrela
101,35424507295295;408543,63975294045;6744235,783263841;14,0;22417,341796875;14,0;Estrela
101,3947435794481;408572,27679614164;6744207,146220639;14,0;22417,357421875;14,0;Estrela
101,4233806226493;408600,9138393429;6744207,146220639;14,0;22417,359375;14,0;Estrela
101,4520176658505;408629,5508825441;6744207,146220639;14,0;22417,884765625;14,0;Estrela
101,4806547090517;408658,18792574527;6744207,146220639;14,0;22417,888671875;14,0;Estrela
101,52115321554686;408686,82496894646;6744178,509177438;14,0;22417,8984375;14,0;Estrela
101,54979025874806;408715,46201214765;6744178,509177438;14,0;22417,90234375;14,0;Estrela
101,57842730194926;408744,0990553489;6744178,509177438;14,0;22417,91796875;14,0;Estrela
101,61892580844442;408772,7360985501;6744149,872134237;14,0;22418,0;14,0;Estrela
101,64756285164562;408801,3731417513;6744149,872134237;14,0;22418,001953125;14,0;Estrela
101,67619989484682;408830,0101849525;6744149,872134237;14,0;22418,009765625;14,0;Estrela
101,70483693804803;408858,6472281537;6744149,872134237;14,0;22418,015625;14,0;Estrela
101,74533544454317;408887,2842713549;6744121,235091035;14,0;22419,138671875;14,0;Estrela
101,78583395103833;408915,9213145561;6744092,598047834;14,0;22419,17578125;14,0;Estrela
101,81447099423953;408944,5583577573;6744092,598047834;14,0;22419,18359375;14,0;Estrela
101,84310803744073;408973,19540095853;6744092,598047834;14,0;22419,3359375;14,0;Estrela
101,87174508064194;409001,8324441597;6744092,598047834;14,0;22419,337890625;14,0;Estrela
101,90038212384314;409030,4694873609;6744092,598047834;14,0;22419,337890625;14,0;Estrela
101,92901916704434;409059,10653056216;6744092,598047834;14,0;22419,34375;14,0;Estrela
101,9695176735395;409087,74357376335;6744063,961004633;14,0;22419,4453125;14,0;Estrela
101,9981547167407;409116,38061696454;6744063,961004633;14,0;22419,447265625;14,0;Estrela
102,0267917599419;409145,01766016573;6744063,961004633;14,0;22419,4765625;14,0;Estrela
102,06729026643706;409173,6547033669;6744035,323961432;14,0;22419,53125;14,0;Estrela
102,1077887729322;409202,29174656817;6744006,686918231;14,0;22419,560546875;14,0;Estrela
102,14828727942734;409230,92878976936;6743978,049875029;14,0;22419,587890625;14,0;Estrela
102,17692432262855;409259,56583297055;6743978,049875029;14,0;22419,595703125;14,0;Estrela
102,20556136582975;409288,20287617174;6743978,049875029;14,0;22419,603515625;14,0;Estrela
102,24605987232489;409316,8399193729;6743949,412831828;14,0;22419,64453125;14,0;Estrela
102,28655837882005;409345,4769625742;6743920,775788627;14,0;22421,548828125;14,0;Estrela
102,31519542202125;409374,11400577537;6743920,775788627;14,0;22421,55078125;14,0;Estrela
102,34383246522245;409402,75104897656;6743920,775788627;14,0;22421,556640625;14,0;Estrela
102,3843309717176;409431,3880921778;6743892,138745426;14,0;22421,578125;14,0;Estrela
102,42482947821274;409460,025135379;6743863,501702225;14,0;22421,609375;14,0;Estrela
102,4653279847079;409488,6621785802;6743834,8646590235;14,0;22421,666015625;14,0;Estrela
102,50582649120304;409517,2992217814;6743806,227615822;14,0;22421,685546875;14,0;Estrela
102,53446353440425;409545,93626498256;6743806,227615822;14,0;22421,693359375;14,0;Estrela
102,5749620408994;409574,5733081838;6743777,590572621;14,0;22421,765625;14,0;Estrela
102,61546054739455;409603,210351385;6743748,953529419;14,0;22421,7890625;14,0;Estrela
102,64409759059575;409631,8473945862;6743748,953529419;14,0;22421,79296875;14,0;Estrela
102,68459609709089;409660,48443778744;6743720,316486219;14,0;22421,8203125;14,0;Estrela
102,72509460358604;409689,12148098863;6743691,679443018;14,0;22427,419921875;14,0;Estrela
102,76559311008118;409717,7585241898;6743663,042399816;14,0;22427,45703125;14,0;Estrela
102,80609161657634;409746,395567391;6743634,405356615;14,0;22427,46875;14,0;Estrela
102,84659012307148;409775,0326105922;6743605,7683134135;14,0;22427,541015625;14,0;Estrela
102,88708862956663;409803,66965379345;6743577,131270213;14,0;22427,578125;14,0;Estrela
102,92758713606177;409832,30669699464;6743548,494227012;14,0;22427,623046875;14,0;Estrela
102,96808564255693;409860,9437401958;6743519,85718381;14,0;22427,650390625;14,0;Estrela
103,00858414905207;409889,5807833971;6743491,220140609;14,0;22427,671875;14,0;Estrela
103,04908265554721;409918,21782659827;6743462,583097408;14,0;22427,70703125;14,0;Lajeado
103,08958116204236;409946,85486979946;6743433,946054206;14,0;22427,71484375;14,0;Lajeado
103,1300796685375;409975,49191300065;6743405,309011006;14,0;22427,76953125;14,0;Lajeado
103,17057817503266;410004,12895620184;6743376,671967804;14,0;22427,787109375;14,0;Lajeado
103,2110766815278;410032,7659994031;6743348,034924603;14,0;22427,8125;14,0;Lajeado
103,25157518802295;410061,4030426043;6743319,397881402;14,0;22427,822265625;14,0;Lajeado
103,2920736945181;410090,04008580546;6743290,7608382;14,0;22427,88671875;14,0;Lajeado
103,33257220101325;410118,67712900665;6743262,123794999;14,0;22428,00390625;14,0;Lajeado
103,37307070750839;410147,31417220784;6743233,486751799;14,0;22428,013671875;14,0;Lajeado
103,41356921400354;410175,9512154091;6743204,849708597;14,0;22428,041015625;14,0;Lajeado
103,45406772049868;410204,5882586103;6743176,212665396;14,0;22428,052734375;14,0;Lajeado
103,49456622699384;410233,2253018115;6743147,575622194;14,0;22428,076171875;14,0;Lajeado
103,53506473348898;410261,8623450127;6743118,938578993;14,0;22428,4140625;14,0;Lajeado
103,57556323998412;410290,4993882139;6743090,301535792;14,0;22428,427734375;14,0;Lajeado
103,61606174647928;410319,1364314151;6743061,664492591;14,0;22428,44140625;14,0;Lajeado
103,65656025297442;410347,7734746163;6743033,02744939;14,0;22428,4765625;14,0;Lajeado
103,69705875946957;410376,4105178175;6743004,390406189;14,0;22428,494140625;14,0;Lajeado
103,72569580267077;410376,4105178175;6742975,753362987;14,0;22428,498046875;14,0;Lajeado
103,76619430916593;410405,0475610187;6742947,116319786;14,0;22428,517578125;14,0;Lajeado
103,80669281566107;410433,6846042199;6742918,479276584;14,0;22428,578125;14,0;Lajeado
103,83532985886227;410433,6846042199;6742889,842233384;14,0;22428,583984375;14,0;Lajeado
103,87582836535742;410462,3216474211;6742861,205190183;14,0;22428,607421875;14,0;Lajeado
103,90446540855862;410462,3216474211;6742832,568146981;14,0;22428,61328125;14,0;Lajeado
103,94496391505378;410490,95869062236;6742803,93110378;14,0;22428,703125;14,0;Lajeado
103,97360095825498;410490,95869062236;6742775,294060579;14,0;22428,990234375;14,0;Lajeado
104,01409946475012;410519,59573382355;6742746,657017378;14,0;22429,005859375;14,0;Lajeado
104,04273650795133;410519,59573382355;6742718,019974177;14,0;22429,0078125;14,0;Lajeado
104,07137355115253;410519,59573382355;6742689,382930975;14,0;22429,009765625;14,0;Lajeado
104,10001059435373;410519,59573382355;6742660,745887774;14,0;22429,01171875;14,0;Lajeado
104,12864763755493;410519,59573382355;6742632,108844573;14,0;22429,015625;14,0;Lajeado
104,16914614405009;410548,23277702474;6742603,471801371;14,0;22429,03515625;14,0;Lajeado
104,19778318725129;410548,23277702474;6742574,834758171;14,0;22429,03515625;14,0;Lajeado
104,22642023045249;410548,23277702474;6742546,1977149695;14,0;22429,0390625;14,0;Lajeado
104,2550572736537;410548,23277702474;6742517,560671768;14,0;22429,041015625;14,0;Lajeado
104,29555578014885;410576,8698202259;6742488,923628567;14,0;22429,060546875;14,0;Lajeado
104,32419282335005;410576,8698202259;6742460,286585365;14,0;22429,0625;14,0;Lajeado
104,35282986655126;410576,8698202259;6742431,649542164;14,0;22429,0625;14,0;Lajeado
104,38146690975246;410576,8698202259;6742403,012498964;14,0;22429,064453125;14,0;Lajeado
104,41010395295366;410576,8698202259;6742374,375455762;14,0;22429,072265625;14,0;Lajeado
104,45060245944882;410605,5068634271;6742345,738412561;14,0;22429,099609375;14,0;Lajeado
104,47923950265002;410605,5068634271;6742317,1013693595;14,0;22429,103515625;14,0;Lajeado
104,50787654585122;410605,5068634271;6742288,464326158;14,0;22429,103515625;14,0;Lajeado
104,53651358905242;410605,5068634271;6742259,827282957;14,0;22429,10546875;14,0;Lajeado
104,57701209554757;410634,14390662836;6742231,190239756;14,0;22429,12890625;14,0;Lajeado
104,60564913874877;410634,14390662836;6742202,553196555;14,0;22429,1328125;14,0;Lajeado
104,63428618194997;410634,14390662836;6742173,916153354;14,0;22429,13671875;14,0;Lajeado
104,67478468844513;410662,78094982955;6742145,279110152;14,0;22429,21875;14,0;Lajeado
104,70342173164633;410662,78094982955;6742116,642066951;14,0;22429,220703125;14,0;Lajeado
104,73205877484753;410662,78094982955;6742088,00502375;14,0;22429,228515625;14,0;Lajeado
104,77255728134269;410691,41799303074;6742059,367980549;14,0;22429,267578125;14,0;Lajeado
104,80119432454389;410691,41799303074;6742030,730937348;14,0;22429,26953125;14,0;Lajeado
104,82983136774509;410691,41799303074;6742002,093894146;14,0;22429,2734375;14,0;Lajeado
104,8584684109463;410691,41799303074;6741973,456850945;14,0;22429,279296875;14,0;Lajeado
104,89896691744144;410720,055036232;6741944,819807744;14,0;22429,302734375;14,0;Lajeado
104,92760396064264;410720,055036232;6741916,182764543;14,0;22429,302734375;14,0;Lajeado
104,9681024671378;410748,6920794332;6741887,545721342;14,0;22430,142578125;14,0;Lajeado
105,00860097363294;410777,3291226344;6741858,9086781405;14,0;22430,17578125;14,0;Lajeado
105,03723801683415;410777,3291226344;6741830,271634939;14,0;22430,1796875;14,0;Lajeado
105,06587506003535;410777,3291226344;6741801,634591738;14,0;22430,1796875;14,0;Lajeado
105,09451210323655;410777,3291226344;6741772,997548536;14,0;22430,18359375;14,0;Lajeado
105,12314914643777;410777,3291226344;6741744,360505336;14,0;22430,19140625;14,0;Lajeado
105,16364765293291;410805,96616583556;6741715,723462135;14,0;22430,216796875;14,0;Lajeado
105,19228469613411;410805,96616583556;6741687,086418933;14,0;22430,21875;14,0;Lajeado
105,22092173933532;410805,96616583556;6741658,449375732;14,0;22430,22265625;14,0;Lajeado
105,24955878253652;410805,96616583556;6741629,8123325305;14,0;22430,224609375;14,0;Lajeado
105,27819582573773;410805,96616583556;6741601,175289329;14,0;22430,224609375;14,0;Lajeado
105,30683286893893;410805,96616583556;6741572,538246129;14,0;22433,029296875;14,0;Lajeado
105,34733137543408;410777,3291226344;6741543,901202927;14,0;22433,04296875;14,0;Lajeado
105,38782988192922;410748,6920794332;6741515,264159726;14,0;22433,052734375;14,0;Lajeado
105,41646692513044;410720,055036232;6741515,264159726;14,0;22433,05859375;14,0;Lajeado
105,45696543162558;410691,41799303074;6741486,627116525;14,0;22433,068359375;14,0;Lajeado
105,48560247482678;410662,78094982955;6741486,627116525;14,0;22433,072265625;14,0;Lajeado
105,51423951802799;410634,14390662836;6741486,627116525;14,0;22433,076171875;14,0;Lajeado
105,54287656122919;410605,5068634271;6741486,627116525;14,0;22433,080078125;14,0;Lajeado
105,5715136044304;410576,8698202259;6741486,627116525;14,0;22433,08203125;14,0;Lajeado
105,6001506476316;410548,23277702474;6741486,627116525;14,0;22433,08203125;14,0;Lajeado
105,62878769083281;410519,59573382355;6741486,627116525;14,0;22433,0859375;14,0;Lajeado
105,65742473403401;410490,95869062236;6741486,627116525;14,0;22433,08984375;14,0;Lajeado
105,68606177723521;410462,3216474211;6741486,627116525;14,0;22433,08984375;14,0;Lajeado
105,71469882043641;410433,6846042199;6741486,627116525;14,0;22433,14453125;14,0;Lajeado
105,74333586363763;410405,0475610187;6741486,627116525;14,0;22433,1484375;14,0;Lajeado
105,77197290683883;410376,4105178175;6741486,627116525;14,0;22433,150390625;14,0;Lajeado
105,80060995004003;410347,7734746163;6741486,627116525;14,0;22433,15234375;14,0;Lajeado
105,82924699324124;410319,1364314151;6741486,627116525;14,0;22433,154296875;14,0;Lajeado
105,85788403644244;410290,4993882139;6741486,627116525;14,0;22433,154296875;14,0;Lajeado
105,88652107964364;410261,8623450127;6741486,627116525;14,0;22433,154296875;14,0;Lajeado
105,91515812284484;410233,2253018115;6741486,627116525;14,0;22433,15625;14,0;Lajeado
105,94379516604606;410204,5882586103;6741486,627116525;14,0;22433,15625;14,0;Lajeado
105,97243220924726;410175,9512154091;6741486,627116525;14,0;22433,15625;14,0;Estrela
106,00106925244846;410147,31417220784;6741486,627116525;14,0;22434,240234375;14,0;Estrela
106,04156775894361;410118,67712900665;6741515,264159726;14,0;22434,2578125;14,0;Estrela
106,08206626543875;410090,04008580546;6741543,901202927;14,0;22434,318359375;14,0;Estrela
106,12256477193391;410061,4030426043;6741572,538246129;14,0;22434,33203125;14,0;Estrela
106,16306327842905;410032,7659994031;6741601,175289329;14,0;22434,384765625;14,0;Estrela
106,20356178492419;410004,12895620184;6741629,8123325305;14,0;22434,3984375;14,0;Estrela
106,24406029141934;409975,49191300065;6741658,449375732;14,0;22434,408203125;14,0;Estrela
106,28455879791449;409946,85486979946;6741687,086418933;14,0;22434,419921875;14,0;Estrela
106,3131958411157;409918,21782659827;6741687,086418933;14,0;22434,431640625;14,0;Estrela
106,35369434761084;409889,5807833971;6741715,723462135;14,0;22434,44921875;14,0;Estrela
106,38233139081204;409860,9437401958;6741715,723462135;14,0;22434,453125;14,0;Estrela
106,41096843401326;409832,30669699464;6741715,723462135;14,0;22434,458984375;14,0;Estrela
106,4514669405084;409803,66965379345;6741744,360505336;14,0;22434,53515625;14,0;Estrela
106,4801039837096;409775,0326105922;6741744,360505336;14,0;22434,5390625;14,0;Estrela
106,50874102691081;409746,395567391;6741744,360505336;14,0;22434,548828125;14,0;Estrela
106,54923953340595;409717,7585241898;6741772,997548536;14,0;22434,568359375;14,0;Estrela
106,5897380399011;409689,12148098863;6741801,634591738;14,0;22434,583984375;14,0;Estrela
106,61837508310231;409660,48443778744;6741801,634591738;14,0;22434,603515625;14,0;Estrela
106,65887358959745;409631,8473945862;6741830,271634939;14,0;22434,6953125;14,0;Estrela
106,68751063279866;409603,210351385;6741830,271634939;14,0;22434,69921875;14,0;Estrela
106,71614767599986;409574,5733081838;6741830,271634939;14,0;22434,732421875;14,0;Estrela
106,756646182495;409545,93626498256;6741858,9086781405;14,0;22434,74609375;14,0;Estrela
106,78528322569622;409517,2992217814;6741858,9086781405;14,0;22434,748046875;14,0;Estrela
106,81392026889742;409488,6621785802;6741858,9086781405;14,0;22434,75390625;14,0;Estrela
106,84255731209862;409460,025135379;6741858,9086781405;14,0;22434,7578125;14,0;Estrela
106,87119435529982;409431,3880921778;6741858,9086781405;14,0;22434,7578125;14,0;Estrela
106,89983139850104;409402,75104897656;6741858,9086781405;14,0;22434,759765625;14,0;Estrela
106,92846844170224;409374,11400577537;6741858,9086781405;14,0;22434,763671875;14,0;Estrela
106,95710548490344;409345,4769625742;6741858,9086781405;14,0;22434,763671875;14,0;Estrela
106,98574252810465;409316,8399193729;6741858,9086781405;14,0;22436,17578125;14,0;Estrela
107,02624103459979;409288,20287617174;6741830,271634939;14,0;22436,416015625;14,0;Estrela
107,06673954109493;409259,56583297055;6741801,634591738;14,0;22436,439453125;14,0;Estrela
107,10723804759009;409230,92878976936;6741772,997548536;14,0;22436,474609375;14,0;Estrela
107,14773655408523;409202,29174656817;6741744,360505336;14,0;22436,494140625;14,0;Estrela
107,18823506058038;409173,6547033669;6741715,723462135;14,0;22436,515625;14,0;Estrela
107,22873356707552;409145,01766016573;6741687,086418933;14,0;22436,8046875;14,0;Estrela
107,26923207357068;409116,38061696454;6741658,449375732;14,0;22436,814453125;14,0;Estrela
107,29786911677188;409116,38061696454;6741629,8123325305;14,0;22436,81640625;14,0;Estrela
107,32650615997308;409116,38061696454;6741601,175289329;14,0;22436,8203125;14,0;Estrela
107,3551432031743;409116,38061696454;6741572,538246129;14,0;22436,822265625;14,0;Estrela
107,3837802463755;409116,38061696454;6741543,901202927;14,0;22436,82421875;14,0;Estrela
107,4124172895767;409116,38061696454;6741515,264159726;14,0;22436,826171875;14,0;Estrela
107,4410543327779;409116,38061696454;6741486,627116525;14,0;22436,830078125;14,0;Estrela
107,46969137597911;409116,38061696454;6741457,990073323;14,0;22436,830078125;14,0;Estrela
107,49832841918031;409116,38061696454;6741429,353030122;14,0;22436,83203125;14,0;Estrela
107,52696546238151;409116,38061696454;6741400,715986921;14,0;22436,83984375;14,0;Estrela
107,56746396887667;409087,74357376335;6741372,07894372;14,0;22436,875;14,0;Estrela
107,6079624753718;409059,10653056216;6741343,441900519;14,0;22436,89453125;14,0;Estrela
107,63659951857301;409059,10653056216;6741314,804857317;14,0;22436,896484375;14,0;Estrela
107,67709802506816;409030,4694873609;6741286,167814116;14,0;22436,91796875;14,0;Estrela
107,70573506826936;409030,4694873609;6741257,530770915;14,0;22436,923828125;14,0;Estrela
107,73437211147056;409030,4694873609;6741228,893727714;14,0;22436,927734375;14,0;Estrela
107,77487061796572;409001,8324441597;6741200,256684513;14,0;22437,025390625;14,0;Estrela
107,81536912446086;408973,19540095853;6741171,6196413115;14,0;22437,16796875;14,0;Estrela
107,85586763095601;408944,5583577573;6741142,98259811;14,0;22437,197265625;14,0;Estrela
107,88450467415721;408944,5583577573;6741114,345554909;14,0;22437,65234375;14,0;Estrela
107,92500318065237;408915,9213145561;6741085,708511708;14,0;22437,6875;14,0;Estrela
107,95364022385357;408915,9213145561;6741057,071468507;14,949999809265137;22437,693359375;14,0;Estrela
107,99413873034871;408887,2842713549;6741028,434425306;14,0;22437,71484375;14,0;Estrela
108,03463723684386;408858,6472281537;6740999,797382104;14,0;22437,734375;14,0;Estrela
108,06327428004506;408858,6472281537;6740971,160338903;14,0;22437,736328125;14,0;Estrela
108,10377278654022;408830,0101849525;6740942,5232957015;14,0;22438,630859375;14,0;Estrela
108,14427129303536;408801,3731417513;6740913,886252501;14,0;22438,666015625;14,0;Estrela
108,1847697995305;408772,7360985501;6740885,2492093;14,0;22439,708984375;14,0;Estrela
108,22526830602565;408744,0990553489;6740856,612166098;14,0;22439,734375;14,0;Estrela
108,2657668125208;408715,46201214765;6740827,975122897;14,0;22439,76171875;14,0;Estrela
108,30626531901595;408686,82496894646;6740799,338079696;14,0;22439,78125;14,0;Estrela
108,33490236221715;408686,82496894646;6740770,701036494;14,0;22439,78515625;14,0;Estrela
108,3754008687123;408658,18792574527;6740742,063993294;14,0;22439,818359375;14,0;Estrela
108,41589937520745;408629,5508825441;6740713,426950092;14,0;22439,859375;14,0;Estrela
108,44453641840865;408629,5508825441;6740684,789906891;14,0;22439,861328125;14,0;Estrela
108,4850349249038;408600,9138393429;6740656,15286369;14,0;22440,171875;14,0;Estrela
108,513671968105;408600,9138393429;6740627,515820488;14,0;22440,173828125;14,0;Estrela
108,55417047460016;408572,27679614164;6740598,878777287;14,0;22440,1875;14,0;Estrela
108,5946689810953;408543,63975294045;6740570,241734087;14,0;22440,23046875;14,0;Estrela
108,63516748759044;408515,00270973926;6740541,604690885;14,0;22440,248046875;14,0;Estrela
108,67566599408559;408486,365666538;6740512,967647684;14,0;22440,263671875;14,0;Estrela
108,71616450058073;408457,7286233368;6740484,330604482;14,0;22440,2890625;14,0;Estrela
108,75666300707589;408429,09158013563;6740455,693561281;14,0;22440,3125;14,0;Estrela
108,79716151357103;408400,45453693444;6740427,05651808;14,0;22440,337890625;14,0;Estrela
108,83766002006618;408371,81749373325;6740398,419474879;14,0;22440,353515625;14,0;Estrela
108,87815852656132;408343,180450532;6740369,782431678;14,0;22440,39453125;14,0;Estrela
108,91865703305648;408314,5434073308;6740341,145388477;14,0;22440,462890625;14,0;Estrela
108,95915553955162;408285,9063641296;6740312,508345275;14,0;22440,482421875;14,0;Lajeado
108,99965404604677;408257,26932092843;6740283,871302074;14,0;22440,587890625;14,0;Lajeado
109,04015255254191;408228,63227772724;6740255,234258873;14,0;22440,607421875;14,0;Lajeado
109,08065105903707;408199,995234526;6740226,597215672;14,0;22440,625;14,0;Lajeado
109,1211495655322;408171,3581913248;6740197,960172471;14,0;22440,640625;14,0;Lajeado
109,16164807202735;408142,7211481236;6740169,323129269;14,0;22440,68359375;14,0;Lajeado
109,2021465785225;408114,08410492237;6740140,686086068;14,0;22440,974609375;14,0;Lajeado
109,24264508501764;408085,4470617212;6740112,049042867;14,0;22440,990234375;14,0;Lajeado
109,2831435915128;408056,81001852;6740083,411999666;14,0;22441,01171875;14,0;Lajeado
109,32364209800794;408028,1729753188;6740054,774956465;14,0;22441,029296875;14,0;Lajeado
109,36414060450309;407999,5359321176;6740026,137913263;14,0;22441,05078125;14,0;Lajeado
109,40463911099823;407970,89888891636;6739997,500870062;14,0;22441,9140625;14,0;Lajeado
109,44513761749339;407942,26184571517;6739968,863826861;14,0;22441,931640625;14,0;Lajeado
109,48563612398853;407913,624802514;6739940,226783659;14,0;22441,974609375;14,0;Lajeado
109,52613463048368;407884,98775931273;6739911,589740459;14,0;22441,986328125;14,0;Lajeado
109,56663313697882;407856,35071611154;6739882,9526972575;14,0;22442,03125;14,0;Lajeado
109,60713164347398;407827,71367291035;6739854,315654056;14,0;22442,052734375;14,0;Lajeado
109,64763014996912;407799,07662970916;6739825,678610855;14,0;22442,099609375;14,0;Lajeado
109,68812865646427;407770,439586508;6739797,041567653;14,0;22442,11328125;14,0;Lajeado
109,71676569966547;407741,8025433067;6739797,041567653;14,0;22442,1171875;14,0;Lajeado
109,75726420616061;407713,16550010553;6739768,404524452;14,0;22442,142578125;14,0;Lajeado
109,79776271265577;407684,52845690434;6739739,767481252;14,0;22442,15625;14,0;Lajeado
109,82639975585697;407655,8914137031;6739739,767481252;14,0;22442,15625;14,0;Lajeado
109,85503679905817;407627,2543705019;6739739,767481252;14,0;22442,158203125;14,0;Lajeado
109,89553530555332;407598,6173273007;6739711,13043805;14,0;22442,19140625;14,0;Lajeado
109,92417234875452;407569,9802840995;6739711,13043805;14,0;22442,1953125;14,0;Lajeado
109,96467085524966;407541,34324089834;6739682,493394849;14,0;22442,21484375;14,0;Lajeado
109,99330789845088;407512,7061976971;6739682,493394849;14,0;22442,220703125;14,0;Lajeado
110,03380640494602;407484,0691544959;6739653,8563516475;14,0;22442,244140625;14,0;Lajeado
110,06244344814722;407455,4321112947;6739653,8563516475;14,0;22442,248046875;14,0;Lajeado
110,09108049134844;407426,7950680935;6739653,8563516475;14,0;22442,255859375;14,0;Lajeado
110,13157899784358;407398,1580248923;6739625,219308446;14,0;22442,28125;14,0;Lajeado
110,16021604104478;407369,5209816911;6739625,219308446;14,0;22442,287109375;14,0;Lajeado
110,18885308424599;407340,8839384899;6739625,219308446;14,0;22442,287109375;14,0;Lajeado
110,21749012744719;407312,2468952887;6739625,219308446;14,0;22442,291015625;14,0;Lajeado
110,24612717064839;407283,60985208745;6739625,219308446;14,0;22442,29296875;14,0;Lajeado
110,27476421384961;407254,97280888626;6739625,219308446;14,0;22442,294921875;14,0;Lajeado
110,30340125705081;407226,3357656851;6739625,219308446;14,0;22442,591796875;14,0;Lajeado
110,34389976354595;407197,6987224839;6739596,582265245;14,0;22442,619140625;14,0;Lajeado
110,3843982700411;407169,0616792827;6739567,945222044;14,0;22442,6484375;14,0;Lajeado
110,4130353132423;407140,42463608144;6739567,945222044;14,0;22442,6484375;14,0;Lajeado
110,4416723564435;407111,78759288025;6739567,945222044;14,0;22442,65234375;14,0;Lajeado
110,47030939964472;407083,15054967906;6739567,945222044;14,0;22442,658203125;14,0;Lajeado
110,51080790613986;407054,5135064778;6739539,308178843;14,0;22442,681640625;14,0;Lajeado
110,53944494934106;407025,8764632766;6739539,308178843;14,0;22442,68359375;14,0;Lajeado
110,56808199254228;406997,23942007544;6739539,308178843;14,0;22442,685546875;14,0;Lajeado
110,59671903574348;406968,60237687425;6739539,308178843;14,0;22452,232421875;14,0;Lajeado
110,63721754223862;406939,96533367306;6739510,671135642;14,0;22452,251953125;14,0;Lajeado
110,66585458543983;406911,3282904718;6739510,671135642;14,0;22452,25390625;14,0;Lajeado
110,69449162864103;406882,6912472706;6739510,671135642;14,0;22452,263671875;14,0;Lajeado
110,73499013513617;406854,0542040694;6739482,03409244;14,0;22452,28125;14,0;Lajeado
110,76362717833739;406825,4171608682;6739482,03409244;14,0;22452,287109375;14,0;Lajeado
110,79226422153859;406796,780117667;6739482,03409244;14,0;22452,2890625;14,0;Lajeado
110,82090126473979;406768,1430744658;6739482,03409244;14,0;22452,291015625;14,0;Lajeado
110,86139977123494;406739,5060312646;6739453,397049239;14,0;22452,314453125;14,0;Lajeado
110,89003681443614;406710,8689880634;6739453,397049239;14,0;22452,318359375;14,0;Lajeado
110,91867385763734;406682,2319448622;6739453,397049239;14,0;22452,380859375;14,0;Lajeado
110,94731090083854;406653,594901661;6739453,397049239;14,0;22452,3828125;14,0;Lajeado
110,97594794403976;406624,9578584598;6739453,397049239;14,0;22452,419921875;14,0;Lajeado
111,00458498724096;406596,3208152586;6739453,397049239;14,0;22452,421875;14,0;Lajeado
111,0450834937361;406567,6837720574;6739424,7600060385;14,0;22452,447265625;14,0;Lajeado
111,07372053693732;406539,04672885616;6739424,7600060385;14,0;22452,44921875;14,0;Lajeado
111,10235758013852;406510,409685655;6739424,7600060385;14,0;22452,453125;14,0;Lajeado
111,14285608663366;406481,7726424538;6739396,122962837;14,0;23028,92578125;14,0;Lajeado
111,18335459312881;406453,13559925254;6739367,485919636;14,0;23028,970703125;14,0;Lajeado
111,22385309962395;406424,49855605135;6739338,848876434;14,0;23029,00390625;14,0;Lajeado
111,25249014282517;406395,86151285016;6739338,848876434;14,0;23029,0078125;14,0;Lajeado
111,2929886493203;406367,22446964897;6739310,211833233;14,0;23029,03515625;14,0;Lajeado
111,32162569252151;406338,5874264478;6739310,211833233;14,0;23029,037109375;14,0;Lajeado
111,35026273572272;406309,9503832465;6739310,211833233;14,0;23029,052734375;14,0;Lajeado
111,39076124221786;406281,31334004534;6739281,574790032;14,0;23029,08984375;14,0;Lajeado
111,43125974871302;406252,67629684415;6739252,937746831;14,0;23029,11328125;14,0;Lajeado
111,47175825520816;406224,0392536429;6739224,30070363;14,0;23029,140625;14,0;Lajeado
111,5122567617033;406195,4022104417;6739195,6636604285;14,0;23029,189453125;14,0;Lajeado
111,55275526819845;406166,7651672405;6739167,026617227;14,0;23029,314453125;14,0;Estrela
111,5932537746936;406138,12812403933;6739138,389574026;14,0;23029,369140625;14,0;Estrela
111,63375228118875;406109,49108083814;6739109,752530824;14,0;23029,392578125;14,0;Estrela
111,67425078768389;406080,8540376369;6739081,115487624;14,0;23029,416015625;14,0;Estrela
111,71474929417904;406052,2169944357;6739052,478444423;14,0;23029,427734375;14,0;Estrela
111,75524780067418;406023,5799512345;6739023,841401221;14,0;23029,44140625;14,0;Estrela
111,79574630716934;405994,94290803326;6738995,20435802;14,0;23029,755859375;14,0;Estrela
111,83624481366448;405966,3058648321;6738966,5673148185;14,0;23029,771484375;14,0;Estrela
111,87674332015963;405937,6688216309;6738937,930271617;14,0;23029,787109375;14,0;Estrela
111,91724182665477;405909,0317784297;6738909,293228417;14,0;23029,828125;14,0;Estrela
111,95774033314993;405880,3947352285;6738880,656185215;14,0;23085,126953125;14,0;Estrela
111,99823883964507;405851,75769202725;6738852,019142014;14,0;23085,138671875;14,0;Estrela
112,02687588284627;405851,75769202725;6738823,382098813;14,0;23085,150390625;14,0;Estrela
112,06737438934142;405823,12064882607;6738794,745055611;14,0;23085,1640625;14,0;Estrela
112,10787289583656;405794,4836056249;6738766,10801241;14,0;23085,177734375;14,0;Estrela
112,13650993903778;405794,4836056249;6738737,470969209;14,0;23085,185546875;14,0;Estrela
112,17700844553292;405765,8465624237;6738708,833926008;14,0;23085,201171875;14,0;Estrela
112,21750695202806;405737,2095192225;6738680,196882807;14,0;23085,208984375;14,0;Estrela
112,24614399522927;405737,2095192225;6738651,559839605;14,0;23085,21484375;14,0;Estrela
112,28664250172442;405708,57247602125;6738622,922796404;14,0;23085,23046875;14,0;Estrela
112,32714100821957;405679,93543282006;6738594,285753204;14,0;23085,24609375;14,0;Estrela
112,35577805142077;405679,93543282006;6738565,648710002;14,0;23085,251953125;14,0;Estrela
112,39627655791591;405651,29838961887;6738537,011666801;14,0;23085,265625;14,0;Estrela
112,42491360111713;405651,29838961887;6738508,374623599;14,0;23085,26953125;14,0;Estrela
112,46541210761227;405622,6613464176;6738479,737580398;14,0;23085,2890625;14,0;Estrela
112,50591061410742;405594,0243032164;6738451,100537197;14,0;23085,306640625;14,0;Estrela
112,53454765730862;405594,0243032164;6738422,463493996;14,0;23085,30859375;14,0;Estrela
112,57504616380376;405565,38726001524;6738393,826450795;14,0;23085,32421875;14,0;Estrela
112,60368320700498;405565,38726001524;6738365,189407594;14,0;23085,328125;14,0;Estrela
112,63232025020618;405565,38726001524;6738336,552364392;14,0;23085,330078125;14,0;Estrela
112,67281875670132;405536,75021681405;6738307,915321191;14,0;23085,361328125;14,0;Estrela
112,70145579990253;405536,75021681405;6738279,2782779895;14,0;23085,36328125;14,0;Estrela
112,73009284310373;405536,75021681405;6738250,641234789;14,0;23085,365234375;14,0;Estrela
112,75872988630493;405536,75021681405;6738222,004191588;14,0;23085,3671875;14,0;Estrela
112,79922839280009;405508,11317361286;6738193,367148386;14,0;23085,388671875;14,0;Estrela
112,83972689929523;405479,4761304116;6738164,730105185;14,0;23085,41015625;14,0;Estrela
112,88022540579038;405450,8390872104;6738136,093061984;14,0;23085,439453125;14,0;Estrela
112,90886244899158;405450,8390872104;6738107,456018782;14,0;23085,443359375;14,0;Estrela
112,94936095548672;405422,20204400923;6738078,818975582;14,0;23085,4765625;14,0;Estrela
112,97799799868794;405422,20204400923;6738050,18193238;14,0;23085,48046875;14,0;Estrela
113,00663504188914;405422,20204400923;6738021,544889179;14,0;23085,482421875;14,0;Estrela
113,04713354838428;405393,565000808;6737992,907845978;14,0;23085,50390625;14,0;Estrela
113,0757705915855;405393,565000808;6737964,270802776;14,0;23085,505859375;14,0;Estrela
113,1044076347867;405393,565000808;6737935,633759575;14,0;23085,513671875;14,0;Estrela
113,14490614128184;405364,9279576068;6737906,9967163745;14,0;23085,53515625;14,0;Estrela
113,17354318448305;405364,9279576068;6737878,359673173;14,0;23085,537109375;14,0;Estrela
113,20218022768425;405364,9279576068;6737849,722629972;14,0;23085,541015625;14,0;Estrela
113,23081727088545;405364,9279576068;6737821,08558677;14,0;23085,544921875;14,0;Estrela
113,27131577738061;405336,2909144056;6737792,448543569;14,0;23085,6171875;14,0;Estrela
113,29995282058181;405336,2909144056;6737763,811500369;14,0;23085,619140625;14,0;Estrela
113,32858986378301;405336,2909144056;6737735,174457167;14,0;23085,623046875;14,0;Estrela
113,36908837027816;405307,6538712044;6737706,537413966;14,0;23085,654296875;14,0;Estrela
113,39772541347936;405307,6538712044;6737677,900370765;14,0;23085,654296875;14,0;Estrela
113,4382239199745;405279,0168280032;6737649,263327563;14,0;23085,76953125;14,0;Estrela
113,46686096317572;405279,0168280032;6737620,626284362;14,0;23085,76953125;14,0;Estrela
113,49549800637692;405279,0168280032;6737591,989241161;14,0;23085,77734375;14,0;Estrela
113,52413504957812;405279,0168280032;6737563,35219796;14,0;23085,77734375;14,0;Estrela
113,55277209277932;405279,0168280032;6737534,715154759;14,0;23085,77734375;14,0;Estrela
113,58140913598054;405279,0168280032;6737506,078111557;14,0;23085,77734375;14,0;Estrela
113,61004617918174;405279,0168280032;6737477,441068356;14,0;23085,779296875;14,0;Estrela
113,63868322238294;405279,0168280032;6737448,804025155;14,0;23085,78125;14,0;Estrela
113,66732026558415;405279,0168280032;6737420,166981954;14,0;23085,78125;14,0;Estrela
113,69595730878535;405279,0168280032;6737391,529938753;14,0;23085,78125;14,0;Estrela
113,72459435198655;405279,0168280032;6737362,892895551;14,0;23085,783203125;14,0;Estrela
113,75323139518775;405279,0168280032;6737334,25585235;14,0;23085,78515625;14,0;Estrela
113,78186843838897;405279,0168280032;6737305,618809149;14,0;23085,78515625;14,0;Lajeado
113,81050548159017;405279,0168280032;6737276,981765947;14,0;23085,78515625;14,0;Lajeado
113,83914252479137;405279,0168280032;6737248,344722747;14,0;23085,78515625;14,0;Lajeado
113,86777956799257;405279,0168280032;6737219,7076795455;14,0;23086,8828125;14,0;Lajeado
113,90827807448773;405307,6538712044;6737191,070636344;14,0;23086,919921875;14,0;Lajeado
113,94877658098287;405336,2909144056;6737162,433593143;14,0;23087,41796875;14,0;Lajeado
113,98927508747802;405364,9279576068;6737133,796549941;14,0;23087,53125;14,0;Lajeado
114,02977359397316;405393,565000808;6737105,15950674;14,0;23087,5390625;14,0;Lajeado
114,07027210046832;405422,20204400923;6737076,52246354;14,0;23087,5546875;14,0;Lajeado
114,11077060696346;405450,8390872104;6737047,885420338;14,0;23087,57421875;14,0;Lajeado
114,15126911345861;405479,4761304116;6737019,248377137;14,0;23087,66796875;14,0;Lajeado
114,19176761995375;405508,11317361286;6736990,6113339355;14,0;23087,68359375;14,0;Lajeado
114,2322661264489;405536,75021681405;6736961,974290734;14,699999809265137;23087,693359375;14,0;Lajeado
114,27276463294405;405565,38726001524;6736933,337247534;14,850000381469727;23087,7109375;14,0;Lajeado
114,3132631394392;405594,0243032164;6736904,700204332;14,729999542236328;23087,7265625;14,0;Lajeado
114,35376164593434;405622,6613464176;6736876,063161131;14,380000114440918;23087,783203125;14,0;Lajeado
114,39426015242948;405651,29838961887;6736847,42611793;14,0;23087,90625;14,0;Lajeado
114,43475865892464;405679,93543282006;6736818,789074728;14,0;23087,9921875;14,0;Lajeado
114,47525716541978;405708,57247602125;6736790,152031527;14,0;23088,015625;14,0;Lajeado
114,50389420862099;405708,57247602125;6736761,5149883265;14,0;23088,017578125;14,0;Lajeado
114,54439271511613;405737,2095192225;6736732,877945125;14,109999656677246;23088,029296875;14,0;Lajeado
114,58489122161129;405765,8465624237;6736704,240901924;14,180000305175781;23088,07421875;14,0;Lajeado
114,62538972810643;405794,4836056249;6736675,603858722;14,109999656677246;23088,08984375;14,0;Lajeado
114,65402677130763;405794,4836056249;6736646,966815521;14,109999656677246;23088,09765625;14,0;Lajeado
114,69452527780278;405823,12064882607;6736618,32977232;14,0;23088,111328125;14,0;Lajeado
114,73502378429792;405851,75769202725;6736589,692729119;14,0;23088,1328125;14,0;Lajeado
114,77552229079308;405880,3947352285;6736561,055685918;14,0;23088,1484375;14,0;Lajeado
114,80415933399428;405880,3947352285;6736532,4186427165;14,210000038146973;23088,15234375;14,0;Lajeado
114,83279637719548;405880,3947352285;6736503,781599515;14,270000457763672;23088,162109375;14,0;Lajeado
114,87329488369063;405909,0317784297;6736475,144556314;14,630000114440918;23088,1796875;14,0;Lajeado
114,90193192689183;405909,0317784297;6736446,507513112;14,319999694824219;23088,181640625;14,0;Lajeado
114,93056897009303;405909,0317784297;6736417,870469912;14,0;23088,181640625;14,0;Lajeado
114,95920601329425;405909,0317784297;6736389,233426711;14,0;23088,181640625;13,98;Cruzeiro do Sul
114,98784305649545;405909,0317784297;6736360,596383509;14,0;23088,18359375;13,96;Cruzeiro do Sul
115,01648009969665;405909,0317784297;6736331,959340308;14,0;23088,185546875;13,94;Cruzeiro do Sul
115,04511714289785;405909,0317784297;6736303,3222971065;14,0;23088,185546875;13,92;Cruzeiro do Sul
115,07375418609907;405909,0317784297;6736274,685253905;14,0;23088,185546875;13,9;Cruzeiro do Sul
115,10239122930027;405909,0317784297;6736246,048210705;14,0;23088,1875;13,88;Cruzeiro do Sul
115,13102827250147;405909,0317784297;6736217,411167503;14,0;23088,189453125;13,86;Cruzeiro do Sul
115,15966531570267;405909,0317784297;6736188,774124302;14,0;23329,263671875;13,84;Cruzeiro do Sul
115,20016382219782;405880,3947352285;6736160,137081101;14,0;23329,28125;13,82;Cruzeiro do Sul
115,24066232869296;405851,75769202725;6736131,500037899;14,0;23329,2890625;13,8;Cruzeiro do Sul
115,28116083518812;405823,12064882607;6736102,862994699;14,0;23329,30078125;13,78;Cruzeiro do Sul
115,32165934168326;405794,4836056249;6736074,225951497;14,0;23329,306640625;13,76;Cruzeiro do Sul
115,36215784817841;405765,8465624237;6736045,588908296;14,0;23329,314453125;13,74;Cruzeiro do Sul
115,40265635467355;405737,2095192225;6736016,951865095;14,0;23329,3203125;13,72;Cruzeiro do Sul
115,44315486116871;405708,57247602125;6735988,314821893;14,0;23329,35546875;13,7;Cruzeiro do Sul
115,48365336766385;405679,93543282006;6735959,677778692;14,0;23329,36328125;13,68;Cruzeiro do Sul
115,524151874159;405651,29838961887;6735931,040735492;14,0;23329,369140625;13,66;Cruzeiro do Sul
115,56465038065414;405622,6613464176;6735902,40369229;14,0;23329,375;13,64;Cruzeiro do Sul
115,6051488871493;405594,0243032164;6735873,766649089;14,0;23329,37890625;13,62;Cruzeiro do Sul
115,64564739364444;405565,38726001524;6735845,129605887;13,5;23329,39453125;13,6;Cruzeiro do Sul
115,67428443684564;405565,38726001524;6735816,492562686;13,5;23329,396484375;13,58;Cruzeiro do Sul
115,70292148004685;405565,38726001524;6735787,855519485;13,5;23329,396484375;13,56;Cruzeiro do Sul
115,73155852324805;405565,38726001524;6735759,218476284;13,5;23329,396484375;13,54;Cruzeiro do Sul
115,76019556644926;405565,38726001524;6735730,581433083;13,5;23329,3984375;13,52;Cruzeiro do Sul
115,78883260965046;405565,38726001524;6735701,944389882;13,5;23329,400390625;13,5;Estrela
115,81746965285167;405565,38726001524;6735673,30734668;13,5;23329,400390625;13,5;Estrela
115,84610669605287;405565,38726001524;6735644,670303479;13,5;23329,400390625;13,5;Estrela
115,87474373925407;405565,38726001524;6735616,0332602775;13,5;23330,30078125;13,5;Estrela
115,91524224574923;405536,75021681405;6735587,396217077;13,5;23330,310546875;13,5;Estrela
115,95574075224437;405508,11317361286;6735558,759173876;13,5;23330,330078125;13,5;Estrela
115,99623925873952;405479,4761304116;6735530,122130674;13,5;23330,345703125;13,5;Estrela
116,02487630194072;405479,4761304116;6735501,485087473;13,5;23330,43359375;13,5;Estrela
116,06537480843586;405450,8390872104;6735472,848044272;13,5;23330,45703125;13,5;Estrela
116,10587331493102;405422,20204400923;6735444,21100107;13,90999984741211;23330,470703125;13,5;Estrela
116,14637182142616;405393,565000808;6735415,57395787;13,84000015258789;23330,486328125;13,5;Estrela
116,18687032792131;405364,9279576068;6735386,936914668;13,5;23330,509765625;13,5;Estrela
116,22736883441645;405336,2909144056;6735358,299871467;13,5;23330,5234375;13,5;Estrela
116,25600587761765;405336,2909144056;6735329,662828266;13,5;23330,525390625;13,5;Estrela
116,29650438411281;405307,6538712044;6735301,025785064;13,5;23330,6171875;13,5;Estrela
116,33700289060795;405279,0168280032;6735272,388741864;13,5;23330,6328125;13,5;Estrela
116,3775013971031;405250,379784802;6735243,7516986625;13,5;23330,6484375;13,5;Estrela
116,41799990359824;405221,7427416008;6735215,114655461;13,5;23330,6640625;13,5;Estrela
116,4584984100934;405193,1056983996;6735186,47761226;13,5;23330,681640625;13,5;Estrela
116,49899691658854;405164,46865519835;6735157,840569058;13,5;23330,796875;13,5;Estrela
116,52763395978974;405164,46865519835;6735129,203525857;13,5;23330,8046875;13,5;Estrela
116,5681324662849;405135,83161199716;6735100,566482657;13,5;23330,875;13,5;Estrela
116,60863097278003;405107,19456879597;6735071,929439455;13,5;23330,912109375;13,5;Estrela
116,64912947927519;405078,5575255948;6735043,292396254;13,5;23330,939453125;13,5;Estrela
116,68962798577033;405049,9204823936;6735014,655353053;13,5;23330,955078125;13,5;Estrela
116,73012649226548;405021,28343919234;6734986,018309851;13,5;23330,970703125;13,5;Estrela
116,75876353546668;405021,28343919234;6734957,38126665;13,5;23330,9765625;13,5;Estrela
116,79926204196184;404992,64639599115;6734928,744223449;13,5;23331,0;13,5;Estrela
116,83976054845698;404964,00935278996;6734900,107180248;13,5;23331,021484375;13,5;Estrela
116,86839759165818;404964,00935278996;6734871,470137047;13,5;23331,025390625;13,5;Estrela
116,8970346348594;404964,00935278996;6734842,833093845;13,5;23331,02734375;13,5;Estrela
116,9256716780606;404964,00935278996;6734814,196050644;13,5;23331,029296875;13,5;Estrela
116,9543087212618;404964,00935278996;6734785,559007443;13,5;23331,03125;13,5;Estrela
116,982945764463;404964,00935278996;6734756,921964242;13,5;23331,033203125;13,5;Estrela
117,01158280766421;404964,00935278996;6734728,284921041;13,5;23331,03515625;13,5;Estrela
117,04021985086541;404964,00935278996;6734699,647877839;13,5;23331,130859375;13,5;Estrela
117,06885689406661;404964,00935278996;6734671,010834638;13,5;23331,1328125;13,5;Estrela
117,09749393726781;404964,00935278996;6734642,373791437;13,5;23331,1328125;13,5;Estrela
117,12613098046903;404964,00935278996;6734613,736748235;13,5;23331,1328125;13,5;Estrela
117,15476802367023;404964,00935278996;6734585,099705035;13,5;23331,134765625;13,5;Estrela
117,18340506687143;404964,00935278996;6734556,4626618335;13,5;23331,134765625;13,5;Estrela
117,21204211007264;404964,00935278996;6734527,825618632;13,5;23331,134765625;13,5;Estrela
117,24067915327385;404964,00935278996;6734499,188575431;13,5;23331,13671875;13,5;Estrela
117,26931619647505;404964,00935278996;6734470,551532229;13,5;23331,138671875;13,5;Estrela
117,29795323967625;404964,00935278996;6734441,914489029;13,5;23331,138671875;13,5;Cruzeiro do Sul
117,32659028287746;404964,00935278996;6734413,277445828;13,5;23331,138671875;13,5;Cruzeiro do Sul
117,35522732607866;404964,00935278996;6734384,640402626;13,5;23349,220703125;13,5;Cruzeiro do Sul
117,38386436927986;404964,00935278996;6734356,003359425;13,5;23349,23046875;13,5;Cruzeiro do Sul
117,41250141248106;404964,00935278996;6734327,3663162235;13,5;23349,23046875;13,5;Cruzeiro do Sul
117,44113845568228;404964,00935278996;6734298,729273022;13,5;23349,24609375;13,5;Cruzeiro do Sul
117,46977549888348;404964,00935278996;6734270,092229822;13,5;23349,25390625;13,5;Cruzeiro do Sul
117,51027400537862;404992,64639599115;6734241,45518662;13,5;23349,279296875;13,5;Cruzeiro do Sul
117,55077251187377;405021,28343919234;6734212,818143419;13,5;23349,29296875;13,5;Cruzeiro do Sul
117,57940955507497;405021,28343919234;6734184,181100218;13,5;23349,29296875;13,5;Cruzeiro do Sul
117,60804659827618;405021,28343919234;6734155,544057016;13,5;23349,3984375;13,5;Cruzeiro do Sul
117,64854510477133;405049,9204823936;6734126,907013815;13,5;23349,41015625;13,5;Cruzeiro do Sul
117,67718214797253;405049,9204823936;6734098,269970614;13,5;23349,412109375;13,5;Cruzeiro do Sul
117,70581919117373;405049,9204823936;6734069,632927413;13,5;23349,41796875;13,5;Cruzeiro do Sul
117,74631769766889;405078,5575255948;6734040,995884212;13,5;23349,4609375;13,5;Cruzeiro do Sul
117,77495474087009;405078,5575255948;6734012,35884101;13,5;23349,462890625;13,5;Cruzeiro do Sul
117,81545324736524;405107,19456879597;6733983,721797809;13,5;23349,5;13,5;Cruzeiro do Sul
117,84409029056644;405107,19456879597;6733955,084754608;13,5;23349,5;13,5;Cruzeiro do Sul
117,87272733376764;405107,19456879597;6733926,447711407;13,739999771118164;23349,5;13,5;Cruzeiro do Sul
117,90136437696884;405107,19456879597;6733897,810668206;13,5;23349,5;13,5;Cruzeiro do Sul
117,93000142017006;405107,19456879597;6733869,1736250045;13,5;23349,501953125;13,5;Cruzeiro do Sul
117,95863846337126;405107,19456879597;6733840,536581803;13,5;23349,548828125;13,5;Cruzeiro do Sul
117,9991369698664;405135,83161199716;6733811,899538602;13,5;23349,572265625;13,5;Cruzeiro do Sul
118,03963547636155;405164,46865519835;6733783,2624954;13,5;23349,59375;13,5;Cruzeiro do Sul
118,06827251956275;405164,46865519835;6733754,6254522;13,5;23349,599609375;13,5;Cruzeiro do Sul
118,09690956276395;405164,46865519835;6733725,988408999;13,5;23349,6015625;13,5;Cruzeiro do Sul
118,12554660596517;405164,46865519835;6733697,351365797;13,5;23349,609375;13,5;Cruzeiro do Sul
118,16604511246031;405193,1056983996;6733668,714322596;13,5;23350,220703125;13,5;Cruzeiro do Sul
118,20654361895546;405221,7427416008;6733640,0772793945;13,5;23350,3125;13,5;Cruzeiro do Sul
118,2470421254506;405250,379784802;6733611,440236194;13,5;23350,33203125;13,5;Cruzeiro do Sul
118,2756791686518;405250,379784802;6733582,803192993;13,5;23350,33984375;13,5;Cruzeiro do Sul
118,30431621185302;405250,379784802;6733554,166149791;13,5;23350,341796875;13,5;Cruzeiro do Sul
118,34481471834816;405279,0168280032;6733525,52910659;13,5;23350,361328125;13,5;Cruzeiro do Sul
118,37345176154936;405279,0168280032;6733496,892063389;13,5;23350,36328125;13,5;Cruzeiro do Sul
118,40208880475058;405279,0168280032;6733468,255020187;13,8100004196167;23350,390625;13,5;Cruzeiro do Sul
118,44258731124572;405307,6538712044;6733439,617976987;13,5;23350,41796875;13,5;Cruzeiro do Sul
118,48308581774087;405336,2909144056;6733410,980933785;13,5;23350,4375;13,5;Cruzeiro do Sul
118,51172286094207;405336,2909144056;6733382,343890584;13,5;23350,44140625;13,5;Cruzeiro do Sul
118,54035990414327;405336,2909144056;6733353,706847383;13,5;23350,443359375;13,5;Cruzeiro do Sul
118,56899694734447;405336,2909144056;6733325,069804181;13,5;23350,4453125;13,5;Cruzeiro do Sul
118,59763399054569;405336,2909144056;6733296,43276098;13,5;23350,447265625;13,5;Cruzeiro do Sul
118,62627103374689;405336,2909144056;6733267,79571778;13,5;23350,470703125;13,5;Cruzeiro do Sul
118,66676954024203;405364,9279576068;6733239,158674578;13,5;23350,498046875;13,5;Cruzeiro do Sul
118,69540658344324;405364,9279576068;6733210,521631377;13,5;23350,501953125;13,5;Cruzeiro do Sul
118,72404362664444;405364,9279576068;6733181,884588175;13,989999771118164;23350,505859375;13,5;Cruzeiro do Sul
118,76454213313959;405393,565000808;6733153,247544974;13,5;23350,525390625;13,5;Cruzeiro do Sul
118,7931791763408;405393,565000808;6733124,610501773;13,5;23350,52734375;13,5;Cruzeiro do Sul
118,821816219542;405393,565000808;6733095,973458572;13,5;23350,529296875;13,5;Cruzeiro do Sul
118,8504532627432;405393,565000808;6733067,336415371;13,5;23350,529296875;13,5;Cruzeiro do Sul
118,87909030594442;405393,565000808;6733038,69937217;13,5;23350,529296875;13,5;Cruzeiro do Sul
118,90772734914562;405393,565000808;6733010,062328968;13,5;23350,7265625;13,5;Cruzeiro do Sul
118,93636439234682;405393,565000808;6732981,425285767;13,890000343322754;23350,734375;13,5;Cruzeiro do Sul
118,97686289884197;405422,20204400923;6732952,7882425655;13,5;23350,771484375;13,5;Cruzeiro do Sul
119,00549994204317;405422,20204400923;6732924,151199365;13,5;23350,775390625;13,5;Cruzeiro do Sul
119,03413698524437;405422,20204400923;6732895,514156164;13,5;23350,78125;13,5;Cruzeiro do Sul
119,07463549173953;405450,8390872104;6732866,877112962;13,5;23350,80859375;13,5;Cruzeiro do Sul
119,10327253494073;405450,8390872104;6732838,240069761;13,5;23350,810546875;13,5;Cruzeiro do Sul
119,13190957814193;405450,8390872104;6732809,60302656;13,5;23350,814453125;13,5;Cruzeiro do Sul
119,16054662134313;405450,8390872104;6732780,965983359;13,5;23350,81640625;13,5;Cruzeiro do Sul
119,18918366454434;405450,8390872104;6732752,328940158;13,5;23350,822265625;13,5;Cruzeiro do Sul
119,21782070774555;405450,8390872104;6732723,691896956;13,5;23350,82421875;13,5;Cruzeiro do Sul
119,24645775094675;405450,8390872104;6732695,054853755;13,5;23350,826171875;13,5;Cruzeiro do Sul
119,27509479414795;405450,8390872104;6732666,417810554;13,5;23350,828125;13,5;Cruzeiro do Sul
119,30373183734916;405450,8390872104;6732637,780767352;13,5;23350,833984375;13,5;Cruzeiro do Sul
119,33236888055036;405450,8390872104;6732609,143724152;13,5;23350,833984375;13,5;Cruzeiro do Sul
119,36100592375156;405450,8390872104;6732580,5066809505;13,5;23350,841796875;13,5;Cruzeiro do Sul
119,38964296695278;405450,8390872104;6732551,869637749;13,5;23350,841796875;13,5;Cruzeiro do Sul
119,41828001015398;405450,8390872104;6732523,232594548;13,5;23350,84375;13,5;Cruzeiro do Sul
119,44691705335518;405450,8390872104;6732494,595551346;13,5;23350,84375;13,5;Cruzeiro do Sul
119,47555409655638;405450,8390872104;6732465,958508145;13,5;23350,84375;13,5;Cruzeiro do Sul
119,5041911397576;405450,8390872104;6732437,321464945;13,5;23350,845703125;13,5;Cruzeiro do Sul
119,5328281829588;405450,8390872104;6732408,684421743;13,5;23350,84765625;13,5;Cruzeiro do Sul
119,56146522616;405450,8390872104;6732380,047378542;13,5;23350,84765625;13,5;Cruzeiro do Sul
119,5901022693612;405450,8390872104;6732351,410335341;13,5;23350,84765625;13,5;Cruzeiro do Sul
119,61873931256241;405450,8390872104;6732322,773292139;13,5;23350,849609375;13,5;Cruzeiro do Sul
119,64737635576361;405450,8390872104;6732294,136248938;13,5;23350,849609375;13,5;Cruzeiro do Sul
119,67601339896481;405450,8390872104;6732265,499205737;13,5;23350,849609375;13,5;Cruzeiro do Sul
119,70465044216603;405450,8390872104;6732236,862162536;13,5;23350,849609375;13,5;Cruzeiro do Sul
119,73328748536723;405450,8390872104;6732208,225119335;13,5;23350,8515625;13,5;Cruzeiro do Sul
119,76192452856843;405450,8390872104;6732179,588076133;13,5;23350,853515625;13,5;Cruzeiro do Sul
119,79056157176963;405450,8390872104;6732150,951032932;13,5;23350,853515625;13,5;Cruzeiro do Sul
119,81919861497084;405450,8390872104;6732122,313989731;13,5;23350,853515625;13,5;Cruzeiro do Sul
119,84783565817204;405450,8390872104;6732093,67694653;13,5;23350,85546875;13,5;Cruzeiro do Sul
119,87647270137325;405450,8390872104;6732065,039903329;13,5;23350,857421875;13,5;Cruzeiro do Sul
119,90510974457445;405450,8390872104;6732036,402860127;13,5;23350,857421875;13,5;Estrela
119,93374678777566;405450,8390872104;6732007,765816926;13,5;23350,857421875;13,5;Estrela
119,96238383097686;405450,8390872104;6731979,128773725;13,5;23350,857421875;13,5;Estrela
119,99102087417806;405450,8390872104;6731950,491730524;13,5;23350,859375;13,5;Estrela
120,01965791737928;405450,8390872104;6731921,854687323;13,5;23350,859375;13,5;Estrela
120,04829496058048;405450,8390872104;6731893,2176441215;13,5;23350,859375;13,5;Estrela
120,07693200378168;405450,8390872104;6731864,58060092;13,5;23350,861328125;13,5;Estrela
120,10556904698288;405450,8390872104;6731835,943557719;13,5;23350,86328125;13,5;Estrela
120,1342060901841;405450,8390872104;6731807,306514517;13,5;23350,86328125;13,5;Estrela
120,1628431333853;405450,8390872104;6731778,669471317;13,5;23350,86328125;13,5;Estrela
120,1914801765865;405450,8390872104;6731750,032428116;13,5;23350,865234375;13,5;Estrela
120,2201172197877;405450,8390872104;6731721,395384914;13,5;23350,8671875;13,5;Estrela
120,24875426298891;405450,8390872104;6731692,758341713;13,5;23350,8671875;13,5;Estrela
120,27739130619011;405450,8390872104;6731664,1212985115;13,5;23350,8671875;13,5;Estrela
120,30602834939131;405450,8390872104;6731635,48425531;13,5;23350,8671875;13,5;Estrela
120,33466539259253;405450,8390872104;6731606,84721211;13,5;23350,869140625;13,5;Estrela
120,36330243579373;405450,8390872104;6731578,210168908;13,5;23350,869140625;13,5;Estrela
120,39193947899493;405450,8390872104;6731549,573125707;13,5;23350,869140625;13,5;Estrela
120,42057652219613;405450,8390872104;6731520,936082506;13,5;23350,87109375;13,5;Estrela
120,44921356539734;405450,8390872104;6731492,299039304;13,5;23350,875;13,5;Estrela
120,47785060859854;405450,8390872104;6731463,661996103;13,5;23359,23828125;13,5;Estrela
120,50648765179974;405450,8390872104;6731435,024952902;13,5;23359,23828125;13,5;Estrela
120,53512469500095;405450,8390872104;6731406,387909701;13,5;23359,2421875;13,5;Estrela
120,56376173820216;405450,8390872104;6731377,7508665;13,5;23359,248046875;13,5;Estrela
120,59239878140336;405450,8390872104;6731349,113823298;13,5;23359,25390625;13,5;Estrela
120,6328972878985;405422,20204400923;6731320,476780097;13,5;23614,169921875;13,5;Estrela
120,66153433109972;405422,20204400923;6731291,839736896;13,5;23614,173828125;13,5;Estrela
120,69017137430092;405422,20204400923;6731263,202693695;13,5;23614,1796875;13,5;Estrela
120,73066988079606;405393,565000808;6731234,565650494;13,5;23614,236328125;13,5;Estrela
120,77116838729121;405364,9279576068;6731205,9286072925;13,5;23614,296875;13,5;Estrela
120,81166689378635;405336,2909144056;6731177,291564091;13,5;23614,326171875;13,5;Estrela
120,84030393698757;405336,2909144056;6731148,65452089;13,5;23614,345703125;13,5;Estrela
120,86894098018877;405336,2909144056;6731120,017477689;13,5;23614,349609375;13,5;Estrela
120,90943948668391;405307,6538712044;6731091,380434488;13,5;23614,375;13,5;Estrela
120,93807652988512;405307,6538712044;6731062,743391287;13,5;23614,375;13,5;Estrela
120,96671357308632;405307,6538712044;6731034,106348085;13,5;23614,384765625;13,5;Estrela
120,99535061628752;405307,6538712044;6731005,469304884;13,5;23614,384765625;13,5;Estrela
121,02398765948872;405307,6538712044;6730976,8322616825;13,5;23614,4375;13,5;Estrela
121,06448616598388;405279,0168280032;6730948,195218482;13,5;23614,927734375;13,5;Estrela
121,09312320918508;405279,0168280032;6730919,558175281;13,979999542236328;23614,9296875;13,5;Estrela
121,13362171568023;405250,379784802;6730890,921132079;13,5;23614,96484375;13,5;Estrela
121,17412022217538;405221,7427416008;6730862,284088878;13,5;23615,001953125;13,5;Estrela
121,20275726537658;405221,7427416008;6730833,647045677;13,5;23615,00390625;13,5;Estrela
121,24325577187173;405193,1056983996;6730805,010002475;13,5;23615,658203125;13,5;Estrela
121,27189281507293;405193,1056983996;6730776,372959275;13,5;23615,66796875;13,5;Estrela
121,30052985827413;405193,1056983996;6730747,735916073;13,5;23615,66796875;13,5;Estrela
121,34102836476929;405164,46865519835;6730719,098872872;13,850000381469727;23615,70703125;13,5;Estrela
121,38152687126443;405135,83161199716;6730690,461829671;13,5;23615,736328125;13,5;Estrela
121,42202537775958;405107,19456879597;6730661,824786469;13,5;23615,76171875;13,5;Estrela
121,46252388425472;405078,5575255948;6730633,187743268;13,5;23616,044921875;13,5;Estrela
121,49116092745594;405078,5575255948;6730604,550700068;13,5;23616,044921875;13,5;Estrela
121,51979797065714;405078,5575255948;6730575,913656866;13,5;23616,046875;13,5;Estrela
121,54843501385834;405078,5575255948;6730547,276613665;13,5;23616,046875;13,5;Estrela
121,57707205705954;405078,5575255948;6730518,639570463;13,5;23616,05078125;13,5;Estrela
121,6175705635547;405049,9204823936;6730490,002527262;13,5;23616,076171875;13,5;Estrela
121,65806907004983;405021,28343919234;6730461,365484061;13,5;23616,09375;13,5;Estrela
121,68670611325105;405021,28343919234;6730432,72844086;13,5;23616,09375;13,5;Estrela
121,71534315645225;405021,28343919234;6730404,091397659;13,5;23616,095703125;13,5;Estrela
121,74398019965345;405021,28343919234;6730375,454354458;13,989999771118164;23616,099609375;13,5;Estrela
121,77261724285465;405021,28343919234;6730346,817311256;13,869999885559082;23616,103515625;13,5;Estrela
121,80125428605587;405021,28343919234;6730318,180268055;13,75;23616,103515625;13,5;Estrela
121,82989132925707;405021,28343919234;6730289,543224854;13,779999732971191;23616,103515625;13,5;Estrela
121,85852837245827;405021,28343919234;6730260,906181653;13,710000038146973;23616,107421875;13,5;Estrela
121,88716541565947;405021,28343919234;6730232,269138452;13,5;23616,107421875;13,5;Estrela
121,91580245886068;405021,28343919234;6730203,63209525;13,5;23616,107421875;13,5;Estrela
121,94443950206188;405021,28343919234;6730174,995052049;13,5;23616,107421875;13,5;Estrela
121,97307654526308;405021,28343919234;6730146,358008848;13,5;23616,109375;13,5;Estrela
122,0017135884643;405021,28343919234;6730117,720965647;13,5;23616,3125;13,5;Estrela
122,0303506316655;405021,28343919234;6730089,083922446;13,5;23616,328125;13,5;Estrela
122,07084913816064;404992,64639599115;6730060,446879244;13,5;23616,353515625;13,5;Estrela
122,09948618136185;404992,64639599115;6730031,809836043;13,5;23616,361328125;13,5;Estrela
122,12812322456305;404992,64639599115;6730003,172792842;13,5;23616,36328125;13,5;Estrela
122,15676026776426;404992,64639599115;6729974,53574964;13,5;23616,3671875;13,5;Estrela
122,19725877425941;404964,00935278996;6729945,89870644;13,5;23616,40625;13,5;Estrela
122,22589581746061;404964,00935278996;6729917,2616632385;13,5;23616,408203125;13,5;Estrela
122,25453286066181;404964,00935278996;6729888,624620037;13,859999656677246;23616,41015625;13,5;Estrela
122,28316990386301;404964,00935278996;6729859,987576836;13,859999656677246;23616,4375;13,5;Estrela
122,32366841035817;404935,37230958877;6729831,350533634;13,5;23616,470703125;13,5;Estrela
122,35230545355937;404935,37230958877;6729802,713490433;13,5;23616,474609375;13,5;Estrela
122,39280396005452;404906,7352663876;6729774,076447233;13,5;23616,505859375;13,5;Estrela
122,42144100325572;404906,7352663876;6729745,439404031;13,5;23616,5078125;13,5;Estrela
122,46193950975086;404878,09822318633;6729716,80236083;13,5;23616,541015625;13,5;Estrela
122,49057655295208;404878,09822318633;6729688,1653176285;13,5;23616,5546875;13,5;Estrela
122,51921359615328;404878,09822318633;6729659,528274427;13,5;23616,560546875;13,5;Estrela
122,54785063935448;404878,09822318633;6729630,891231226;13,5;23616,5625;13,5;Estrela
122,57648768255568;404878,09822318633;6729602,254188025;13,5;23616,583984375;13,5;Estrela
122,6051247257569;404878,09822318633;6729573,617144824;13,5;23616,5859375;13,5;Estrela
122,6337617689581;404878,09822318633;6729544,980101623;13,5;23616,591796875;13,5;Estrela
122,6623988121593;404878,09822318633;6729516,343058421;13,5;23616,6015625;13,5;Estrela
122,70289731865445;404849,46117998514;6729487,70601522;13,5;23616,673828125;13,5;Estrela
122,73153436185565;404849,46117998514;6729459,0689720195;13,5;23616,68359375;13,5;Estrela
122,77203286835079;404820,82413678395;6729430,431928818;13,5;23617,60546875;13,5;Estrela
122,800669911552;404820,82413678395;6729401,794885617;13,5;23617,60546875;13,5;Estrela
122,8293069547532;404820,82413678395;6729373,157842415;13,5;23617,609375;13,5;Estrela
122,85794399795441;404820,82413678395;6729344,520799214;13,5;23617,630859375;13,5;Estrela
122,89844250444956;404792,1870935827;6729315,883756013;13,5;23617,6640625;13,5;Estrela
122,92707954765076;404792,1870935827;6729287,246712812;13,5;23617,671875;13,5;Estrela
122,95571659085196;404792,1870935827;6729258,609669611;13,5;23617,671875;13,5;Estrela
122,98435363405318;404792,1870935827;6729229,9726264095;13,5;23617,67578125;13,5;Estrela
123,01299067725438;404792,1870935827;6729201,335583208;13,5;23617,6796875;13,5;Estrela
123,04162772045558;404792,1870935827;6729172,698540007;13,5;23617,68359375;13,5;Estrela
123,07026476365678;404792,1870935827;6729144,061496805;13,5;23617,685546875;13,5;Estrela
123,11076327015193;404763,5500503815;6729115,424453605;13,5;23617,89453125;13,5;Estrela
123,15126177664708;404734,9130071803;6729086,787410404;13,5;23617,931640625;13,5;Estrela
123,17989881984829;404734,9130071803;6729058,150367202;13,5;23617,93359375;13,5;Estrela
123,22039732634343;404706,27596397913;6729029,513324001;13,5;23617,9765625;13,5;Estrela
123,26089583283857;404677,63892077794;6729000,8762807995;13,5;23618,01953125;13,5;Estrela
123,30139433933373;404649,0018775767;6728972,239237598;13,5;23618,853515625;13,5;Estrela
123,33003138253493;404649,0018775767;6728943,602194398;13,5;23618,857421875;13,5;Estrela
123,35866842573613;404649,0018775767;6728914,965151196;13,5;23618,869140625;13,5;Estrela
123,39916693223128;404620,3648343755;6728886,328107995;13,5;23618,912109375;13,5;Estrela
123,43966543872642;404591,7277911743;6728857,691064794;13,5;23618,955078125;13,5;Estrela
123,48016394522158;404563,09074797307;6728829,054021592;13,5;23618,990234375;13,5;Estrela
123,50880098842278;404563,09074797307;6728800,416978391;13,5;23618,99609375;13,5;Estrela
123,54929949491793;404534,4537047719;6728771,77993519;13,5;23619,044921875;13,5;Estrela
123,57793653811913;404534,4537047719;6728743,142891989;13,5;23619,048828125;13,5;Estrela
123,61843504461427;404505,8166615707;6728714,505848788;13,5;23619,107421875;13,5;Estrela
123,64707208781549;404505,8166615707;6728685,868805586;13,5;23619,111328125;13,5;Estrela
123,68757059431063;404477,1796183695;6728657,231762385;13,5;23619,138671875;13,5;Estrela
123,72806910080578;404448,5425751683;6728628,594719185;13,5;23619,1796875;13,5;Estrela
123,76856760730092;404419,90553196706;6728599,957675983;13,5;23619,203125;13,5;Estrela
123,79720465050212;404419,90553196706;6728571,320632782;13,5;23619,20703125;13,5;Estrela
123,83770315699728;404391,26848876587;6728542,6835895805;13,5;23619,236328125;13,5;Estrela
123,86634020019848;404391,26848876587;6728514,046546379;13,5;23619,240234375;13,5;Estrela
123,89497724339968;404391,26848876587;6728485,409503178;13,5;23619,24609375;13,5;Estrela
123,93547574989483;404362,6314455647;6728456,772459977;13,5;23619,2734375;13,5;Estrela
123,97597425638997;404333,9944023635;6728428,135416776;13,5;23619,291015625;13,5;Estrela
124,01647276288513;404305,35735916224;6728399,498373575;13,5;23619,318359375;13,5;Estrela
124,05697126938027;404276,72031596105;6728370,861330373;13,5;23619,341796875;13,5;Estrela
124,08560831258147;404276,72031596105;6728342,224287172;13,5;23619,359375;13,5;Estrela
124,12610681907663;404248,08327275986;6728313,5872439705;13,5;23619,373046875;13,5;Estrela
124,16660532557177;404219,44622955867;6728284,95020077;13,5;23619,392578125;13,5;Estrela
124,20710383206692;404190,8091863574;6728256,313157569;13,5;23619,41015625;13,5;Estrela
124,24760233856206;404162,17214315623;6728227,676114367;13,5;23619,431640625;13,5;Estrela
124,28810084505722;404133,53509995504;6728199,039071166;13,5;23619,453125;13,5;Estrela
124,31673788825842;404133,53509995504;6728170,402027965;13,5;23619,45703125;13,5;Estrela
124,35723639475356;404104,89805675385;6728141,764984763;13,5;23619,470703125;13,5;Estrela
124,39773490124871;404076,26101355266;6728113,127941563;13,5;23619,501953125;13,5;Estrela
124,43823340774385;404047,6239703514;6728084,490898361;13,5;23619,517578125;13,5;Estrela
124,46687045094507;404047,6239703514;6728055,85385516;13,5;23619,525390625;13,5;Estrela
124,5073689574402;404018,9869271502;6728027,216811959;13,5;23619,5390625;13,5;Estrela
124,54786746393536;403990,34988394903;6727998,579768757;13,5;23620,107421875;13,5;Estrela
124,5883659704305;403961,7128407478;6727969,942725556;13,5;23620,12890625;13,5;Estrela
124,6170030136317;403961,7128407478;6727941,305682356;13,5;23620,1328125;13,5;Estrela
124,65750152012686;403933,0757975466;6727912,668639154;13,5;23620,1484375;13,5;Estrela
124,68613856332806;403933,0757975466;6727884,031595953;13,5;23620,16015625;13,5;Estrela
124,72663706982321;403904,4387543454;6727855,394552751;13,5;23620,177734375;13,5;Estrela
124,76713557631835;403875,8017111442;6727826,75750955;13,5;23620,20703125;13,5;Estrela
124,8076340828135;403847,164667943;6727798,12046635;13,5;23620,2265625;13,5;Estrela
124,84813258930865;403818,5276247418;6727769,483423148;13,5;23620,248046875;13,5;Estrela
124,88863109580379;403789,8905815406;6727740,846379947;13,5;23620,296875;13,5;Estrela
124,92912960229894;403761,2535383394;6727712,209336746;13,5;23620,626953125;13,5;Estrela
124,96962810879408;403732,61649513815;6727683,572293544;13,5;23620,650390625;13,5;Estrela
125,01012661528924;403703,97945193696;6727654,935250343;13,5;23620,671875;13,5;Estrela
125,05062512178438;403675,34240873577;6727626,298207142;13,5;23620,69140625;13,5;Estrela
125,09112362827953;403646,7053655346;6727597,661163941;13,5;23620,70703125;13,5;Estrela
125,13162213477467;403618,0683223334;6727569,02412074;13,5;23620,724609375;13,5;Estrela
125,17212064126983;403589,43127913214;6727540,387077538;13,5;23620,73828125;13,5;Estrela
125,20075768447103;403589,43127913214;6727511,750034337;13,5;23620,759765625;13,5;Estrela
125,24125619096617;403560,79423593095;6727483,112991136;13,5;23620,775390625;13,5;Estrela
125,28175469746132;403532,15719272976;6727454,475947935;13,5;23620,7890625;13,5;Estrela
125,32225320395646;403503,5201495286;6727425,838904734;13,5;23620,802734375;13,5;Estrela
125,35089024715768;403503,5201495286;6727397,201861532;13,5;23620,8046875;13,5;Estrela
125,37952729035888;403503,5201495286;6727368,564818331;13,5;23620,806640625;13,5;Estrela
125,40816433356008;403503,5201495286;6727339,92777513;13,5;23620,810546875;13,5;Estrela
125,44866284005523;403474,8831063273;6727311,290731928;13,5;23620,826171875;13,5;Estrela
125,48916134655038;403446,24606312613;6727282,653688728;13,5;23620,84375;13,5;Estrela
125,52965985304553;403417,60901992494;6727254,0166455265;13,5;23620,859375;13,5;Estrela
125,55829689624673;403417,60901992494;6727225,379602325;13,869999885559082;23620,86328125;13,5;Estrela
125,59879540274187;403388,97197672375;6727196,742559124;13,5;23620,880859375;13,5;Estrela
125,63929390923703;403360,3349335225;6727168,105515922;13,5;23620,8984375;13,5;Estrela
125,67979241573217;403331,6978903213;6727139,468472721;13,5;23620,92578125;13,5;Estrela
125,70842945893337;403331,6978903213;6727110,831429521;13,5;23620,9296875;13,5;Estrela
125,73706650213458;403331,6978903213;6727082,194386319;13,5;23620,931640625;13,5;Estrela
125,76570354533578;403331,6978903213;6727053,557343118;13,5;23620,931640625;13,5;Estrela
125,80620205183092;403303,0608471201;6727024,9202999165;13,5;23620,951171875;13,5;Estrela
125,84670055832608;403274,42380391894;6726996,283256715;13,5;23620,974609375;13,5;Estrela
125,87533760152728;403274,42380391894;6726967,646213515;13,5;23620,978515625;13,5;Estrela
125,91583610802243;403245,78676071775;6726939,009170313;13,5;23620,994140625;13,5;Estrela
125,94447315122363;403245,78676071775;6726910,372127112;13,5;23621,0;13,5;Estrela
125,97311019442483;403245,78676071775;6726881,735083911;13,5;23621,01171875;13,5;Estrela
126,00174723762603;403245,78676071775;6726853,098040709;13,5;23621,013671875;13,5;Estrela
126,04224574412119;403217,1497175165;6726824,460997508;13,5;23621,037109375;13,5;Estrela
126,07088278732239;403217,1497175165;6726795,8239543075;13,5;23621,037109375;13,48;Estrela
126,09951983052359;403217,1497175165;6726767,186911106;13,5;23621,041015625;13,46;Estrela
126,1281568737248;403217,1497175165;6726738,549867905;13,5;23621,041015625;13,44;Estrela
126,156793916926;403217,1497175165;6726709,912824703;13,5;23621,041015625;13,42;Estrela
126,1854309601272;403217,1497175165;6726681,275781502;13,5;23621,041015625;13,4;Estrela
126,21406800332842;403217,1497175165;6726652,638738301;13,5;23621,04296875;13,38;Estrela
126,24270504652962;403217,1497175165;6726624,0016951;13,5;23621,044921875;13,36;Estrela
126,27134208973082;403217,1497175165;6726595,364651899;13,5;23621,044921875;13,34;Estrela
126,29997913293202;403217,1497175165;6726566,7276086975;13,5;23621,044921875;13,32;Estrela
126,32861617613324;403217,1497175165;6726538,090565496;13,5;23621,046875;13,3;Estrela
126,35725321933444;403217,1497175165;6726509,453522295;13,5;23621,048828125;13,28;Estrela
126,38589026253564;403217,1497175165;6726480,816479093;13,5;23621,048828125;13,26;Estrela
126,41452730573684;403217,1497175165;6726452,179435893;13,5;23621,048828125;13,24;Estrela
126,44316434893805;403217,1497175165;6726423,542392692;13,5;23621,048828125;13,22;Estrela
126,47180139213926;403217,1497175165;6726394,90534949;13,5;23621,05078125;13,2;Estrela
126,50043843534046;403217,1497175165;6726366,268306289;13,5;23621,05078125;13,18;Estrela
126,52907547854167;403217,1497175165;6726337,6312630875;13,5;23621,2890625;13,16;Estrela
126,56957398503681;403245,78676071775;6726308,994219886;13,5;23621,33203125;13,14;Estrela
126,61007249153195;403274,42380391894;6726280,357176686;13,5;23621,361328125;13,12;Estrela
126,6505709980271;403303,0608471201;6726251,720133484;13,0;23621,373046875;13,1;Estrela
126,69106950452225;403331,6978903213;6726223,083090283;13,0;23621,38671875;13,08;Estrela
126,7315680110174;403360,3349335225;6726194,446047082;13,0;23621,3984375;13,06;Estrela
126,77206651751254;403388,97197672375;6726165,80900388;13,0;23621,447265625;13,04;Estrela
126,8125650240077;403417,60901992494;6726137,17196068;13,0;23621,46484375;13,02;Estrela
126,85306353050284;403446,24606312613;6726108,534917478;13,0;23621,478515625;13,0;Estrela
126,88170057370405;403474,8831063273;6726108,534917478;13,0;23621,48046875;13,0;Estrela
126,91033761690525;403503,5201495286;6726108,534917478;13,0;23621,486328125;13,0;Estrela
126,95083612340039;403532,15719272976;6726079,897874277;13,0;23621,49609375;13,0;Estrela
126,97947316660161;403560,79423593095;6726079,897874277;13,0;23621,50390625;13,0;Estrela
127,01997167309675;403589,43127913214;6726051,260831076;13,0;23621,58203125;13,0;Estrela
127,04860871629795;403618,0683223334;6726051,260831076;13,0;23621,587890625;13,0;Estrela
127,07724575949916;403646,7053655346;6726051,260831076;13,0;23621,58984375;13,0;Estrela
127,10588280270036;403675,34240873577;6726051,260831076;13,0;23621,591796875;13,0;Estrela
127,13451984590156;403703,97945193696;6726051,260831076;13,0;23621,595703125;13,0;Estrela
127,16315688910277;403732,61649513815;6726051,260831076;13,0;23621,595703125;13,0;Estrela
127,19179393230398;403761,2535383394;6726051,260831076;13,0;23621,599609375;13,0;Estrela
127,22043097550518;403789,8905815406;6726051,260831076;13,0;23621,6015625;13,0;Estrela
127,26092948200032;403818,5276247418;6726022,623787874;13,0;23621,615234375;13,0;Estrela
127,28956652520154;403847,164667943;6726022,623787874;13,0;23621,6171875;13,0;Estrela
127,31820356840274;403875,8017111442;6726022,623787874;13,0;23621,619140625;13,0;Estrela
127,34684061160394;403904,4387543454;6726022,623787874;13,0;23621,62109375;13,0;Estrela
127,37547765480514;403933,0757975466;6726022,623787874;13,0;23621,62109375;13,0;Estrela
127,40411469800635;403961,7128407478;6726022,623787874;13,0;23621,62109375;13,0;Estrela
127,43275174120755;403990,34988394903;6726022,623787874;13,0;23621,623046875;13,0;Estrela
127,46138878440875;404018,9869271502;6726022,623787874;13,0;23622,306640625;13,0;Estrela
127,50188729090391;404047,6239703514;6725993,986744673;13,0;23622,333984375;13,0;Estrela
127,53052433410511;404076,26101355266;6725993,986744673;13,0;23622,3359375;13,0;Estrela
127,55916137730631;404104,89805675385;6725993,986744673;13,0;23622,341796875;13,0;Estrela
127,58779842050753;404133,53509995504;6725993,986744673;13,0;23622,451171875;13,0;Estrela
127,61643546370873;404162,17214315623;6725993,986744673;13,0;23622,455078125;13,0;Estrela
127,64507250690993;404190,8091863574;6725993,986744673;13,0;23622,45703125;13,0;Estrela
127,67370955011113;404219,44622955867;6725993,986744673;13,0;23622,45703125;13,0;Estrela
127,70234659331234;404248,08327275986;6725993,986744673;13,0;23622,4609375;13,0;Estrela
127,73098363651354;404276,72031596105;6725993,986744673;13,0;23622,462890625;13,0;Estrela
127,75962067971474;404305,35735916224;6725993,986744673;13,0;23622,474609375;13,0;Estrela
127,8001191862099;404333,9944023635;6725965,349701473;13,0;23622,505859375;13,0;Estrela
127,8287562294111;404362,6314455647;6725965,349701473;13,0;23622,521484375;13,0;Estrela
127,86925473590624;404391,26848876587;6725936,712658271;13,0;23622,560546875;13,0;Estrela
127,89789177910745;404419,90553196706;6725936,712658271;13,0;23622,564453125;13,0;Estrela
127,9383902856026;404448,5425751683;6725908,07561507;13,0;23622,595703125;13,0;Estrela
127,9670273288038;404477,1796183695;6725908,07561507;13,0;23622,599609375;13,0;Estrela
127,99566437200501;404505,8166615707;6725908,07561507;13,0;23622,603515625;13,0;Estrela
128,0243014152062;404534,4537047719;6725908,07561507;13,0;23622,61328125;13,0;Estrela
128,06479992170136;404563,09074797307;6725879,438571868;13,0;23622,654296875;13,0;Estrela
128,09343696490257;404591,7277911743;6725879,438571868;13,0;23622,66015625;13,0;Estrela
128,1339354713977;404620,3648343755;6725850,801528667;13,0;23622,6953125;13,0;Estrela
128,1625725145989;404649,0018775767;6725850,801528667;13,0;23622,697265625;13,0;Estrela
128,20307102109405;404677,63892077794;6725822,164485466;13,0;23622,73046875;13,0;Estrela
128,23170806429528;404706,27596397913;6725822,164485466;13,0;23622,734375;13,0;Estrela
128,27220657079042;404734,9130071803;6725793,527442265;13,0;23622,76171875;13,0;Estrela
128,31270507728556;404763,5500503815;6725764,890399064;13,0;23622,798828125;13,0;Estrela
128,3532035837807;404792,1870935827;6725736,253355863;13,0;23622,826171875;13,0;Estrela
128,39370209027587;404820,82413678395;6725707,616312661;13,0;23622,84765625;13,0;Estrela
128,434200596771;404849,46117998514;6725678,97926946;13,0;23622,865234375;13,0;Estrela
128,47469910326615;404878,09822318633;6725650,3422262585;13,0;23622,88671875;13,0;Estrela
128,5151976097613;404906,7352663876;6725621,705183058;13,0;23622,9453125;13,0;Estrela
128,55569611625643;404935,37230958877;6725593,068139857;13,0;23622,953125;13,0;Estrela
128,5961946227516;404964,00935278996;6725564,431096655;13,0;23622,97265625;13,0;Estrela
128,63669312924674;404992,64639599115;6725535,794053454;13,0;23622,990234375;13,0;Estrela
128,67719163574188;405021,28343919234;6725507,157010253;13,0;23623,005859375;13,0;Estrela
128,71769014223702;405049,9204823936;6725478,519967051;13,0;23623,025390625;13,0;Estrela
128,7581886487322;405078,5575255948;6725449,882923851;13,0;23623,03515625;13,0;Estrela
128,79868715522733;405107,19456879597;6725421,245880649;13,0;23623,04296875;13,0;Estrela
128,83918566172247;405135,83161199716;6725392,608837448;13,0;23623,0859375;13,0;Estrela
128,8796841682176;405164,46865519835;6725363,971794247;13,0;23623,09765625;13,0;Estrela
128,92018267471278;405193,1056983996;6725335,334751045;13,0;23623,11328125;13,0;Estrela
128,96068118120792;405221,7427416008;6725306,697707845;13,0;23623,126953125;13,0;Estrela
129,00117968770306;405250,379784802;6725278,0606646435;13,0;23623,138671875;13,0;Estrela
129,0416781941982;405279,0168280032;6725249,423621442;13,0;23623,16015625;13,0;Estrela
129,08217670069334;405307,6538712044;6725220,786578241;13,0;23623,173828125;13,0;Estrela
129,1226752071885;405336,2909144056;6725192,149535039;13,0;23623,203125;13,0;Estrela
129,16317371368365;405364,9279576068;6725163,512491838;13,0;23623,236328125;13,0;Estrela
129,2036722201788;405393,565000808;6725134,875448638;13,0;23623,24609375;13,0;Estrela
129,24417072667393;405422,20204400923;6725106,238405436;13,0;23623,259765625;13,0;Estrela
129,2846692331691;405450,8390872104;6725077,601362235;13,0;23623,271484375;13,0;Estrela
129,32516773966424;405479,4761304116;6725048,964319034;13,0;23623,279296875;13,0;Estrela
129,36566624615938;405508,11317361286;6725020,327275832;13,0;23623,302734375;13,0;Estrela
129,40616475265452;405536,75021681405;6724991,690232631;13,0;23623,3203125;13,0;Estrela
129,4466632591497;405565,38726001524;6724963,05318943;13,0;23623,328125;13,0;Estrela
129,48716176564483;405594,0243032164;6724934,416146229;13,0;23623,337890625;13,0;Estrela
129,52766027213997;405622,6613464176;6724905,779103028;13,0;23623,36328125;13,0;Estrela
129,5681587786351;405651,29838961887;6724877,142059826;13,0;23623,376953125;13,0;Estrela
129,60865728513025;405679,93543282006;6724848,505016625;13,0;23623,39453125;13,0;Estrela
129,64915579162542;405708,57247602125;6724819,867973424;13,0;23623,421875;13,0;Estrela
129,68965429812056;405737,2095192225;6724791,230930223;13,0;23623,439453125;13,0;Estrela
129,71829134132176;405765,8465624237;6724791,230930223;13,0;23623,4453125;13,0;Estrela
129,7587898478169;405794,4836056249;6724762,593887022;13,0;23623,470703125;13,0;Estrela
129,79928835431207;405823,12064882607;6724733,95684382;13,0;23623,48828125;13,0;Estrela
129,82792539751327;405851,75769202725;6724733,95684382;13,0;23623,490234375;13,0;Estrela
129,85656244071447;405880,3947352285;6724733,95684382;13,5600004196167;23623,5078125;13,0;Estrela
129,8970609472096;405909,0317784297;6724705,319800619;13,0;23623,521484375;13,0;Estrela
129,9256979904108;405937,6688216309;6724705,319800619;13,989999771118164;23623,52734375;13,0;Estrela
129,96619649690595;405966,3058648321;6724676,682757418;13,100000381469727;23623,546875;13,0;Estrela
129,99483354010718;405994,94290803326;6724676,682757418;13,329999923706055;23623,55078125;13,0;Estrela
130,02347058330838;406023,5799512345;6724676,682757418;13,699999809265137;23623,55859375;13,0;Estrela
130,06396908980352;406052,2169944357;6724648,045714216;13,819999694824219;23623,58203125;13,0;Estrela
130,10446759629866;406080,8540376369;6724619,408671016;13,0;23623,59375;13,0;Estrela
130,13310463949986;406109,49108083814;6724619,408671016;13,0;23623,61328125;13,0;Estrela
130,16174168270106;406138,12812403933;6724619,408671016;13,819999694824219;23623,625;13,0;Estrela
130,20224018919623;406166,7651672405;6724590,7716278145;13,0;23623,6484375;13,0;Estrela
130,24273869569137;406195,4022104417;6724562,134584613;13,0;23623,666015625;13,0;Estrela
130,27137573889257;406224,0392536429;6724562,134584613;13,0;23623,66796875;13,0;Estrela
130,30001278209377;406252,67629684415;6724562,134584613;13,0;23623,671875;13,0;Estrela
130,32864982529497;406281,31334004534;6724562,134584613;13,0;23623,67578125;13,0;Estrela
130,36914833179014;406309,9503832465;6724533,497541412;13,0;23623,724609375;13,0;Estrela
130,39778537499134;406338,5874264478;6724533,497541412;13,0;23623,7265625;13,0;Estrela
130,42642241819254;406367,22446964897;6724533,497541412;13,0;23623,728515625;13,0;Estrela
130,45505946139374;406395,86151285016;6724533,497541412;13,739999771118164;23623,732421875;13,0;Estrela
130,49555796788889;406424,49855605135;6724504,86049821;13,0;23623,775390625;13,0;Estrela
130,5241950110901;406453,13559925254;6724504,86049821;13,0;23623,78125;13,0;Estrela
130,5528320542913;406481,7726424538;6724504,86049821;13,0;23623,783203125;13,0;Estrela
130,58146909749252;406510,409685655;6724504,86049821;13,0;23623,78515625;13,0;Estrela
130,61010614069372;406539,04672885616;6724504,86049821;13,0;23623,787109375;13,0;Estrela
130,63874318389492;406567,6837720574;6724504,86049821;13,449999809265137;23623,791015625;13,0;Estrela
130,67924169039006;406596,3208152586;6724476,22345501;13,0;23623,810546875;13,0;Estrela
130,70787873359126;406624,9578584598;6724476,22345501;13,0;23623,8125;12,992799987792969;Estrela
130,73651577679246;406653,594901661;6724476,22345501;13,0;23623,8125;12,985599975585938;Estrela
130,76515281999366;406682,2319448622;6724476,22345501;13,0;23623,8125;12,965599975585938;Estrela
130,7937898631949;406710,8689880634;6724476,22345501;13,0;23623,814453125;12,935599975585937;Estrela
130,8224269063961;406739,5060312646;6724476,22345501;13,0;23623,814453125;12,895599975585938;Estrela
130,8510639495973;406768,1430744658;6724476,22345501;13,0;23623,814453125;12,855599975585937;Estrela
130,8797009927985;406796,780117667;6724476,22345501;13,0;23623,814453125;12,815599975585938;Estrela
130,9083380359997;406825,4171608682;6724476,22345501;13,0;23623,81640625;12,755599975585938;Estrela
130,9369750792009;406854,0542040694;6724476,22345501;13,0;23623,818359375;12,695599975585937;Estrela
130,9656121224021;406882,6912472706;6724476,22345501;13,0;23623,818359375;12,635599975585938;Estrela
130,99424916560332;406911,3282904718;6724476,22345501;13,0;23623,818359375;12,575599975585938;Estrela
131,02288620880452;406939,96533367306;6724476,22345501;13,0;23623,822265625;12,495599975585938;Estrela
131,05152325200572;406968,60237687425;6724476,22345501;13,0;23623,88671875;12,415599975585938;Estrela
131,0801602952069;406997,23942007544;6724476,22345501;13,0;23623,888671875;12,335599975585938;Estrela
131,1087973384081;407025,8764632766;6724476,22345501;13,0;23623,888671875;12,255599975585938;Estrela
131,1374343816093;407054,5135064778;6724476,22345501;13,0;23623,888671875;12,155599975585938;Estrela
131,16607142481047;407083,15054967906;6724476,22345501;13,0;23623,888671875;12,055599975585938;Estrela
131,19470846801167;407111,78759288025;6724476,22345501;13,4399995803833;23623,916015625;11,955599975585937;Estrela
131,2352069745068;407140,42463608144;6724447,586411809;13,0;23623,95703125;11,835599975585938;Estrela
131,27570548100195;407169,0616792827;6724418,949368607;12,819999694824219;23624,001953125;11,715599975585938;Estrela
131,30434252420315;407197,6987224839;6724418,949368607;12,920000076293945;23624,00390625;11,595599975585937;Estrela
131,3448410306983;407226,3357656851;6724390,312325406;12,5;23624,05078125;11,455599975585937;Estrela
131,38533953719346;407254,97280888626;6724361,6752822045;12,25;23659,6796875;11,315599975585938;Estrela
131,4258380436886;407283,60985208745;6724333,038239003;12,0;23659,72265625;11,175599975585937;Estrela
131,45447508688977;407312,2468952887;6724333,038239003;12,0;23659,724609375;11,035599975585937;Estrela
131,48311213009097;407340,8839384899;6724333,038239003;12,0;23659,732421875;10,88279998779297;Estrela
131,5236106365861;407369,5209816911;6724304,401195803;11,5;23659,78515625;10,73;Estrela
131,5522476797873;407398,1580248923;6724304,401195803;11,5;23659,7890625;10,59;Estrela
131,5808847229885;407426,7950680935;6724304,401195803;11,5;23659,7890625;10,46;Estrela
131,6095217661897;407455,4321112947;6724304,401195803;11,5;23659,791015625;10,32;Estrela
131,6381588093909;407484,0691544959;6724304,401195803;11,0;23659,794921875;10,18;Estrela
131,66679585259206;407512,7061976971;6724304,401195803;11,0;23659,80078125;10,02;Estrela
131,70729435908723;407541,34324089834;6724275,764152601;11,0;23659,814453125;9,88;Estrela
131,7359314022884;407569,9802840995;6724275,764152601;11,0;23659,814453125;9,74;Estrela
131,7645684454896;407598,6173273007;6724275,764152601;10,5;23659,81640625;9,6;Estrela
131,79320548869077;407627,2543705019;6724275,764152601;10,5;23659,8203125;9,46;Estrela
131,82184253189197;407655,8914137031;6724275,764152601;10,5;23659,822265625;9,34;Estrela
131,85047957509317;407684,52845690434;6724275,764152601;10,0;23659,83203125;9,22;Estrela
131,89097808158832;407713,16550010553;6724247,1271094;10,0;23659,837890625;9,1;Estrela
131,91961512478952;407741,8025433067;6724247,1271094;10,0;23659,837890625;8,98;Estrela
131,9482521679907;407770,439586508;6724247,1271094;9,5;23660,0234375;8,88;Estrela
131,9768892111919;407799,07662970916;6724247,1271094;9,5;23660,029296875;8,78;Estrela
132,01738771768703;407827,71367291035;6724218,490066199;9,5;23660,1328125;8,68;Estrela
132,04602476088823;407856,35071611154;6724218,490066199;9,5;23660,138671875;8,6;Estrela
132,0746618040894;407884,98775931273;6724218,490066199;9,0;23660,138671875;8,52;Bom Retiro do Sul
132,1032988472906;407913,624802514;6724218,490066199;9,0;23660,142578125;8,44;Bom Retiro do Sul
132,1319358904918;407942,26184571517;6724218,490066199;9,0;23660,14453125;8,38;Bom Retiro do Sul
132,16057293369298;407970,89888891636;6724218,490066199;9,0;23660,1484375;8,32;Bom Retiro do Sul
132,18920997689418;407999,5359321176;6724218,490066199;8,5;23660,15234375;8,26;Bom Retiro do Sul
132,22970848338932;408028,1729753188;6724189,853022997;8,5;23660,169921875;8,2;Bom Retiro do Sul
132,25834552659052;408056,81001852;6724189,853022997;8,0;23660,169921875;8,16;Bom Retiro do Sul
132,2869825697917;408085,4470617212;6724189,853022997;8,0;23660,171875;8,12;Bom Retiro do Sul
132,3156196129929;408114,08410492237;6724189,853022997;8,0;23660,173828125;8,08;Bom Retiro do Sul
132,3442566561941;408142,7211481236;6724189,853022997;8,0;23660,17578125;8,04;Bom Retiro do Sul
132,37289369939526;408171,3581913248;6724189,853022997;8,0;23660,177734375;8,02;Bom Retiro do Sul
132,40153074259646;408199,995234526;6724189,853022997;8,0;23660,220703125;8,0;Bom Retiro do Sul
132,43016778579764;408228,63227772724;6724189,853022997;8,0;23660,22265625;8,0;Bom Retiro do Sul
132,45880482899884;408257,26932092843;6724189,853022997;8,0;23660,23046875;8,0;Bom Retiro do Sul
132,49930333549398;408285,9063641296;6724161,215979796;8,0;23660,240234375;8,0;Bom Retiro do Sul
132,53980184198912;408314,5434073308;6724132,5789365955;8,0;23660,361328125;8,0;Bom Retiro do Sul
132,5803003484843;408343,180450532;6724103,941893394;8,0;23662,548828125;8,0;Bom Retiro do Sul
132,62079885497943;408371,81749373325;6724075,304850193;8,0;23662,607421875;8,0;Bom Retiro do Sul
132,66129736147457;408400,45453693444;6724046,667806991;8,0;23662,671875;8,0;Bom Retiro do Sul
132,7017958679697;408429,09158013563;6724018,03076379;8,0;23662,6953125;8,0;Bom Retiro do Sul
132,74229437446488;408457,7286233368;6723989,393720589;8,0;23662,78125;8,0;Cruzeiro do Sul
132,78279288096002;408486,365666538;6723960,756677388;8,0;23662,796875;8,0;Cruzeiro do Sul
132,82329138745516;408515,00270973926;6723932,119634187;8,0;23662,814453125;8,0;Cruzeiro do Sul
132,8637898939503;408543,63975294045;6723903,4825909855;8,0;23662,845703125;8,0;Cruzeiro do Sul
132,90428840044547;408572,27679614164;6723874,845547784;8,0;23662,86328125;8,0;Cruzeiro do Sul
132,9447869069406;408600,9138393429;6723846,208504583;8,0;23662,87890625;8,0;Cruzeiro do Sul
132,98528541343575;408629,5508825441;6723817,571461381;8,0;23662,890625;8,0;Cruzeiro do Sul
133,0257839199309;408658,18792574527;6723788,934418181;8,0;23662,90625;8,0;Cruzeiro do Sul
133,06628242642603;408686,82496894646;6723760,29737498;8,0;23662,939453125;8,0;Cruzeiro do Sul
133,1067809329212;408715,46201214765;6723731,660331778;8,0;23662,951171875;8,0;Cruzeiro do Sul
133,14727943941634;408744,0990553489;6723703,023288577;8,0;23662,966796875;8,0;Cruzeiro do Sul
133,18777794591148;408772,7360985501;6723674,3862453755;8,0;23662,9765625;8,0;Cruzeiro do Sul
133,22827645240662;408801,3731417513;6723645,749202175;8,0;23663,0;8,0;Cruzeiro do Sul
133,2687749589018;408830,0101849525;6723617,112158974;8,0;23663,013671875;8,0;Cruzeiro do Sul
133,30927346539693;408858,6472281537;6723588,475115772;8,0;23663,021484375;8,0;Cruzeiro do Sul
133,34977197189207;408887,2842713549;6723559,838072571;8,0;23692,97265625;8,0;Cruzeiro do Sul
133,37840901509327;408887,2842713549;6723531,20102937;8,0;23692,974609375;8,0;Cruzeiro do Sul
133,40704605829444;408887,2842713549;6723502,563986168;8,0;23693,013671875;8,0;Cruzeiro do Sul
133,4475445647896;408915,9213145561;6723473,926942968;8,0;23693,02734375;8,0;Cruzeiro do Sul
133,47618160799078;408915,9213145561;6723445,289899766;8,0;23693,03125;8,0;Cruzeiro do Sul
133,50481865119198;408915,9213145561;6723416,652856565;8,0;23693,033203125;8,0;Cruzeiro do Sul
133,54531715768712;408944,5583577573;6723388,015813364;8,0;23693,080078125;8,0;Cruzeiro do Sul
133,57395420088832;408944,5583577573;6723359,378770162;8,0;23693,080078125;8,0;Cruzeiro do Sul
133,6025912440895;408944,5583577573;6723330,741726961;8,0;23693,09765625;8,0;Cruzeiro do Sul
133,6312282872907;408944,5583577573;6723302,104683761;8,0;23693,103515625;8,0;Cruzeiro do Sul
133,67172679378584;408973,19540095853;6723273,467640559;8,0;23693,12109375;8,0;Cruzeiro do Sul
133,70036383698704;408973,19540095853;6723244,830597358;8,0;23693,123046875;8,0;Cruzeiro do Sul
133,7290008801882;408973,19540095853;6723216,193554156;8,0;23693,125;8,0;Cruzeiro do Sul
133,7576379233894;408973,19540095853;6723187,556510955;8,0;23693,12890625;8,0;Cruzeiro do Sul
133,7862749665906;408973,19540095853;6723158,919467754;8,0;23693,12890625;8,0;Cruzeiro do Sul
133,81491200979178;408973,19540095853;6723130,282424553;8,0;23693,130859375;8,0;Cruzeiro do Sul
133,84354905299298;408973,19540095853;6723101,645381352;8,0;23693,130859375;8,0;Cruzeiro do Sul
133,87218609619418;408973,19540095853;6723073,008338151;8,0;23693,146484375;8,0;Cruzeiro do Sul
133,90082313939536;408973,19540095853;6723044,371294949;8,0;23693,1484375;8,0;Cruzeiro do Sul
133,92946018259656;408973,19540095853;6723015,734251748;8,0;23693,1484375;8,0;Cruzeiro do Sul
133,95809722579773;408973,19540095853;6722987,0972085465;8,0;23693,1484375;8,0;Cruzeiro do Sul
133,98673426899893;408973,19540095853;6722958,460165346;8,0;23693,150390625;8,0;Cruzeiro do Sul
134,01537131220013;408973,19540095853;6722929,823122145;8,0;23693,15234375;8,0;Cruzeiro do Sul
134,0440083554013;408973,19540095853;6722901,186078943;8,0;23693,15234375;8,0;Cruzeiro do Sul
134,0726453986025;408973,19540095853;6722872,549035742;8,0;23693,15234375;8,0;Cruzeiro do Sul
134,1012824418037;408973,19540095853;6722843,911992541;8,0;23693,154296875;8,0;Cruzeiro do Sul
134,12991948500488;408973,19540095853;6722815,27494934;8,0;23694,21875;8,0;Cruzeiro do Sul
134,17041799150002;408944,5583577573;6722786,637906139;8,0;23694,2421875;8,0;Cruzeiro do Sul
134,21091649799519;408915,9213145561;6722758,000862937;8,0;23694,2578125;7,98;Cruzeiro do Sul
134,25141500449033;408887,2842713549;6722729,363819736;8,0;23694,291015625;7,96;Cruzeiro do Sul
134,29191351098547;408858,6472281537;6722700,726776535;8,0;23694,30859375;7,94;Cruzeiro do Sul
134,3324120174806;408830,0101849525;6722672,089733333;8,0;23694,333984375;7,92;Cruzeiro do Sul
134,37291052397578;408801,3731417513;6722643,452690133;8,0;23694,34375;7,9;Cruzeiro do Sul
134,41340903047092;408772,7360985501;6722614,8156469315;8,0;23694,36328125;7,88;Cruzeiro do Sul
134,4420460736721;408744,0990553489;6722614,8156469315;8,0;23694,3671875;7,86;Cruzeiro do Sul
134,48254458016726;408715,46201214765;6722586,17860373;8,0;23694,47265625;7,84;Cruzeiro do Sul
134,51118162336843;408686,82496894646;6722586,17860373;8,0;23694,4765625;7,82;Cruzeiro do Sul
134,53981866656963;408658,18792574527;6722586,17860373;8,0;23694,4765625;7,8;Cruzeiro do Sul
134,56845570977083;408629,5508825441;6722586,17860373;8,0;23694,494140625;7,78;Cruzeiro do Sul
134,597092752972;408600,9138393429;6722586,17860373;8,0;23694,5;7,76;Cruzeiro do Sul
134,6257297961732;408572,27679614164;6722586,17860373;8,0;23694,501953125;7,74;Cruzeiro do Sul
134,65436683937438;408543,63975294045;6722586,17860373;8,0;23694,50390625;7,72;Cruzeiro do Sul
134,68300388257558;408515,00270973926;6722586,17860373;8,0;23694,51953125;7,7;Cruzeiro do Sul
134,71164092577678;408486,365666538;6722586,17860373;8,0;23694,521484375;7,68;Cruzeiro do Sul
134,74027796897795;408457,7286233368;6722586,17860373;8,0;23694,52734375;7,66;Cruzeiro do Sul
134,76891501217915;408429,09158013563;6722586,17860373;8,0;23694,537109375;7,64;Cruzeiro do Sul
134,79755205538032;408400,45453693444;6722586,17860373;8,0;23694,537109375;7,62;Cruzeiro do Sul
134,82618909858152;408371,81749373325;6722586,17860373;7,5;23694,5390625;7,6;Cruzeiro do Sul
134,85482614178272;408343,180450532;6722586,17860373;7,5;23694,5390625;7,58;Cruzeiro do Sul
134,8834631849839;408314,5434073308;6722586,17860373;7,5;23694,5390625;7,56;Cruzeiro do Sul
134,9121002281851;408285,9063641296;6722586,17860373;7,5;23694,541015625;7,54;Cruzeiro do Sul
134,9407372713863;408257,26932092843;6722586,17860373;7,5;23694,54296875;7,52;Cruzeiro do Sul
134,96937431458747;408228,63227772724;6722586,17860373;7,5;23694,54296875;7,5;Cruzeiro do Sul
134,99801135778867;408199,995234526;6722586,17860373;7,5;23694,54296875;7,5;Cruzeiro do Sul
135,02664840098984;408171,3581913248;6722586,17860373;7,5;23694,544921875;7,5;Cruzeiro do Sul
135,05528544419104;408142,7211481236;6722586,17860373;7,5;23694,546875;7,5;Cruzeiro do Sul
135,08392248739224;408114,08410492237;6722586,17860373;7,5;23694,546875;7,5;Cruzeiro do Sul
135,11255953059342;408085,4470617212;6722586,17860373;7,5;23694,546875;7,5;Cruzeiro do Sul
135,14119657379462;408056,81001852;6722586,17860373;7,5;23694,546875;7,5;Cruzeiro do Sul
135,16983361699582;408028,1729753188;6722586,17860373;7,5;23694,548828125;7,5;Cruzeiro do Sul
135,198470660197;407999,5359321176;6722586,17860373;7,5;23694,548828125;7,5;Cruzeiro do Sul
135,2271077033982;407970,89888891636;6722586,17860373;7,5;23694,548828125;7,5;Cruzeiro do Sul
135,25574474659936;407942,26184571517;6722586,17860373;7,5;23694,55078125;7,5;Cruzeiro do Sul
135,28438178980056;407913,624802514;6722586,17860373;7,5;23694,552734375;7,5;Cruzeiro do Sul
135,31301883300176;407884,98775931273;6722586,17860373;7,5;23694,552734375;7,5;Cruzeiro do Sul
135,34165587620294;407856,35071611154;6722586,17860373;7,5;23694,552734375;7,5;Cruzeiro do Sul
135,37029291940414;407827,71367291035;6722586,17860373;7,5;23694,5546875;7,5;Cruzeiro do Sul
135,39892996260534;407799,07662970916;6722586,17860373;7,5;23695,515625;7,5;Cruzeiro do Sul
135,4275670058065;407770,439586508;6722586,17860373;7,5;23695,517578125;7,5;Cruzeiro do Sul
135,4562040490077;407741,8025433067;6722586,17860373;7,5;23695,658203125;7,5;Cruzeiro do Sul
135,48484109220888;407713,16550010553;6722586,17860373;7,5;23695,66015625;7,5;Cruzeiro do Sul
135,51347813541008;407684,52845690434;6722586,17860373;7,5;23695,666015625;7,5;Cruzeiro do Sul
135,54211517861128;407655,8914137031;6722586,17860373;7,889999866485596;23696,046875;7,5;Cruzeiro do Sul
135,58261368510642;407627,2543705019;6722557,541560529;7,5;23696,326171875;7,5;Cruzeiro do Sul
135,61125072830762;407598,6173273007;6722557,541560529;7,5;23696,328125;7,5;Cruzeiro do Sul
135,6398877715088;407569,9802840995;6722557,541560529;7,5;23696,3359375;7,5;Cruzeiro do Sul
135,68038627800394;407541,34324089834;6722528,904517327;7,5;23696,384765625;7,5;Cruzeiro do Sul
135,70902332120514;407512,7061976971;6722528,904517327;7,5;23696,38671875;7,5;Cruzeiro do Sul
135,74952182770028;407484,0691544959;6722500,267474126;7,5;23696,43359375;7,5;Cruzeiro do Sul
135,77815887090148;407455,4321112947;6722500,267474126;7,5;23696,435546875;7,5;Cruzeiro do Sul
135,80679591410268;407426,7950680935;6722500,267474126;7,5;23696,439453125;7,5;Cruzeiro do Sul
135,84729442059782;407398,1580248923;6722471,630430926;7,5;23696,490234375;7,5;Cruzeiro do Sul
135,875931463799;407369,5209816911;6722471,630430926;7,5;23696,490234375;7,5;Cruzeiro do Sul
135,91642997029416;407340,8839384899;6722442,993387724;7,5;23697,251953125;7,5;Cruzeiro do Sul
135,9569284767893;407312,2468952887;6722414,356344523;7,5;23697,89453125;7,5;Cruzeiro do Sul
135,99742698328444;407283,60985208745;6722385,719301322;7,5;23697,912109375;7,5;Cruzeiro do Sul
136,02606402648564;407254,97280888626;6722385,719301322;7,5;23697,916015625;7,5;Cruzeiro do Sul
136,06656253298078;407226,3357656851;6722357,08225812;7,5;23698,09375;7,5;Cruzeiro do Sul
136,10706103947592;407197,6987224839;6722328,445214919;7,5;23698,11328125;7,5;Cruzeiro do Sul
136,13569808267712;407169,0616792827;6722328,445214919;7,5;23698,130859375;7,5;Cruzeiro do Sul
136,17619658917226;407140,42463608144;6722299,808171718;7,5;23698,21875;7,5;Cruzeiro do Sul
136,2166950956674;407111,78759288025;6722271,171128517;7,5;23698,240234375;7,5;Cruzeiro do Sul
136,25719360216254;407083,15054967906;6722242,534085316;7,5;23698,26171875;7,5;Cruzeiro do Sul
136,2976921086577;407054,5135064778;6722213,897042114;7,5;23698,283203125;7,5;Cruzeiro do Sul
136,33819061515285;407025,8764632766;6722185,259998913;7,5;23698,3203125;7,5;Cruzeiro do Sul
136,378689121648;406997,23942007544;6722156,622955712;7,5;23698,34765625;7,5;Cruzeiro do Sul
136,4073261648492;406968,60237687425;6722156,622955712;7,5;23698,349609375;7,5;Cruzeiro do Sul
136,44782467134434;406939,96533367306;6722127,985912511;7,5;23698,365234375;7,5;Cruzeiro do Sul
136,48832317783948;406911,3282904718;6722099,34886931;7,5;23698,384765625;7,5;Cruzeiro do Sul
136,52882168433464;406882,6912472706;6722070,711826108;7,5;23698,400390625;7,5;Cruzeiro do Sul
136,56932019082979;406854,0542040694;6722042,074782907;7,5;23698,78125;7,5;Cruzeiro do Sul
136,60981869732493;406825,4171608682;6722013,437739706;7,5;23698,796875;7,5;Cruzeiro do Sul
136,65031720382007;406796,780117667;6721984,800696505;7,5;23698,8125;7,5;Cruzeiro do Sul
136,6908157103152;406768,1430744658;6721956,163653304;7,5;23698,828125;7,5;Cruzeiro do Sul
136,73131421681038;406739,5060312646;6721927,5266101025;7,5;23698,84375;7,5;Cruzeiro do Sul
136,77181272330552;406710,8689880634;6721898,889566901;7,5;23698,853515625;7,5;Cruzeiro do Sul
136,81231122980066;406682,2319448622;6721870,2525237;7,5;23698,87109375;7,5;Bom Retiro do Sul
136,8528097362958;406653,594901661;6721841,615480498;7,5;23698,880859375;7,5;Bom Retiro do Sul
136,89330824279097;406624,9578584598;6721812,978437298;7,5;23698,927734375;7,5;Bom Retiro do Sul
136,9338067492861;406596,3208152586;6721784,341394097;7,5;23698,9453125;7,5;Bom Retiro do Sul
136,97430525578125;406567,6837720574;6721755,704350895;7,5;23698,962890625;7,5;Bom Retiro do Sul
137,0148037622764;406539,04672885616;6721727,067307694;7,5;23698,974609375;7,5;Bom Retiro do Sul
137,05530226877156;406510,409685655;6721698,4302644925;7,5;23699,013671875;7,5;Bom Retiro do Sul
137,0958007752667;406481,7726424538;6721669,793221291;7,5;23699,04296875;7,5;Bom Retiro do Sul
137,13629928176184;406453,13559925254;6721641,156178091;7,5;23699,056640625;7,5;Bom Retiro do Sul
137,17679778825698;406424,49855605135;6721612,519134889;7,5;23699,0859375;7,5;Bom Retiro do Sul
137,21729629475212;406395,86151285016;6721583,882091688;7,5;23699,1015625;7,5;Bom Retiro do Sul
137,2577948012473;406367,22446964897;6721555,245048487;7,5;23699,115234375;7,5;Bom Retiro do Sul
137,29829330774243;406338,5874264478;6721526,608005285;7,5;23699,134765625;7,5;Bom Retiro do Sul
137,33879181423757;406309,9503832465;6721497,970962084;7,5;23699,154296875;7,5;Bom Retiro do Sul
137,3792903207327;406281,31334004534;6721469,333918883;7,5;23699,17578125;7,5;Bom Retiro do Sul
137,41978882722788;406252,67629684415;6721440,696875682;7,5;23699,1875;7,5;Bom Retiro do Sul
137,46028733372302;406224,0392536429;6721412,059832481;7,5;23699,236328125;7,5;Bom Retiro do Sul
137,4889243769242;406224,0392536429;6721383,422789279;7,5;23699,2421875;7,5;Bom Retiro do Sul
137,52942288341936;406195,4022104417;6721354,785746078;7,5;23699,26171875;7,5;Bom Retiro do Sul
137,5699213899145;406166,7651672405;6721326,148702877;7,5;23699,302734375;7,5;Bom Retiro do Sul
137,61041989640964;406138,12812403933;6721297,511659676;7,5;23699,31640625;7,5;Bom Retiro do Sul
137,63905693961084;406138,12812403933;6721268,874616475;7,5;23699,31640625;7,5;Bom Retiro do Sul
137,67955544610598;406109,49108083814;6721240,2375732735;7,5;23699,33984375;7,5;Bom Retiro do Sul
137,72005395260112;406080,8540376369;6721211,600530072;7,5;23699,353515625;7,5;Bom Retiro do Sul
137,76055245909626;406052,2169944357;6721182,963486871;7,5;23699,365234375;7,5;Bom Retiro do Sul
137,78918950229746;406052,2169944357;6721154,32644367;7,5;23699,37109375;7,5;Bom Retiro do Sul
137,8296880087926;406023,5799512345;6721125,689400469;7,5;23712,515625;7,5;Bom Retiro do Sul
137,87018651528777;405994,94290803326;6721097,052357268;7,5;23712,533203125;7,5;Bom Retiro do Sul
137,9106850217829;405966,3058648321;6721068,415314066;7,5;23712,55078125;7,5;Bom Retiro do Sul
137,93932206498408;405966,3058648321;6721039,778270865;7,5;23712,55078125;7,5;Bom Retiro do Sul
137,96795910818528;405966,3058648321;6721011,1412276635;7,5;23712,55859375;7,5;Bom Retiro do Sul
137,99659615138648;405966,3058648321;6720982,504184463;7,5;23712,55859375;7,5;Bom Retiro do Sul
138,02523319458766;405966,3058648321;6720953,867141262;7,5;23712,560546875;7,5;Bom Retiro do Sul
138,06573170108283;405937,6688216309;6720925,23009806;7,5;23712,591796875;7,5;Bom Retiro do Sul
138,094368744284;405937,6688216309;6720896,593054859;7,5;23712,59765625;7,5;Bom Retiro do Sul
138,13486725077914;405909,0317784297;6720867,956011658;7,5;23712,61328125;7,5;Bom Retiro do Sul
138,1753657572743;405880,3947352285;6720839,318968456;7,5;23712,630859375;7,5;Bom Retiro do Sul
138,20400280047548;405880,3947352285;6720810,681925256;7,5;23712,634765625;7,5;Bom Retiro do Sul
138,24450130697062;405851,75769202725;6720782,044882054;7,5;23712,65234375;7,5;Bom Retiro do Sul
138,27313835017182;405851,75769202725;6720753,407838853;7,5;23732,7578125;7,5;Bom Retiro do Sul
138,31363685666696;405823,12064882607;6720724,770795652;7,5;23732,771484375;7,5;Bom Retiro do Sul
138,34227389986816;405823,12064882607;6720696,13375245;7,5;23732,775390625;7,5;Bom Retiro do Sul
138,37091094306936;405823,12064882607;6720667,496709249;7,5;23732,787109375;7,5;Bom Retiro do Sul
138,4114094495645;405794,4836056249;6720638,859666049;7,5;23732,802734375;7,5;Bom Retiro do Sul
138,44004649276567;405794,4836056249;6720610,222622847;7,5;23732,810546875;7,5;Bom Retiro do Sul
138,48054499926084;405765,8465624237;6720581,585579646;7,5;23732,828125;7,5;Bom Retiro do Sul
138,52104350575598;405737,2095192225;6720552,948536444;7,5;23732,8515625;7,5;Bom Retiro do Sul
138,54968054895718;405737,2095192225;6720524,311493243;7,5;23732,85546875;7,5;Bom Retiro do Sul
138,57831759215836;405737,2095192225;6720495,674450042;7,5;23732,857421875;7,5;Bom Retiro do Sul
138,60695463535956;405737,2095192225;6720467,037406841;7,5;23732,861328125;7,5;Bom Retiro do Sul
138,6474531418547;405708,57247602125;6720438,40036364;7,5;23732,8828125;7,5;Bom Retiro do Sul
138,6760901850559;405708,57247602125;6720409,763320439;7,5;23732,88671875;7,5;Bom Retiro do Sul
138,71658869155104;405679,93543282006;6720381,126277237;7,5;23732,90625;7,5;Bom Retiro do Sul
138,7452257347522;405679,93543282006;6720352,489234036;7,5;23732,91015625;7,5;Bom Retiro do Sul
138,78572424124738;405651,29838961887;6720323,852190835;7,5;23733,83984375;7,5;Bom Retiro do Sul
138,82622274774252;405622,6613464176;6720295,215147634;7,5;23733,857421875;7,5;Bom Retiro do Sul
138,85485979094372;405622,6613464176;6720266,578104433;7,5;23733,865234375;7,5;Bom Retiro do Sul
138,89535829743886;405594,0243032164;6720237,941061231;7,5;23733,896484375;7,5;Bom Retiro do Sul
138,92399534064003;405594,0243032164;6720209,30401803;7,5;23733,904296875;7,5;Bom Retiro do Sul
138,9644938471352;405565,38726001524;6720180,666974829;7,5;23733,923828125;7,5;Bom Retiro do Sul
139,00499235363034;405536,75021681405;6720152,029931628;7,5;23733,947265625;7,5;Bom Retiro do Sul
139,04549086012548;405508,11317361286;6720123,392888427;7,5;23733,97265625;7,5;Bom Retiro do Sul
139,07412790332668;405508,11317361286;6720094,755845225;7,5;23733,974609375;7,5;Bom Retiro do Sul
139,11462640982182;405479,4761304116;6720066,118802024;7,5;23734,0;7,5;Bom Retiro do Sul
139,14326345302302;405479,4761304116;6720037,481758823;7,5;23734,001953125;7,5;Bom Retiro do Sul
139,1719004962242;405479,4761304116;6720008,844715621;7,5;23734,005859375;7,5;Bom Retiro do Sul
139,2005375394254;405479,4761304116;6719980,207672421;7,5;23734,0078125;7,5;Bom Retiro do Sul
139,24103604592054;405450,8390872104;6719951,5706292195;7,5;23734,31640625;7,5;Bom Retiro do Sul
139,28153455241568;405422,20204400923;6719922,933586018;7,5;23734,330078125;7,5;Bom Retiro do Sul
139,31017159561688;405422,20204400923;6719894,296542817;7,5;23734,3359375;7,5;Bom Retiro do Sul
139,35067010211202;405393,565000808;6719865,659499615;7,5;23734,35546875;7,5;Bom Retiro do Sul
139,39116860860716;405364,9279576068;6719837,022456414;7,5;23734,396484375;7,5;Bom Retiro do Sul
139,43166711510233;405336,2909144056;6719808,385413214;7,5;23734,416015625;7,48;Bom Retiro do Sul
139,4603041583035;405336,2909144056;6719779,748370012;7,5;23734,419921875;7,46;Bom Retiro do Sul
139,4889412015047;405336,2909144056;6719751,111326811;7,5;23734,421875;7,44;Bom Retiro do Sul
139,52943970799984;405307,6538712044;6719722,47428361;7,5;23734,4375;7,42;Bom Retiro do Sul
139,55807675120104;405307,6538712044;6719693,837240408;7,5;23734,455078125;7,4;Bom Retiro do Sul
139,59857525769618;405279,0168280032;6719665,200197207;7,5;23734,5234375;7,38;Bom Retiro do Sul
139,63907376419132;405250,379784802;6719636,563154006;7,5;23734,541015625;7,36;Bom Retiro do Sul
139,66771080739252;405250,379784802;6719607,926110805;7,5;23734,54296875;7,34;Bom Retiro do Sul
139,6963478505937;405250,379784802;6719579,289067604;7,5;23734,544921875;7,32;Bom Retiro do Sul
139,7249848937949;405250,379784802;6719550,652024402;7,5;23734,56640625;7,3;Bom Retiro do Sul
139,76548340029004;405221,7427416008;6719522,014981201;7,5;23734,59765625;7,28;Bom Retiro do Sul
139,8059819067852;405193,1056983996;6719493,3779380005;7,5;23734,615234375;7,26;Bom Retiro do Sul
139,84648041328035;405164,46865519835;6719464,740894799;7,5;23734,638671875;7,24;Bom Retiro do Sul
139,87511745648152;405164,46865519835;6719436,103851598;7,5;23734,64453125;7,22;Bom Retiro do Sul
139,90375449968272;405164,46865519835;6719407,466808396;7,5;23734,6484375;7,2;Bom Retiro do Sul
139,94425300617786;405135,83161199716;6719378,829765195;7,5;23734,689453125;7,18;Bom Retiro do Sul
139,97289004937906;405135,83161199716;6719350,192721994;7,5;23734,697265625;7,16;Bom Retiro do Sul
140,00152709258026;405135,83161199716;6719321,555678793;7,5;23734,70703125;7,14;Bom Retiro do Sul
140,03016413578143;405135,83161199716;6719292,918635592;7,5;23734,7109375;7,12;Bom Retiro do Sul
140,07066264227657;405107,19456879597;6719264,2815923905;7,0;23734,73046875;7,1;Bom Retiro do Sul
140,09929968547777;405107,19456879597;6719235,644549189;7,0;23734,732421875;7,08;Bom Retiro do Sul
140,13979819197291;405078,5575255948;6719207,007505988;7,0;23734,779296875;7,06;Bom Retiro do Sul
140,16843523517412;405078,5575255948;6719178,370462786;7,0;23734,779296875;7,04;Bom Retiro do Sul
140,1970722783753;405078,5575255948;6719149,733419586;7,0;23734,78125;7,02;Bom Retiro do Sul
140,23757078487046;405049,9204823936;6719121,096376385;7,0;23734,802734375;7,0;Bom Retiro do Sul
140,26620782807163;405049,9204823936;6719092,459333183;7,0;23734,806640625;7,0;Bom Retiro do Sul
140,3067063345668;405021,28343919234;6719063,822289982;7,0;24424,154296875;7,0;Bom Retiro do Sul
140,33534337776797;405021,28343919234;6719035,1852467805;7,0;24424,154296875;7,0;Bom Retiro do Sul
140,36398042096917;405021,28343919234;6719006,548203579;7,0;24424,162109375;7,0;Bom Retiro do Sul
140,4044789274643;404992,64639599115;6718977,911160379;7,0;24424,18359375;7,0;Bom Retiro do Sul
140,4331159706655;404992,64639599115;6718949,274117177;7,0;24424,185546875;7,0;Bom Retiro do Sul
140,46175301386668;404992,64639599115;6718920,637073976;7,0;24424,1875;7,0;Bom Retiro do Sul
140,49039005706788;404992,64639599115;6718892,000030775;7,0;24424,1875;7,0;Bom Retiro do Sul
140,51902710026908;404992,64639599115;6718863,362987573;7,0;24424,189453125;7,0;Bom Retiro do Sul
140,54766414347026;404992,64639599115;6718834,725944372;7,0;24424,19140625;7,0;Bom Retiro do Sul
140,57630118667146;404992,64639599115;6718806,088901171;7,0;24424,19140625;7,0;Bom Retiro do Sul
140,60493822987263;404992,64639599115;6718777,45185797;7,0;24424,19140625;7,0;Bom Retiro do Sul
140,63357527307383;404992,64639599115;6718748,814814769;7,0;24424,19140625;7,0;Bom Retiro do Sul
140,66221231627503;404992,64639599115;6718720,177771567;7,0;24424,193359375;7,0;Bom Retiro do Sul
140,6908493594762;404992,64639599115;6718691,540728366;7,0;24424,193359375;7,0;Bom Retiro do Sul
140,7194864026774;404992,64639599115;6718662,903685166;7,0;24424,193359375;7,0;Bom Retiro do Sul
140,7481234458786;404992,64639599115;6718634,266641964;7,0;24424,1953125;7,0;Bom Retiro do Sul
140,77676048907978;404992,64639599115;6718605,629598763;7,0;24424,197265625;7,0;Bom Retiro do Sul
140,80539753228098;404992,64639599115;6718576,9925555615;7,0;24424,197265625;7,0;Bom Retiro do Sul
140,83403457548215;404992,64639599115;6718548,35551236;7,0;24424,197265625;7,0;Bom Retiro do Sul
140,86267161868335;404992,64639599115;6718519,718469159;7,0;24424,19921875;7,0;Bom Retiro do Sul
140,89130866188455;404992,64639599115;6718491,081425958;7,0;24424,19921875;7,0;Bom Retiro do Sul
140,91994570508572;404992,64639599115;6718462,444382757;7,0;24424,19921875;7,0;Bom Retiro do Sul
140,94858274828692;404992,64639599115;6718433,807339556;7,0;24424,19921875;7,0;Bom Retiro do Sul
140,97721979148812;404992,64639599115;6718405,170296354;7,0;24424,203125;7,0;Bom Retiro do Sul
141,0058568346893;404992,64639599115;6718376,533253153;7,0;24424,205078125;7,0;Bom Retiro do Sul
141,0344938778905;404992,64639599115;6718347,8962099515;7,0;24424,205078125;7,0;Bom Retiro do Sul
141,06313092109167;404992,64639599115;6718319,259166751;7,0;24424,205078125;7,0;Bom Retiro do Sul
141,09176796429287;404992,64639599115;6718290,62212355;7,0;24424,20703125;7,0;Bom Retiro do Sul
